learner_id,learner_type,attempt,score,proficiency,confidence
0,Improving,1,51.5236,51.5236,0.2
0,Improving,2,47.1685,48.0395,0.4
0,Improving,3,58.4891,55.0059,0.6
0,Improving,4,61.8081,58.8929,0.8
0,Improving,5,49.7185,54.3057,1.0
0,Improving,6,55.3312,54.7615,1.0
0,Improving,7,64.8497,59.2451,1.0
0,Improving,8,64.9977,61.8019,1.0
0,Improving,9,68.8634,64.9403,1.0
0,Improving,10,67.0506,65.8782,1.0
0,Improving,11,78.0812,71.3018,1.0
0,Improving,12,79.9416,75.1417,1.0
0,Improving,13,78.7512,76.7459,1.0
0,Improving,14,86.4257,81.048,1.0
0,Improving,15,85.4954,83.0247,1.0
0,Improving,16,81.2299,82.227,1.0
0,Improving,17,89.7385,85.5654,1.0
0,Improving,18,85.4687,85.5225,1.0
0,Improving,19,97.0238,90.6342,1.0
0,Improving,20,94.7504,92.4636,1.0
1,Improving,1,49.0757,49.0757,0.2
1,Improving,2,48.9638,48.9862,0.4
1,Improving,3,60.8495,56.8951,0.6
1,Improving,4,56.3326,56.5737,0.8
1,Improving,5,57.332,56.9529,1.0
1,Improving,6,60.0814,58.3433,1.0
1,Improving,7,66.8721,62.1339,1.0
1,Improving,8,68.4062,64.9216,1.0
1,Improving,9,71.011,67.628,1.0
1,Improving,10,73.4699,70.2244,1.0
1,Improving,11,84.3924,76.5213,1.0
1,Improving,12,74.0206,75.4099,1.0
1,Improving,13,75.8598,75.6099,1.0
1,Improving,14,76.7206,76.1035,1.0
1,Improving,15,86.2378,80.6076,1.0
1,Improving,16,91.1712,85.3025,1.0
1,Improving,17,87.325,86.2014,1.0
1,Improving,18,86.0624,86.1396,1.0
1,Improving,19,88.5092,87.1928,1.0
1,Improving,20,98.253,92.1084,1.0
2,Improving,1,53.7163,53.7163,0.2
2,Improving,2,55.0842,54.8106,0.4
2,Improving,3,51.4093,52.5431,0.6
2,Improving,4,58.2661,55.8134,0.8
2,Improving,5,60.0571,57.9352,1.0
2,Improving,6,62.9355,60.1576,1.0
2,Improving,7,68.5677,63.8954,1.0
2,Improving,8,67.6969,65.585,1.0
2,Improving,9,72.3419,68.5881,1.0
2,Improving,10,71.6537,69.9506,1.0
2,Improving,11,75.1298,72.2524,1.0
2,Improving,12,79.2091,75.3443,1.0
2,Improving,13,71.1353,73.4736,1.0
2,Improving,14,79.1911,76.0147,1.0
2,Improving,15,80.806,78.1442,1.0
2,Improving,16,82.3319,80.0054,1.0
2,Improving,17,86.519,82.9003,1.0
2,Improving,18,97.7379,89.4948,1.0
2,Improving,19,88.3024,88.9649,1.0
2,Improving,20,99.8414,93.7989,1.0
3,Improving,1,41.5857,41.5857,0.2
3,Improving,2,50.694,48.8723,0.4
3,Improving,3,55.5506,53.3245,0.6
3,Improving,4,60.0364,57.1599,0.8
3,Improving,5,63.0298,60.0948,1.0
3,Improving,6,65.8088,62.6344,1.0
3,Improving,7,62.4669,62.56,1.0
3,Improving,8,64.2672,63.3187,1.0
3,Improving,9,73.2372,67.727,1.0
3,Improving,10,70.3593,68.8969,1.0
3,Improving,11,67.3058,68.1897,1.0
3,Improving,12,70.3862,69.1659,1.0
3,Improving,13,73.8238,71.2361,1.0
3,Improving,14,83.2753,76.5868,1.0
3,Improving,15,83.87,79.8238,1.0
3,Improving,16,88.9787,83.8927,1.0
3,Improving,17,85.7585,84.7219,1.0
3,Improving,18,91.0559,87.537,1.0
3,Improving,19,95.7595,91.1915,1.0
3,Improving,20,93.4533,92.1967,1.0
4,Improving,1,52.2839,52.2839,0.2
4,Improving,2,49.0588,49.7038,0.4
4,Improving,3,52.9216,51.849,0.6
4,Improving,4,55.1966,53.7619,0.8
4,Improving,5,53.4945,53.6282,1.0
4,Improving,6,64.277,58.361,1.0
4,Improving,7,61.8635,59.9177,1.0
4,Improving,8,66.6414,62.906,1.0
4,Improving,9,71.3511,66.6594,1.0
4,Improving,10,73.5484,69.7212,1.0
4,Improving,11,77.0111,72.9612,1.0
4,Improving,12,75.5602,74.1163,1.0
4,Improving,13,76.3046,75.0889,1.0
4,Improving,14,80.3909,77.4453,1.0
4,Improving,15,74.7212,76.2346,1.0
4,Improving,16,78.2908,77.1484,1.0
4,Improving,17,81.2812,78.9852,1.0
4,Improving,18,85.2769,81.7815,1.0
4,Improving,19,94.6305,87.4922,1.0
4,Improving,20,90.4726,88.8168,1.0
5,Improving,1,48.1092,48.1092,0.2
5,Improving,2,58.8646,56.7135,0.4
5,Improving,3,52.9555,54.2082,0.6
5,Improving,4,60.7928,57.9708,0.8
5,Improving,5,54.8056,56.3882,1.0
5,Improving,6,60.8149,58.3556,1.0
5,Improving,7,59.4604,58.8467,1.0
5,Improving,8,64.8838,61.5298,1.0
5,Improving,9,73.1489,66.6939,1.0
5,Improving,10,62.6792,64.9096,1.0
5,Improving,11,75.8563,69.7748,1.0
5,Improving,12,77.2413,73.0932,1.0
5,Improving,13,75.4503,74.1408,1.0
5,Improving,14,73.5592,73.8823,1.0
5,Improving,15,83.5185,78.1651,1.0
5,Improving,16,82.8789,80.2601,1.0
5,Improving,17,89.0581,84.1703,1.0
5,Improving,18,90.3724,86.9268,1.0
5,Improving,19,100.0,92.7371,1.0
5,Improving,20,93.8032,93.2109,1.0
6,Improving,1,44.8825,44.8825,0.2
6,Improving,2,53.2648,51.5883,0.4
6,Improving,3,55.8368,54.4207,0.6
6,Improving,4,63.9012,59.8381,0.8
6,Improving,5,63.6492,61.7437,1.0
6,Improving,6,63.6265,62.5805,1.0
6,Improving,7,71.527,66.5567,1.0
6,Improving,8,60.6351,63.9249,1.0
6,Improving,9,65.7486,64.7354,1.0
6,Improving,10,66.6829,65.601,1.0
6,Improving,11,71.7352,68.3273,1.0
6,Improving,12,69.1692,68.7015,1.0
6,Improving,13,81.5968,74.4327,1.0
6,Improving,14,79.6784,76.7641,1.0
6,Improving,15,75.8039,76.3373,1.0
6,Improving,16,80.4484,78.1645,1.0
6,Improving,17,89.4623,83.1857,1.0
6,Improving,18,94.4538,88.1938,1.0
6,Improving,19,100.0,93.441,1.0
6,Improving,20,100.0,96.3561,1.0
7,Improving,1,52.072,52.072,0.2
7,Improving,2,47.4207,48.351,0.4
7,Improving,3,44.0766,45.5014,0.6
7,Improving,4,58.4438,52.8971,0.8
7,Improving,5,55.409,54.153,1.0
7,Improving,6,59.7653,56.6474,1.0
7,Improving,7,61.15,58.6486,1.0
7,Improving,8,65.875,61.8603,1.0
7,Improving,9,74.2773,67.379,1.0
7,Improving,10,72.101,69.4777,1.0
7,Improving,11,72.891,70.9947,1.0
7,Improving,12,70.8744,70.9412,1.0
7,Improving,13,70.0476,70.5441,1.0
7,Improving,14,78.3579,74.0169,1.0
7,Improving,15,82.889,77.96,1.0
7,Improving,16,94.366,85.2516,1.0
7,Improving,17,88.5461,86.7158,1.0
7,Improving,18,95.1769,90.4763,1.0
7,Improving,19,90.1351,90.3246,1.0
7,Improving,20,89.0753,89.7694,1.0
8,Improving,1,45.1744,45.1744,0.2
8,Improving,2,48.7423,48.0287,0.4
8,Improving,3,65.3792,59.5957,0.6
8,Improving,4,52.9983,55.8258,0.8
8,Improving,5,63.6661,59.746,1.0
8,Improving,6,57.3275,58.6711,1.0
8,Improving,7,68.8684,63.2032,1.0
8,Improving,8,68.5037,65.559,1.0
8,Improving,9,68.1642,66.7168,1.0
8,Improving,10,71.112,68.6702,1.0
8,Improving,11,70.4103,69.4436,1.0
8,Improving,12,78.283,73.3722,1.0
8,Improving,13,76.1461,74.6051,1.0
8,Improving,14,74.6614,74.6301,1.0
8,Improving,15,76.7682,75.5804,1.0
8,Improving,16,86.3893,80.3843,1.0
8,Improving,17,95.7902,87.2314,1.0
8,Improving,18,91.0631,88.9344,1.0
8,Improving,19,92.0384,90.3139,1.0
8,Improving,20,96.4291,93.0318,1.0
9,Improving,1,56.53,56.53,0.2
9,Improving,2,53.4653,54.0783,0.4
9,Improving,3,52.6822,53.1476,0.6
9,Improving,4,62.6367,58.5699,0.8
9,Improving,5,61.6175,60.0937,1.0
9,Improving,6,69.5209,64.2836,1.0
9,Improving,7,65.1267,64.6583,1.0
9,Improving,8,60.4566,62.7909,1.0
9,Improving,9,62.1066,62.4867,1.0
9,Improving,10,79.5704,70.0795,1.0
9,Improving,11,82.3025,75.512,1.0
9,Improving,12,75.155,75.3533,1.0
9,Improving,13,76.5051,75.8652,1.0
9,Improving,14,88.0967,81.3014,1.0
9,Improving,15,77.6227,79.6664,1.0
9,Improving,16,81.0527,80.2825,1.0
9,Improving,17,91.1114,85.0954,1.0
9,Improving,18,88.2901,86.5153,1.0
9,Improving,19,92.606,89.2222,1.0
9,Improving,20,94.1828,91.4269,1.0
10,Improving,1,51.6879,51.6879,0.2
10,Improving,2,59.4058,57.8622,0.4
10,Improving,3,55.1898,56.0806,0.6
10,Improving,4,60.325,58.5059,0.8
10,Improving,5,49.2228,53.8644,1.0
10,Improving,6,61.5985,57.3018,1.0
10,Improving,7,59.9944,58.4985,1.0
10,Improving,8,60.4849,59.3813,1.0
10,Improving,9,64.5566,61.6815,1.0
10,Improving,10,69.6452,65.2209,1.0
10,Improving,11,78.2637,71.0177,1.0
10,Improving,12,69.4207,70.3079,1.0
10,Improving,13,78.5742,73.9818,1.0
10,Improving,14,78.3686,75.9315,1.0
10,Improving,15,81.5195,78.4151,1.0
10,Improving,16,90.5401,83.804,1.0
10,Improving,17,90.5853,86.8179,1.0
10,Improving,18,96.9501,91.3211,1.0
10,Improving,19,91.8591,91.5602,1.0
10,Improving,20,91.5203,91.5425,1.0
11,Improving,1,48.8807,48.8807,0.2
11,Improving,2,53.5809,52.6409,0.4
11,Improving,3,55.6197,54.6268,0.6
11,Improving,4,51.6833,52.9448,0.8
11,Improving,5,59.9261,56.4355,1.0
11,Improving,6,62.9832,59.3456,1.0
11,Improving,7,76.7979,67.1022,1.0
11,Improving,8,75.9632,71.0404,1.0
11,Improving,9,64.6812,68.2141,1.0
11,Improving,10,69.8789,68.954,1.0
11,Improving,11,66.367,67.8042,1.0
11,Improving,12,73.0991,70.1575,1.0
11,Improving,13,79.9991,74.5315,1.0
11,Improving,14,86.8187,79.9925,1.0
11,Improving,15,79.5125,79.7792,1.0
11,Improving,16,82.2556,80.8798,1.0
11,Improving,17,77.1583,79.2258,1.0
11,Improving,18,89.4498,83.7698,1.0
11,Improving,19,87.3195,85.3475,1.0
11,Improving,20,92.3528,88.4609,1.0
12,Improving,1,45.6157,45.6157,0.2
12,Improving,2,51.8971,50.6408,0.4
12,Improving,3,45.9482,47.5124,0.6
12,Improving,4,49.77,48.8025,0.8
12,Improving,5,70.1199,59.4612,1.0
12,Improving,6,55.405,57.6584,1.0
12,Improving,7,58.7266,58.1332,1.0
12,Improving,8,75.7635,65.9689,1.0
12,Improving,9,83.4727,73.7484,1.0
12,Improving,10,65.458,70.0637,1.0
12,Improving,11,71.843,70.8545,1.0
12,Improving,12,77.7604,73.9238,1.0
12,Improving,13,87.0645,79.7641,1.0
12,Improving,14,75.8552,78.0268,1.0
12,Improving,15,81.9315,79.7622,1.0
12,Improving,16,89.413,84.0515,1.0
12,Improving,17,90.0686,86.7257,1.0
12,Improving,18,88.3824,87.462,1.0
12,Improving,19,91.9625,89.4622,1.0
12,Improving,20,88.1255,88.8681,1.0
13,Improving,1,48.8091,48.8091,0.2
13,Improving,2,51.0365,50.591,0.4
13,Improving,3,55.8977,54.1288,0.6
13,Improving,4,54.3286,54.243,0.8
13,Improving,5,61.8314,58.0372,1.0
13,Improving,6,66.9057,61.9787,1.0
13,Improving,7,64.9877,63.316,1.0
13,Improving,8,68.3377,65.5479,1.0
13,Improving,9,69.2131,67.1769,1.0
13,Improving,10,71.3162,69.0166,1.0
13,Improving,11,70.0764,69.4876,1.0
13,Improving,12,77.6351,73.1087,1.0
13,Improving,13,77.9346,75.2536,1.0
13,Improving,14,91.2553,82.3655,1.0
13,Improving,15,91.0247,86.214,1.0
13,Improving,16,87.4555,86.7658,1.0
13,Improving,17,84.0795,85.5719,1.0
13,Improving,18,84.7011,85.1849,1.0
13,Improving,19,98.5873,91.1415,1.0
13,Improving,20,96.3137,93.4403,1.0
14,Improving,1,52.4007,52.4007,0.2
14,Improving,2,43.6455,45.3965,0.4
14,Improving,3,59.374,54.7149,0.6
14,Improving,4,59.3774,57.3792,0.8
14,Improving,5,53.9215,55.6503,1.0
14,Improving,6,59.4845,57.3544,1.0
14,Improving,7,65.5291,60.9876,1.0
14,Improving,8,66.8413,63.5892,1.0
14,Improving,9,67.4865,65.3214,1.0
14,Improving,10,70.7983,67.7556,1.0
14,Improving,11,72.4243,69.8306,1.0
14,Improving,12,76.8154,72.935,1.0
14,Improving,13,85.7785,78.6432,1.0
14,Improving,14,67.9562,73.8934,1.0
14,Improving,15,81.9736,77.4846,1.0
14,Improving,16,86.4089,81.451,1.0
14,Improving,17,89.3747,84.9726,1.0
14,Improving,18,88.4036,86.4975,1.0
14,Improving,19,83.848,85.3199,1.0
14,Improving,20,96.64,90.3511,1.0
15,Improving,1,58.6368,58.6368,0.2
15,Improving,2,44.6991,47.4866,0.4
15,Improving,3,59.056,55.1995,0.6
15,Improving,4,55.4626,55.3499,0.8
15,Improving,5,59.1671,57.2585,1.0
15,Improving,6,56.5776,56.9559,1.0
15,Improving,7,62.5382,59.4369,1.0
15,Improving,8,73.0792,65.5001,1.0
15,Improving,9,71.8606,68.327,1.0
15,Improving,10,79.9773,73.505,1.0
15,Improving,11,79.5713,76.2011,1.0
15,Improving,12,78.2481,77.1109,1.0
15,Improving,13,87.1407,81.5686,1.0
15,Improving,14,82.9844,82.1978,1.0
15,Improving,15,87.2978,84.4645,1.0
15,Improving,16,84.0435,84.2774,1.0
15,Improving,17,88.2275,86.033,1.0
15,Improving,18,86.776,86.3632,1.0
15,Improving,19,97.5795,91.3482,1.0
15,Improving,20,89.1085,90.3528,1.0
16,Improving,1,53.9118,53.9118,0.2
16,Improving,2,51.4152,51.9145,0.4
16,Improving,3,60.5931,57.7002,0.6
16,Improving,4,60.8596,59.5056,0.8
16,Improving,5,68.5769,64.0412,1.0
16,Improving,6,65.496,64.6878,1.0
16,Improving,7,56.3503,60.9823,1.0
16,Improving,8,66.2442,63.3209,1.0
16,Improving,9,63.0873,63.2171,1.0
16,Improving,10,68.7244,65.6648,1.0
16,Improving,11,81.2404,72.5873,1.0
16,Improving,12,79.2403,75.5442,1.0
16,Improving,13,74.9264,75.2696,1.0
16,Improving,14,75.7209,75.4702,1.0
16,Improving,15,83.3218,78.9598,1.0
16,Improving,16,79.4435,79.1748,1.0
16,Improving,17,84.539,81.5589,1.0
16,Improving,18,91.8232,86.1208,1.0
16,Improving,19,98.4081,91.5818,1.0
16,Improving,20,98.0438,94.4538,1.0
17,Improving,1,38.5436,38.5436,0.2
17,Improving,2,53.8903,50.8209,0.4
17,Improving,3,55.097,53.6716,0.6
17,Improving,4,59.1747,56.8163,0.8
17,Improving,5,67.5547,62.1855,1.0
17,Improving,6,51.5259,57.4479,1.0
17,Improving,7,61.255,59.14,1.0
17,Improving,8,69.5335,63.7593,1.0
17,Improving,9,61.0394,62.5505,1.0
17,Improving,10,78.6955,69.726,1.0
17,Improving,11,75.526,72.3038,1.0
17,Improving,12,80.2856,75.8512,1.0
17,Improving,13,75.5663,75.7246,1.0
17,Improving,14,84.8583,79.784,1.0
17,Improving,15,88.5003,83.6579,1.0
17,Improving,16,86.6907,85.0058,1.0
17,Improving,17,89.0667,86.8107,1.0
17,Improving,18,91.6149,88.9459,1.0
17,Improving,19,88.3149,88.6654,1.0
17,Improving,20,94.2624,91.1529,1.0
18,Improving,1,49.2374,49.2374,0.2
18,Improving,2,54.2854,53.2758,0.4
18,Improving,3,59.736,57.5826,0.6
18,Improving,4,51.8126,54.2854,0.8
18,Improving,5,58.8486,56.567,1.0
18,Improving,6,69.2494,62.2036,1.0
18,Improving,7,60.4926,61.4432,1.0
18,Improving,8,62.4677,61.8985,1.0
18,Improving,9,69.9589,65.4809,1.0
18,Improving,10,75.5377,69.9506,1.0
18,Improving,11,73.7413,71.6354,1.0
18,Improving,12,82.6974,76.5518,1.0
18,Improving,13,82.705,79.2866,1.0
18,Improving,14,84.9986,81.8252,1.0
18,Improving,15,85.9285,83.6489,1.0
18,Improving,16,97.1646,89.6559,1.0
18,Improving,17,86.8689,88.4172,1.0
18,Improving,18,80.2455,84.7854,1.0
18,Improving,19,100.0,91.5474,1.0
18,Improving,20,92.7115,92.0648,1.0
19,Improving,1,50.5394,50.5394,0.2
19,Improving,2,58.9162,57.2408,0.4
19,Improving,3,46.7255,50.2306,0.6
19,Improving,4,50.847,50.5829,0.8
19,Improving,5,51.4673,51.0251,1.0
19,Improving,6,57.8714,54.0679,1.0
19,Improving,7,66.4087,59.5527,1.0
19,Improving,8,69.1999,63.8403,1.0
19,Improving,9,70.3287,66.7241,1.0
19,Improving,10,64.252,65.6254,1.0
19,Improving,11,62.1337,64.0735,1.0
19,Improving,12,76.3244,69.5183,1.0
19,Improving,13,76.0622,72.4267,1.0
19,Improving,14,83.0864,77.1644,1.0
19,Improving,15,86.6677,81.388,1.0
19,Improving,16,86.2175,83.5345,1.0
19,Improving,17,91.6954,87.1616,1.0
19,Improving,18,91.4092,89.0494,1.0
19,Improving,19,95.2819,91.8194,1.0
19,Improving,20,91.4766,91.6671,1.0
20,Improving,1,49.1019,49.1019,0.2
20,Improving,2,53.3523,52.5022,0.4
20,Improving,3,58.8395,56.7271,0.6
20,Improving,4,55.1366,55.8182,0.8
20,Improving,5,62.0795,58.9489,1.0
20,Improving,6,60.5129,59.644,1.0
20,Improving,7,63.6228,61.4124,1.0
20,Improving,8,70.7265,65.552,1.0
20,Improving,9,58.9821,62.632,1.0
20,Improving,10,64.8334,63.6104,1.0
20,Improving,11,66.2733,64.7939,1.0
20,Improving,12,64.3846,64.612,1.0
20,Improving,13,75.0297,69.2421,1.0
20,Improving,14,84.5366,76.0397,1.0
20,Improving,15,81.7335,78.5702,1.0
20,Improving,16,86.5153,82.1014,1.0
20,Improving,17,93.3408,87.0967,1.0
20,Improving,18,96.9016,91.4544,1.0
20,Improving,19,92.2859,91.824,1.0
20,Improving,20,100.0,95.4578,1.0
21,Improving,1,50.4606,50.4606,0.2
21,Improving,2,48.1814,48.6373,0.4
21,Improving,3,51.7648,50.7223,0.6
21,Improving,4,49.7026,50.1396,0.8
21,Improving,5,55.033,52.5863,1.0
21,Improving,6,60.052,55.9044,1.0
21,Improving,7,68.2285,61.3818,1.0
21,Improving,8,75.1828,67.5156,1.0
21,Improving,9,62.0365,65.0804,1.0
21,Improving,10,73.2799,68.7246,1.0
21,Improving,11,68.4815,68.6166,1.0
21,Improving,12,78.4261,72.9764,1.0
21,Improving,13,77.7656,75.1049,1.0
21,Improving,14,71.6349,73.5627,1.0
21,Improving,15,87.7994,79.8901,1.0
21,Improving,16,82.5013,81.0506,1.0
21,Improving,17,85.2252,82.906,1.0
21,Improving,18,84.9144,83.7986,1.0
21,Improving,19,89.3602,86.2704,1.0
21,Improving,20,97.1395,91.1011,1.0
22,Improving,1,49.0538,49.0538,0.2
22,Improving,2,54.0117,53.0201,0.4
22,Improving,3,56.5465,55.371,0.6
22,Improving,4,63.7086,60.1353,0.8
22,Improving,5,57.7598,58.9475,1.0
22,Improving,6,54.4578,56.9521,1.0
22,Improving,7,69.5466,62.5497,1.0
22,Improving,8,64.9215,63.6038,1.0
22,Improving,9,74.5203,68.4556,1.0
22,Improving,10,73.2327,70.5787,1.0
22,Improving,11,73.0285,71.6675,1.0
22,Improving,12,77.7965,74.3915,1.0
22,Improving,13,88.1761,80.518,1.0
22,Improving,14,91.1744,85.2542,1.0
22,Improving,15,83.5048,84.4767,1.0
22,Improving,16,86.3273,85.2992,1.0
22,Improving,17,93.2759,88.8444,1.0
22,Improving,18,86.0349,87.5957,1.0
22,Improving,19,94.2969,90.574,1.0
22,Improving,20,94.8707,92.4837,1.0
23,Improving,1,51.5695,51.5695,0.2
23,Improving,2,48.2016,48.8752,0.4
23,Improving,3,46.789,47.4844,0.6
23,Improving,4,46.7403,47.0592,0.8
23,Improving,5,53.8868,50.473,1.0
23,Improving,6,59.5487,54.5067,1.0
23,Improving,7,62.7446,58.1679,1.0
23,Improving,8,76.2651,66.2111,1.0
23,Improving,9,74.4773,69.885,1.0
23,Improving,10,66.5053,68.3829,1.0
23,Improving,11,75.4228,71.5117,1.0
23,Improving,12,74.0172,72.6253,1.0
23,Improving,13,76.9992,74.5693,1.0
23,Improving,14,81.7161,77.7456,1.0
23,Improving,15,86.2538,81.527,1.0
23,Improving,16,83.83,82.5506,1.0
23,Improving,17,93.214,87.2899,1.0
23,Improving,18,84.5535,86.0737,1.0
23,Improving,19,92.6633,89.0024,1.0
23,Improving,20,100.0,93.8902,1.0
24,Improving,1,51.1154,51.1154,0.2
24,Improving,2,59.5345,57.8507,0.4
24,Improving,3,55.1944,56.0799,0.6
24,Improving,4,60.0091,58.3252,0.8
24,Improving,5,59.1898,58.7575,1.0
24,Improving,6,60.9901,59.7497,1.0
24,Improving,7,60.3131,60.0001,1.0
24,Improving,8,68.7305,63.8803,1.0
24,Improving,9,64.6897,64.24,1.0
24,Improving,10,74.6437,68.8639,1.0
24,Improving,11,79.1106,73.418,1.0
24,Improving,12,77.8853,75.4035,1.0
24,Improving,13,76.9898,76.1085,1.0
24,Improving,14,83.0593,79.1977,1.0
24,Improving,15,81.6145,80.2719,1.0
24,Improving,16,90.2041,84.6862,1.0
24,Improving,17,78.7377,82.0424,1.0
24,Improving,18,88.5851,84.9503,1.0
24,Improving,19,82.6775,83.9402,1.0
24,Improving,20,87.5247,85.5333,1.0
25,Improving,1,56.8193,56.8193,0.2
25,Improving,2,56.8443,56.8393,0.4
25,Improving,3,51.1394,53.0394,0.6
25,Improving,4,49.5927,51.0699,0.8
25,Improving,5,44.651,47.8605,1.0
25,Improving,6,59.1246,52.8668,1.0
25,Improving,7,76.3126,63.2871,1.0
25,Improving,8,68.7534,65.7166,1.0
25,Improving,9,66.1495,65.909,1.0
25,Improving,10,73.6412,69.3455,1.0
25,Improving,11,65.8794,67.805,1.0
25,Improving,12,74.566,70.8099,1.0
25,Improving,13,78.9184,74.4137,1.0
25,Improving,14,80.359,77.056,1.0
25,Improving,15,87.1119,81.5253,1.0
25,Improving,16,87.2495,84.0694,1.0
25,Improving,17,91.2364,87.2547,1.0
25,Improving,18,86.8213,87.0621,1.0
25,Improving,19,97.1207,91.5326,1.0
25,Improving,20,100.0,95.2959,1.0
26,Improving,1,45.1493,45.1493,0.2
26,Improving,2,47.9299,47.3738,0.4
26,Improving,3,61.4158,56.7351,0.6
26,Improving,4,56.1485,56.3999,0.8
26,Improving,5,66.4928,61.4464,1.0
26,Improving,6,59.6294,60.6388,1.0
26,Improving,7,71.4858,65.4597,1.0
26,Improving,8,67.2364,66.2493,1.0
26,Improving,9,70.2385,68.0223,1.0
26,Improving,10,79.1394,72.9632,1.0
26,Improving,11,71.8754,72.4797,1.0
26,Improving,12,71.347,71.9763,1.0
26,Improving,13,76.1782,73.8438,1.0
26,Improving,14,83.0511,77.936,1.0
26,Improving,15,75.3291,76.7774,1.0
26,Improving,16,88.7137,82.0824,1.0
26,Improving,17,85.2009,83.4684,1.0
26,Improving,18,96.0022,89.039,1.0
26,Improving,19,80.6603,85.3151,1.0
26,Improving,20,91.0672,87.8716,1.0
27,Improving,1,41.5677,41.5677,0.2
27,Improving,2,48.2373,46.9034,0.4
27,Improving,3,55.9752,52.9512,0.6
27,Improving,4,56.2091,54.8129,0.8
27,Improving,5,58.2068,56.5098,1.0
27,Improving,6,61.0462,58.526,1.0
27,Improving,7,65.2275,61.5044,1.0
27,Improving,8,61.5363,61.5186,1.0
27,Improving,9,72.4816,66.391,1.0
27,Improving,10,74.6291,70.0524,1.0
27,Improving,11,75.6094,72.5222,1.0
27,Improving,12,78.8353,75.328,1.0
27,Improving,13,79.9031,77.3614,1.0
27,Improving,14,90.9648,83.4074,1.0
27,Improving,15,82.7224,83.103,1.0
27,Improving,16,83.9909,83.4976,1.0
27,Improving,17,84.1271,83.7774,1.0
27,Improving,18,85.1018,84.366,1.0
27,Improving,19,86.4092,85.2741,1.0
27,Improving,20,90.556,87.6216,1.0
28,Improving,1,49.6466,49.6466,0.2
28,Improving,2,54.0399,53.1612,0.4
28,Improving,3,54.9926,54.3821,0.6
28,Improving,4,53.2776,53.751,0.8
28,Improving,5,63.9746,58.8628,1.0
28,Improving,6,65.5392,61.8301,1.0
28,Improving,7,63.4123,62.5333,1.0
28,Improving,8,63.3144,62.8804,1.0
28,Improving,9,71.6895,66.7956,1.0
28,Improving,10,72.2557,69.2223,1.0
28,Improving,11,66.4436,67.9873,1.0
28,Improving,12,75.7127,71.4208,1.0
28,Improving,13,79.7312,75.1143,1.0
28,Improving,14,76.291,75.6373,1.0
28,Improving,15,84.1071,79.4017,1.0
28,Improving,16,78.2522,78.8908,1.0
28,Improving,17,94.5757,85.8618,1.0
28,Improving,18,96.5029,90.5912,1.0
28,Improving,19,91.369,90.9369,1.0
28,Improving,20,96.8173,93.5504,1.0
29,Improving,1,37.9504,37.9504,0.2
29,Improving,2,46.5867,44.8594,0.4
29,Improving,3,53.2679,50.4651,0.6
29,Improving,4,51.7446,51.1962,0.8
29,Improving,5,63.0457,57.121,1.0
29,Improving,6,71.8286,63.6577,1.0
29,Improving,7,58.3275,61.2887,1.0
29,Improving,8,62.3916,61.7789,1.0
29,Improving,9,70.1246,65.4881,1.0
29,Improving,10,79.3714,71.6584,1.0
29,Improving,11,67.5723,69.8424,1.0
29,Improving,12,77.2978,73.1559,1.0
29,Improving,13,87.5275,79.5433,1.0
29,Improving,14,72.5307,76.4266,1.0
29,Improving,15,76.7525,76.5715,1.0
29,Improving,16,83.4083,79.61,1.0
29,Improving,17,85.2918,82.1353,1.0
29,Improving,18,94.3262,87.5534,1.0
29,Improving,19,93.8399,90.3474,1.0
29,Improving,20,86.1252,88.4709,1.0
30,Improving,1,52.5771,52.5771,0.2
30,Improving,2,49.4807,50.1,0.4
30,Improving,3,61.1091,57.4394,0.6
30,Improving,4,53.9673,55.4553,0.8
30,Improving,5,56.2906,55.873,1.0
30,Improving,6,64.5478,59.7284,1.0
30,Improving,7,68.0252,63.4159,1.0
30,Improving,8,68.8194,65.8175,1.0
30,Improving,9,60.5194,63.4628,1.0
30,Improving,10,74.006,68.1486,1.0
30,Improving,11,68.5127,68.3104,1.0
30,Improving,12,77.229,72.2742,1.0
30,Improving,13,71.3024,71.8423,1.0
30,Improving,14,83.0211,76.8107,1.0
30,Improving,15,79.1249,77.8392,1.0
30,Improving,16,79.1131,78.4054,1.0
30,Improving,17,91.4638,84.2091,1.0
30,Improving,18,91.4714,87.4368,1.0
30,Improving,19,89.5617,88.3812,1.0
30,Improving,20,100.0,93.5451,1.0
31,Improving,1,47.7967,47.7967,0.2
31,Improving,2,52.529,51.5825,0.4
31,Improving,3,56.0814,54.5818,0.6
31,Improving,4,54.0069,54.2533,0.8
31,Improving,5,61.8294,58.0413,1.0
31,Improving,6,59.1748,58.5451,1.0
31,Improving,7,62.1523,60.1483,1.0
31,Improving,8,73.3922,66.0345,1.0
31,Improving,9,63.7444,65.0167,1.0
31,Improving,10,59.2519,62.4546,1.0
31,Improving,11,81.7389,71.0254,1.0
31,Improving,12,88.7993,78.9249,1.0
31,Improving,13,76.3947,77.8004,1.0
31,Improving,14,71.1053,74.8248,1.0
31,Improving,15,81.6055,77.8384,1.0
31,Improving,16,84.0952,80.6192,1.0
31,Improving,17,86.9451,83.4307,1.0
31,Improving,18,84.6962,83.9932,1.0
31,Improving,19,95.5294,89.1204,1.0
31,Improving,20,97.6225,92.8991,1.0
32,Improving,1,42.528,42.528,0.2
32,Improving,2,55.8644,53.1971,0.4
32,Improving,3,65.0003,61.0659,0.6
32,Improving,4,57.9651,59.294,0.8
32,Improving,5,57.7871,58.5405,1.0
32,Improving,6,61.1321,59.6923,1.0
32,Improving,7,67.2868,63.0677,1.0
32,Improving,8,57.9256,60.7823,1.0
32,Improving,9,69.7693,64.7765,1.0
32,Improving,10,69.3635,66.8152,1.0
32,Improving,11,82.9233,73.9744,1.0
32,Improving,12,75.1818,74.511,1.0
32,Improving,13,86.7605,79.9552,1.0
32,Improving,14,75.2708,77.8732,1.0
32,Improving,15,86.0942,81.527,1.0
32,Improving,16,87.1233,84.0142,1.0
32,Improving,17,83.5495,83.8077,1.0
32,Improving,18,91.1501,87.071,1.0
32,Improving,19,98.6942,92.2369,1.0
32,Improving,20,93.381,92.7454,1.0
33,Improving,1,41.5402,41.5402,0.2
33,Improving,2,52.2806,50.1325,0.4
33,Improving,3,50.2247,50.194,0.6
33,Improving,4,55.3936,53.1652,0.8
33,Improving,5,59.0657,56.1155,1.0
33,Improving,6,53.3138,54.8703,1.0
33,Improving,7,56.1322,55.4312,1.0
33,Improving,8,68.9893,61.457,1.0
33,Improving,9,66.3338,63.6245,1.0
33,Improving,10,58.4921,61.3434,1.0
33,Improving,11,77.6084,68.5723,1.0
33,Improving,12,77.4145,72.5022,1.0
33,Improving,13,74.8517,73.5464,1.0
33,Improving,14,74.2053,73.8392,1.0
33,Improving,15,87.3369,79.8382,1.0
33,Improving,16,87.2731,83.1426,1.0
33,Improving,17,99.8077,90.5493,1.0
33,Improving,18,92.3641,91.3559,1.0
33,Improving,19,94.5701,92.7844,1.0
33,Improving,20,94.1654,93.3982,1.0
34,Improving,1,54.0839,54.0839,0.2
34,Improving,2,55.4938,55.2119,0.4
34,Improving,3,60.9955,59.0676,0.6
34,Improving,4,54.4986,56.4568,0.8
34,Improving,5,57.2966,56.8767,1.0
34,Improving,6,59.4466,58.0189,1.0
34,Improving,7,68.1645,62.5281,1.0
34,Improving,8,74.0708,67.6582,1.0
34,Improving,9,66.6532,67.2115,1.0
34,Improving,10,69.1919,68.0917,1.0
34,Improving,11,75.2546,71.2752,1.0
34,Improving,12,74.8238,72.8524,1.0
34,Improving,13,83.1813,77.443,1.0
34,Improving,14,69.5306,73.9264,1.0
34,Improving,15,79.0244,76.1922,1.0
34,Improving,16,81.6142,78.602,1.0
34,Improving,17,76.293,77.5757,1.0
34,Improving,18,85.445,81.0732,1.0
34,Improving,19,88.0558,84.1766,1.0
34,Improving,20,93.9945,88.5401,1.0
35,Improving,1,55.5648,55.5648,0.2
35,Improving,2,51.1431,52.0275,0.4
35,Improving,3,49.5828,50.3977,0.6
35,Improving,4,56.8205,54.0679,0.8
35,Improving,5,64.7196,59.3937,1.0
35,Improving,6,56.9623,58.3131,1.0
35,Improving,7,59.6577,58.9107,1.0
35,Improving,8,69.3717,63.56,1.0
35,Improving,9,67.8397,65.4621,1.0
35,Improving,10,74.5532,69.5026,1.0
35,Improving,11,73.616,71.3308,1.0
35,Improving,12,79.5609,74.9886,1.0
35,Improving,13,73.2457,74.214,1.0
35,Improving,14,80.7291,77.1096,1.0
35,Improving,15,82.1044,79.3295,1.0
35,Improving,16,79.4469,79.3817,1.0
35,Improving,17,80.0773,79.6909,1.0
35,Improving,18,93.6919,85.9135,1.0
35,Improving,19,90.8768,88.1194,1.0
35,Improving,20,89.8886,88.9057,1.0
36,Improving,1,49.5191,49.5191,0.2
36,Improving,2,58.0085,56.3106,0.4
36,Improving,3,43.3332,47.659,0.6
36,Improving,4,49.6221,48.7807,0.8
36,Improving,5,54.8593,51.82,1.0
36,Improving,6,69.148,59.5213,1.0
36,Improving,7,65.6235,62.2334,1.0
36,Improving,8,70.4155,65.8699,1.0
36,Improving,9,63.2466,64.704,1.0
36,Improving,10,65.7181,65.1547,1.0
36,Improving,11,75.9233,69.9407,1.0
36,Improving,12,76.344,72.7866,1.0
36,Improving,13,81.1647,76.5102,1.0
36,Improving,14,79.8511,77.9951,1.0
36,Improving,15,84.5486,80.9078,1.0
36,Improving,16,86.3169,83.3118,1.0
36,Improving,17,91.7836,87.077,1.0
36,Improving,18,94.2982,90.2864,1.0
36,Improving,19,84.5322,87.729,1.0
36,Improving,20,83.7637,85.9666,1.0
37,Improving,1,55.0087,55.0087,0.2
37,Improving,2,58.307,57.6474,0.4
37,Improving,3,49.6337,52.3049,0.6
37,Improving,4,47.8061,49.7342,0.8
37,Improving,5,59.9689,54.8515,1.0
37,Improving,6,66.4963,60.027,1.0
37,Improving,7,73.1985,65.881,1.0
37,Improving,8,69.1604,67.3385,1.0
37,Improving,9,67.0888,67.2275,1.0
37,Improving,10,66.8501,67.0598,1.0
37,Improving,11,73.7415,70.0294,1.0
37,Improving,12,74.5563,72.0414,1.0
37,Improving,13,73.3457,72.6211,1.0
37,Improving,14,91.0333,80.8043,1.0
37,Improving,15,92.0837,85.8174,1.0
37,Improving,16,91.2066,88.2126,1.0
37,Improving,17,83.2905,86.025,1.0
37,Improving,18,94.5383,89.8087,1.0
37,Improving,19,95.8297,92.4847,1.0
37,Improving,20,97.2127,94.586,1.0
38,Improving,1,56.2483,56.2483,0.2
38,Improving,2,55.5453,55.6859,0.4
38,Improving,3,58.4369,57.5199,0.6
38,Improving,4,60.2898,59.1027,0.8
38,Improving,5,61.1776,60.1402,1.0
38,Improving,6,52.924,56.933,1.0
38,Improving,7,64.6286,60.3533,1.0
38,Improving,8,63.798,61.8843,1.0
38,Improving,9,62.5482,62.1793,1.0
38,Improving,10,79.7249,69.9773,1.0
38,Improving,11,82.3292,75.4671,1.0
38,Improving,12,82.8487,78.7478,1.0
38,Improving,13,79.6971,79.1697,1.0
38,Improving,14,87.5426,82.891,1.0
38,Improving,15,83.2182,83.0364,1.0
38,Improving,16,86.5403,84.5937,1.0
38,Improving,17,82.4274,83.6309,1.0
38,Improving,18,92.2481,87.4608,1.0
38,Improving,19,92.9335,89.8931,1.0
38,Improving,20,88.4867,89.268,1.0
39,Improving,1,49.744,49.744,0.2
39,Improving,2,51.9698,51.5246,0.4
39,Improving,3,63.7246,59.658,0.6
39,Improving,4,61.5763,60.7542,0.8
39,Improving,5,59.5309,60.1425,1.0
39,Improving,6,63.086,61.4508,1.0
39,Improving,7,64.4316,62.7756,1.0
39,Improving,8,65.5644,64.015,1.0
39,Improving,9,63.5352,63.8018,1.0
39,Improving,10,70.5605,66.8057,1.0
39,Improving,11,69.9537,68.2048,1.0
39,Improving,12,69.8011,68.9142,1.0
39,Improving,13,80.9772,74.2755,1.0
39,Improving,14,82.7458,78.0401,1.0
39,Improving,15,74.2244,76.3442,1.0
39,Improving,16,84.9129,80.1525,1.0
39,Improving,17,92.8732,85.8062,1.0
39,Improving,18,95.5593,90.1409,1.0
39,Improving,19,97.7608,93.5275,1.0
39,Improving,20,95.1946,94.2684,1.0
40,Improving,1,45.7748,45.7748,0.2
40,Improving,2,46.9499,46.7149,0.4
40,Improving,3,56.4599,53.2115,0.6
40,Improving,4,59.0017,56.5202,0.8
40,Improving,5,65.9103,61.2153,1.0
40,Improving,6,67.342,63.9383,1.0
40,Improving,7,63.5494,63.7654,1.0
40,Improving,8,60.3579,62.251,1.0
40,Improving,9,67.3518,64.518,1.0
40,Improving,10,72.4019,68.022,1.0
40,Improving,11,72.6738,70.0895,1.0
40,Improving,12,73.1632,71.4555,1.0
40,Improving,13,79.6855,75.1133,1.0
40,Improving,14,78.2697,76.5161,1.0
40,Improving,15,80.0176,78.0723,1.0
40,Improving,16,87.0836,82.0773,1.0
40,Improving,17,85.8848,83.7695,1.0
40,Improving,18,91.4837,87.198,1.0
40,Improving,19,93.9976,90.2201,1.0
40,Improving,20,89.3029,89.8124,1.0
41,Improving,1,47.5938,47.5938,0.2
41,Improving,2,59.5573,57.1646,0.4
41,Improving,3,48.9264,51.6725,0.6
41,Improving,4,46.522,48.7294,0.8
41,Improving,5,50.1645,49.4469,1.0
41,Improving,6,61.9877,55.0206,1.0
41,Improving,7,64.3651,59.1737,1.0
41,Improving,8,65.9909,62.2036,1.0
41,Improving,9,75.0183,67.899,1.0
41,Improving,10,57.9516,63.4779,1.0
41,Improving,11,75.6639,68.8939,1.0
41,Improving,12,83.8598,75.5454,1.0
41,Improving,13,72.7821,74.3173,1.0
41,Improving,14,78.8904,76.3498,1.0
41,Improving,15,79.3934,77.7025,1.0
41,Improving,16,81.0546,79.1923,1.0
41,Improving,17,86.2634,82.335,1.0
41,Improving,18,97.4006,89.0308,1.0
41,Improving,19,100.0,93.906,1.0
41,Improving,20,93.3203,93.6457,1.0
42,Improving,1,59.5253,59.5253,0.2
42,Improving,2,52.5463,53.9421,0.4
42,Improving,3,63.5053,60.3176,0.6
42,Improving,4,56.6388,58.2154,0.8
42,Improving,5,60.129,59.1722,1.0
42,Improving,6,63.6695,61.171,1.0
42,Improving,7,80.1048,69.586,1.0
42,Improving,8,70.8354,70.1413,1.0
42,Improving,9,65.411,68.039,1.0
42,Improving,10,76.1608,71.6487,1.0
42,Improving,11,71.875,71.7493,1.0
42,Improving,12,73.6039,72.5735,1.0
42,Improving,13,82.9641,77.1916,1.0
42,Improving,14,80.9449,78.8597,1.0
42,Improving,15,84.5508,81.3891,1.0
42,Improving,16,85.5962,83.2589,1.0
42,Improving,17,89.5777,86.0672,1.0
42,Improving,18,92.388,88.8765,1.0
42,Improving,19,82.9467,86.241,1.0
42,Improving,20,98.3329,91.6152,1.0
43,Improving,1,45.0899,45.0899,0.2
43,Improving,2,45.1569,45.1435,0.4
43,Improving,3,54.4448,51.3444,0.6
43,Improving,4,57.5252,54.8763,0.8
43,Improving,5,56.0062,55.4412,1.0
43,Improving,6,65.9973,60.1328,1.0
43,Improving,7,57.4997,58.9625,1.0
43,Improving,8,64.5442,61.4433,1.0
43,Improving,9,66.023,63.4787,1.0
43,Improving,10,71.0829,66.8583,1.0
43,Improving,11,75.0785,70.5118,1.0
43,Improving,12,71.0132,70.7346,1.0
43,Improving,13,82.0425,75.7603,1.0
43,Improving,14,81.1045,78.1355,1.0
43,Improving,15,73.6982,76.1634,1.0
43,Improving,16,75.7334,75.9722,1.0
43,Improving,17,87.8331,81.2438,1.0
43,Improving,18,89.1583,84.7613,1.0
43,Improving,19,92.1145,88.0294,1.0
43,Improving,20,94.8601,91.0653,1.0
44,Improving,1,51.1278,51.1278,0.2
44,Improving,2,57.1067,55.9109,0.4
44,Improving,3,49.1813,51.4245,0.6
44,Improving,4,51.2454,51.3222,0.8
44,Improving,5,54.0071,52.6646,1.0
44,Improving,6,63.2867,57.3855,1.0
44,Improving,7,70.4353,63.1854,1.0
44,Improving,8,64.4223,63.7351,1.0
44,Improving,9,56.4389,60.4923,1.0
44,Improving,10,62.7958,61.5161,1.0
44,Improving,11,69.519,65.073,1.0
44,Improving,12,73.264,68.7134,1.0
44,Improving,13,76.3791,72.1204,1.0
44,Improving,14,80.9824,76.0591,1.0
44,Improving,15,81.5992,78.5213,1.0
44,Improving,16,90.773,83.9665,1.0
44,Improving,17,84.5147,84.2101,1.0
44,Improving,18,85.9516,84.9841,1.0
44,Improving,19,95.026,89.4471,1.0
44,Improving,20,87.3218,88.5025,1.0
45,Improving,1,51.9485,51.9485,0.2
45,Improving,2,52.8812,52.6946,0.4
45,Improving,3,53.9996,53.5646,0.6
45,Improving,4,65.0466,60.1258,0.8
45,Improving,5,56.3626,58.2442,1.0
45,Improving,6,72.1436,64.4217,1.0
45,Improving,7,63.0834,63.8269,1.0
45,Improving,8,60.1939,62.2122,1.0
45,Improving,9,69.297,65.361,1.0
45,Improving,10,65.9346,65.6159,1.0
45,Improving,11,69.9254,67.5313,1.0
45,Improving,12,78.0378,72.2008,1.0
45,Improving,13,81.199,76.2,1.0
45,Improving,14,77.6786,76.8572,1.0
45,Improving,15,88.0949,81.8517,1.0
45,Improving,16,91.3139,86.0571,1.0
45,Improving,17,95.0762,90.0656,1.0
45,Improving,18,92.9102,91.3299,1.0
45,Improving,19,99.4487,94.9383,1.0
45,Improving,20,85.596,90.7861,1.0
46,Improving,1,48.4105,48.4105,0.2
46,Improving,2,48.0334,48.1088,0.4
46,Improving,3,55.333,52.9249,0.6
46,Improving,4,54.248,53.681,0.8
46,Improving,5,58.6429,56.1619,1.0
46,Improving,6,71.253,62.8691,1.0
46,Improving,7,63.3619,63.0881,1.0
46,Improving,8,68.6479,65.5591,1.0
46,Improving,9,67.786,66.5489,1.0
46,Improving,10,71.6944,68.8357,1.0
46,Improving,11,73.7143,71.004,1.0
46,Improving,12,78.2943,74.2441,1.0
46,Improving,13,84.2476,78.6901,1.0
46,Improving,14,89.0264,83.284,1.0
46,Improving,15,84.706,83.916,1.0
46,Improving,16,88.4741,85.9418,1.0
46,Improving,17,82.1404,84.2523,1.0
46,Improving,18,89.8238,86.7285,1.0
46,Improving,19,97.333,91.4416,1.0
46,Improving,20,99.3298,94.9475,1.0
47,Improving,1,51.058,51.058,0.2
47,Improving,2,56.8004,55.6519,0.4
47,Improving,3,57.1907,56.6778,0.6
47,Improving,4,63.1068,60.3515,0.8
47,Improving,5,60.9205,60.636,1.0
47,Improving,6,60.0636,60.3816,1.0
47,Improving,7,65.8897,62.8297,1.0
47,Improving,8,51.926,57.9836,1.0
47,Improving,9,70.8618,63.7072,1.0
47,Improving,10,53.0737,58.9812,1.0
47,Improving,11,65.0669,61.686,1.0
47,Improving,12,78.3115,69.0751,1.0
47,Improving,13,80.8087,74.29,1.0
47,Improving,14,74.9773,74.5955,1.0
47,Improving,15,79.5974,76.8186,1.0
47,Improving,16,92.379,83.7343,1.0
47,Improving,17,85.4746,84.5078,1.0
47,Improving,18,100.0,91.3932,1.0
47,Improving,19,92.622,91.9393,1.0
47,Improving,20,97.0402,94.2064,1.0
48,Improving,1,58.0844,58.0844,0.2
48,Improving,2,53.0236,54.0357,0.4
48,Improving,3,49.7251,51.162,0.6
48,Improving,4,56.5566,54.2446,0.8
48,Improving,5,59.2956,56.7701,1.0
48,Improving,6,55.0184,55.9916,1.0
48,Improving,7,62.9314,59.0759,1.0
48,Improving,8,62.868,60.7613,1.0
48,Improving,9,73.5692,66.4537,1.0
48,Improving,10,71.4888,68.6915,1.0
48,Improving,11,72.2702,70.2821,1.0
48,Improving,12,75.5217,72.6108,1.0
48,Improving,13,79.5367,75.689,1.0
48,Improving,14,83.8735,79.3266,1.0
48,Improving,15,78.1593,78.8078,1.0
48,Improving,16,80.3184,79.4792,1.0
48,Improving,17,93.4181,85.6743,1.0
48,Improving,18,88.2015,86.7975,1.0
48,Improving,19,85.5474,86.2419,1.0
48,Improving,20,97.2191,91.1206,1.0
49,Improving,1,52.3168,52.3168,0.2
49,Improving,2,44.7148,46.2352,0.4
49,Improving,3,55.8843,52.6679,0.6
49,Improving,4,60.7832,57.3052,0.8
49,Improving,5,61.3456,59.3254,1.0
49,Improving,6,65.002,61.8483,1.0
49,Improving,7,57.1892,59.7776,1.0
49,Improving,8,68.2341,63.5361,1.0
49,Improving,9,67.4343,65.2686,1.0
49,Improving,10,68.9018,66.8834,1.0
49,Improving,11,78.037,71.8405,1.0
49,Improving,12,83.449,76.9999,1.0
49,Improving,13,87.3929,81.619,1.0
49,Improving,14,87.3635,84.1721,1.0
49,Improving,15,82.6092,83.4775,1.0
49,Improving,16,87.2899,85.1719,1.0
49,Improving,17,91.7289,88.0861,1.0
49,Improving,18,90.869,89.323,1.0
49,Improving,19,93.2854,91.084,1.0
49,Improving,20,99.1188,94.655,1.0
50,Improving,1,49.7036,49.7036,0.2
50,Improving,2,48.722,48.9183,0.4
50,Improving,3,52.6645,51.4158,0.6
50,Improving,4,60.2748,56.4781,0.8
50,Improving,5,59.4887,57.9834,1.0
50,Improving,6,63.5432,60.4544,1.0
50,Improving,7,67.5609,63.6128,1.0
50,Improving,8,64.7047,64.0981,1.0
50,Improving,9,72.7286,67.9339,1.0
50,Improving,10,73.21,70.2788,1.0
50,Improving,11,67.5101,69.0483,1.0
50,Improving,12,83.2642,75.3665,1.0
50,Improving,13,75.9173,75.6113,1.0
50,Improving,14,72.514,74.2347,1.0
50,Improving,15,77.9327,75.8783,1.0
50,Improving,16,80.4211,77.8973,1.0
50,Improving,17,88.1556,82.4565,1.0
50,Improving,18,88.8939,85.3176,1.0
50,Improving,19,90.9474,87.8197,1.0
50,Improving,20,98.0985,92.3881,1.0
51,Improving,1,51.6994,51.6994,0.2
51,Improving,2,53.9487,53.4988,0.4
51,Improving,3,56.786,55.6903,0.6
51,Improving,4,60.1859,58.2592,0.8
51,Improving,5,48.9339,53.5966,1.0
51,Improving,6,60.0199,56.4514,1.0
51,Improving,7,53.3095,55.055,1.0
51,Improving,8,66.7592,60.2569,1.0
51,Improving,9,68.9242,64.109,1.0
51,Improving,10,76.5435,69.6354,1.0
51,Improving,11,79.6224,74.0741,1.0
51,Improving,12,77.0665,75.404,1.0
51,Improving,13,75.9192,75.633,1.0
51,Improving,14,83.2153,79.0029,1.0
51,Improving,15,80.5183,79.6764,1.0
51,Improving,16,85.5194,82.2733,1.0
51,Improving,17,92.8254,86.9631,1.0
51,Improving,18,87.4743,87.1903,1.0
51,Improving,19,96.66,91.399,1.0
51,Improving,20,98.387,94.5048,1.0
52,Improving,1,45.226,45.226,0.2
52,Improving,2,57.2379,54.8355,0.4
52,Improving,3,58.2297,57.0983,0.6
52,Improving,4,57.6149,57.3935,0.8
52,Improving,5,55.6621,56.5278,1.0
52,Improving,6,57.5461,56.9804,1.0
52,Improving,7,61.5222,58.999,1.0
52,Improving,8,69.2919,63.5736,1.0
52,Improving,9,64.1692,63.8383,1.0
52,Improving,10,73.5034,68.1339,1.0
52,Improving,11,67.4754,67.8412,1.0
52,Improving,12,75.0323,71.0373,1.0
52,Improving,13,78.9693,74.5626,1.0
52,Improving,14,93.0151,82.7637,1.0
52,Improving,15,76.2713,79.8782,1.0
52,Improving,16,92.8864,85.6596,1.0
52,Improving,17,88.6439,86.986,1.0
52,Improving,18,92.319,89.3562,1.0
52,Improving,19,93.2233,91.0749,1.0
52,Improving,20,97.2236,93.8077,1.0
53,Improving,1,49.2316,49.2316,0.2
53,Improving,2,59.6387,57.5573,0.4
53,Improving,3,52.4545,54.1554,0.6
53,Improving,4,62.7664,59.076,0.8
53,Improving,5,56.2518,57.6639,1.0
53,Improving,6,61.5408,59.387,1.0
53,Improving,7,58.8507,59.1487,1.0
53,Improving,8,68.8541,63.4622,1.0
53,Improving,9,76.173,69.1114,1.0
53,Improving,10,70.929,69.9192,1.0
53,Improving,11,72.6998,71.155,1.0
53,Improving,12,70.4795,70.8548,1.0
53,Improving,13,77.2746,73.7081,1.0
53,Improving,14,72.8255,73.3158,1.0
53,Improving,15,78.5935,75.6615,1.0
53,Improving,16,86.6602,80.5498,1.0
53,Improving,17,94.4898,86.7454,1.0
53,Improving,18,100.0,92.6363,1.0
53,Improving,19,89.6987,91.3307,1.0
53,Improving,20,100.0,95.1837,1.0
54,Improving,1,51.2188,51.2188,0.2
54,Improving,2,51.6122,51.5335,0.4
54,Improving,3,56.8998,55.111,0.6
54,Improving,4,57.4148,56.4275,0.8
54,Improving,5,60.0257,58.2266,1.0
54,Improving,6,59.8004,58.9261,1.0
54,Improving,7,57.22,58.1678,1.0
54,Improving,8,58.8608,58.4758,1.0
54,Improving,9,72.2136,64.5815,1.0
54,Improving,10,69.9323,66.9596,1.0
54,Improving,11,70.7038,68.6237,1.0
54,Improving,12,76.0952,71.9443,1.0
54,Improving,13,82.3957,76.5894,1.0
54,Improving,14,81.6913,78.8569,1.0
54,Improving,15,79.8776,79.3106,1.0
54,Improving,16,91.6578,84.7982,1.0
54,Improving,17,95.7907,89.6837,1.0
54,Improving,18,92.7359,91.0403,1.0
54,Improving,19,97.4999,93.9112,1.0
54,Improving,20,100.0,96.6173,1.0
55,Improving,1,55.6505,55.6505,0.2
55,Improving,2,55.4389,55.4812,0.4
55,Improving,3,57.7286,56.9795,0.6
55,Improving,4,59.7036,58.5361,0.8
55,Improving,5,53.987,56.2615,1.0
55,Improving,6,65.3457,60.299,1.0
55,Improving,7,57.4315,59.0245,1.0
55,Improving,8,62.606,60.6163,1.0
55,Improving,9,75.4652,67.2158,1.0
55,Improving,10,75.5169,70.9052,1.0
55,Improving,11,81.1212,75.4456,1.0
55,Improving,12,74.6943,75.1117,1.0
55,Improving,13,72.6598,74.022,1.0
55,Improving,14,79.5873,76.4954,1.0
55,Improving,15,83.6681,79.6833,1.0
55,Improving,16,85.9213,82.4557,1.0
55,Improving,17,93.5631,87.3923,1.0
55,Improving,18,88.4568,87.8654,1.0
55,Improving,19,94.3918,90.766,1.0
55,Improving,20,90.0569,90.4508,1.0
56,Improving,1,52.2516,52.2516,0.2
56,Improving,2,52.384,52.3575,0.4
56,Improving,3,50.9878,51.4443,0.6
56,Improving,4,55.9261,54.0054,0.8
56,Improving,5,58.5528,56.2791,1.0
56,Improving,6,60.4913,58.1512,1.0
56,Improving,7,73.0672,64.7805,1.0
56,Improving,8,66.0867,65.3611,1.0
56,Improving,9,67.7279,66.413,1.0
56,Improving,10,60.8285,63.931,1.0
56,Improving,11,69.2132,66.2786,1.0
56,Improving,12,74.7373,70.038,1.0
56,Improving,13,74.9918,72.2397,1.0
56,Improving,14,87.698,79.1101,1.0
56,Improving,15,82.3332,80.5426,1.0
56,Improving,16,91.9685,85.6208,1.0
56,Improving,17,88.2033,86.7685,1.0
56,Improving,18,90.4493,88.4044,1.0
56,Improving,19,92.1876,90.0858,1.0
56,Improving,20,95.019,92.2783,1.0
57,Improving,1,58.594,58.594,0.2
57,Improving,2,40.7704,44.3351,0.4
57,Improving,3,44.7291,44.5978,0.6
57,Improving,4,54.3894,50.193,0.8
57,Improving,5,59.5463,54.8697,1.0
57,Improving,6,65.2926,59.5021,1.0
57,Improving,7,66.576,62.646,1.0
57,Improving,8,64.6577,63.5401,1.0
57,Improving,9,74.0426,68.2079,1.0
57,Improving,10,76.4668,71.8785,1.0
57,Improving,11,74.6045,73.0901,1.0
57,Improving,12,80.8659,76.546,1.0
57,Improving,13,79.7843,77.9852,1.0
57,Improving,14,77.9821,77.9838,1.0
57,Improving,15,86.647,81.8341,1.0
57,Improving,16,86.0794,83.7209,1.0
57,Improving,17,87.9014,85.5789,1.0
57,Improving,18,97.6279,90.934,1.0
57,Improving,19,80.3772,86.2421,1.0
57,Improving,20,87.9116,86.9841,1.0
58,Improving,1,44.0646,44.0646,0.2
58,Improving,2,50.5521,49.2546,0.4
58,Improving,3,53.4638,52.0607,0.6
58,Improving,4,49.5686,50.6367,0.8
58,Improving,5,54.5479,52.5923,1.0
58,Improving,6,57.5379,54.7903,1.0
58,Improving,7,76.4976,64.438,1.0
58,Improving,8,75.5877,69.3934,1.0
58,Improving,9,66.8886,68.2802,1.0
58,Improving,10,69.4979,68.8214,1.0
58,Improving,11,67.9382,68.4288,1.0
58,Improving,12,66.512,67.5769,1.0
58,Improving,13,77.8367,72.1368,1.0
58,Improving,14,75.8002,73.765,1.0
58,Improving,15,82.7336,77.7511,1.0
58,Improving,16,77.5253,77.6507,1.0
58,Improving,17,84.0849,80.5103,1.0
58,Improving,18,91.0063,85.1752,1.0
58,Improving,19,94.4626,89.3029,1.0
58,Improving,20,97.0874,92.7627,1.0
59,Improving,1,43.3976,43.3976,0.2
59,Improving,2,56.6418,53.993,0.4
59,Improving,3,50.7358,51.8215,0.6
59,Improving,4,60.2696,56.649,0.8
59,Improving,5,59.4205,58.0347,1.0
59,Improving,6,54.9602,56.6683,1.0
59,Improving,7,62.6295,59.3177,1.0
59,Improving,8,68.4058,63.3568,1.0
59,Improving,9,72.0122,67.2037,1.0
59,Improving,10,70.6108,68.718,1.0
59,Improving,11,81.3431,74.3291,1.0
59,Improving,12,81.0902,77.3341,1.0
59,Improving,13,77.1378,77.2468,1.0
59,Improving,14,84.5401,80.4883,1.0
59,Improving,15,92.8269,85.9721,1.0
59,Improving,16,95.3287,90.1306,1.0
59,Improving,17,81.7547,86.408,1.0
59,Improving,18,85.6305,86.0624,1.0
59,Improving,19,100.0,92.2569,1.0
59,Improving,20,89.7086,91.1243,1.0
60,Improving,1,43.3873,43.3873,0.2
60,Improving,2,49.9375,48.6274,0.4
60,Improving,3,56.838,54.1011,0.6
60,Improving,4,56.5933,55.5252,0.8
60,Improving,5,56.2209,55.873,1.0
60,Improving,6,58.471,57.0277,1.0
60,Improving,7,60.6488,58.6371,1.0
60,Improving,8,62.1814,60.2123,1.0
60,Improving,9,80.3555,69.1649,1.0
60,Improving,10,72.8033,70.782,1.0
60,Improving,11,78.118,74.0424,1.0
60,Improving,12,73.6072,73.849,1.0
60,Improving,13,77.4913,75.4678,1.0
60,Improving,14,77.2217,76.2473,1.0
60,Improving,15,69.8994,73.426,1.0
60,Improving,16,78.6363,75.7417,1.0
60,Improving,17,78.8416,77.1194,1.0
60,Improving,18,79.0142,77.9616,1.0
60,Improving,19,86.6548,81.8252,1.0
60,Improving,20,100.0,89.9029,1.0
61,Improving,1,49.7778,49.7778,0.2
61,Improving,2,58.8212,57.0126,0.4
61,Improving,3,56.7918,56.8654,0.6
61,Improving,4,61.0181,59.2383,0.8
61,Improving,5,54.9692,57.1038,1.0
61,Improving,6,64.4619,60.374,1.0
61,Improving,7,67.8541,63.6985,1.0
61,Improving,8,63.6957,63.6973,1.0
61,Improving,9,71.7451,67.2741,1.0
61,Improving,10,74.1467,70.3286,1.0
61,Improving,11,70.9364,70.5987,1.0
61,Improving,12,70.4388,70.5277,1.0
61,Improving,13,72.5004,71.4044,1.0
61,Improving,14,81.222,75.7678,1.0
61,Improving,15,84.7929,79.779,1.0
61,Improving,16,81.5637,80.5722,1.0
61,Improving,17,88.0277,83.8857,1.0
61,Improving,18,93.1158,87.988,1.0
61,Improving,19,95.7225,91.4256,1.0
61,Improving,20,100.0,95.2364,1.0
62,Improving,1,56.3849,56.3849,0.2
62,Improving,2,47.362,49.1666,0.4
62,Improving,3,63.1548,58.492,0.6
62,Improving,4,54.4504,56.1825,0.8
62,Improving,5,64.698,60.4403,1.0
62,Improving,6,62.182,61.2144,1.0
62,Improving,7,62.1498,61.6301,1.0
62,Improving,8,57.5405,59.8125,1.0
62,Improving,9,68.0895,63.4912,1.0
62,Improving,10,63.5189,63.5035,1.0
62,Improving,11,78.5207,70.1778,1.0
62,Improving,12,83.6366,76.1595,1.0
62,Improving,13,74.4365,75.3937,1.0
62,Improving,14,82.2993,78.4629,1.0
62,Improving,15,79.5309,78.9376,1.0
62,Improving,16,82.3839,80.4693,1.0
62,Improving,17,91.7672,85.4906,1.0
62,Improving,18,90.0705,87.5261,1.0
62,Improving,19,100.0,93.07,1.0
62,Improving,20,92.5888,92.8562,1.0
63,Improving,1,54.9967,54.9967,0.2
63,Improving,2,52.8555,53.2837,0.4
63,Improving,3,58.7157,56.9051,0.6
63,Improving,4,54.8695,55.7419,0.8
63,Improving,5,59.2259,57.4839,1.0
63,Improving,6,61.2646,59.1642,1.0
63,Improving,7,60.0302,59.5491,1.0
63,Improving,8,69.8894,64.1448,1.0
63,Improving,9,72.1986,67.7243,1.0
63,Improving,10,74.2836,70.6395,1.0
63,Improving,11,81.369,75.4082,1.0
63,Improving,12,83.2994,78.9154,1.0
63,Improving,13,76.5463,77.8625,1.0
63,Improving,14,82.6547,79.9924,1.0
63,Improving,15,80.0399,80.0135,1.0
63,Improving,16,85.6431,82.5155,1.0
63,Improving,17,84.896,83.5735,1.0
63,Improving,18,98.3635,90.1468,1.0
63,Improving,19,94.4501,92.0594,1.0
63,Improving,20,93.9099,92.8818,1.0
64,Improving,1,55.9681,55.9681,0.2
64,Improving,2,41.5153,44.4059,0.4
64,Improving,3,44.6663,44.5795,0.6
64,Improving,4,61.0845,54.0109,0.8
64,Improving,5,59.776,56.8935,1.0
64,Improving,6,63.0943,59.6494,1.0
64,Improving,7,57.5785,58.729,1.0
64,Improving,8,66.4628,62.1662,1.0
64,Improving,9,78.9649,69.6323,1.0
64,Improving,10,75.4368,72.2121,1.0
64,Improving,11,74.5327,73.2435,1.0
64,Improving,12,73.8574,73.5163,1.0
64,Improving,13,76.4482,74.8194,1.0
64,Improving,14,70.1435,72.7412,1.0
64,Improving,15,84.4461,77.9434,1.0
64,Improving,16,89.7537,83.1924,1.0
64,Improving,17,80.0166,81.781,1.0
64,Improving,18,86.9561,84.081,1.0
64,Improving,19,86.8443,85.3091,1.0
64,Improving,20,90.1732,87.471,1.0
65,Improving,1,50.2674,50.2674,0.2
65,Improving,2,41.9464,43.6106,0.4
65,Improving,3,57.8082,53.0757,0.6
65,Improving,4,60.8745,57.5322,0.8
65,Improving,5,58.2182,57.8752,1.0
65,Improving,6,49.4386,54.1256,1.0
65,Improving,7,59.2284,56.3935,1.0
65,Improving,8,72.7435,63.6602,1.0
65,Improving,9,55.0574,59.8367,1.0
65,Improving,10,69.5782,64.1662,1.0
65,Improving,11,67.7842,65.7742,1.0
65,Improving,12,80.0755,72.1303,1.0
65,Improving,13,75.0455,73.426,1.0
65,Improving,14,82.8092,77.5963,1.0
65,Improving,15,85.9852,81.3247,1.0
65,Improving,16,94.7074,87.2726,1.0
65,Improving,17,86.88,87.0981,1.0
65,Improving,18,92.1434,89.3405,1.0
65,Improving,19,85.2063,87.5031,1.0
65,Improving,20,100.0,93.0573,1.0
66,Improving,1,46.1975,46.1975,0.2
66,Improving,2,49.5647,48.8912,0.4
66,Improving,3,54.6256,52.7141,0.6
66,Improving,4,49.2908,50.758,0.8
66,Improving,5,60.6175,55.6878,1.0
66,Improving,6,66.6794,60.5729,1.0
66,Improving,7,65.6752,62.8406,1.0
66,Improving,8,58.6345,60.9712,1.0
66,Improving,9,68.3283,64.241,1.0
66,Improving,10,75.0259,69.0343,1.0
66,Improving,11,64.2943,66.9276,1.0
66,Improving,12,70.6788,68.5948,1.0
66,Improving,13,82.8038,74.9099,1.0
66,Improving,14,82.14,78.1233,1.0
66,Improving,15,85.2178,81.2764,1.0
66,Improving,16,94.8238,87.2974,1.0
66,Improving,17,90.2375,88.6041,1.0
66,Improving,18,93.5526,90.8035,1.0
66,Improving,19,100.0,94.8908,1.0
66,Improving,20,93.931,94.4642,1.0
67,Improving,1,46.0106,46.0106,0.2
67,Improving,2,54.5074,52.808,0.4
67,Improving,3,56.9318,55.5572,0.6
67,Improving,4,54.4717,54.9369,0.8
67,Improving,5,54.3117,54.6243,1.0
67,Improving,6,73.3913,62.9652,1.0
67,Improving,7,65.8447,64.245,1.0
67,Improving,8,62.9175,63.655,1.0
67,Improving,9,73.527,68.0426,1.0
67,Improving,10,70.7701,69.2548,1.0
67,Improving,11,72.4198,70.6615,1.0
67,Improving,12,78.864,74.307,1.0
67,Improving,13,71.9616,73.2646,1.0
67,Improving,14,82.5526,77.3926,1.0
67,Improving,15,92.7227,84.206,1.0
67,Improving,16,87.8572,85.8287,1.0
67,Improving,17,86.0137,85.9109,1.0
67,Improving,18,87.7276,86.7184,1.0
67,Improving,19,90.5799,88.4346,1.0
67,Improving,20,93.7302,90.7882,1.0
68,Improving,1,48.111,48.111,0.2
68,Improving,2,56.95,55.1822,0.4
68,Improving,3,46.0708,49.1079,0.6
68,Improving,4,61.4153,56.1407,0.8
68,Improving,5,57.5753,56.858,1.0
68,Improving,6,63.7268,59.9108,1.0
68,Improving,7,58.5756,59.3174,1.0
68,Improving,8,73.2221,65.4973,1.0
68,Improving,9,75.1755,69.7987,1.0
68,Improving,10,76.1137,72.6054,1.0
68,Improving,11,66.1104,69.7187,1.0
68,Improving,12,80.1982,74.3763,1.0
68,Improving,13,80.4453,77.0736,1.0
68,Improving,14,72.7631,75.1579,1.0
68,Improving,15,83.0364,78.6594,1.0
68,Improving,16,87.349,82.5215,1.0
68,Improving,17,90.6751,86.1453,1.0
68,Improving,18,91.1495,88.3694,1.0
68,Improving,19,94.0877,90.9109,1.0
68,Improving,20,100.0,94.9505,1.0
69,Improving,1,56.1302,56.1302,0.2
69,Improving,2,38.0331,41.6526,0.4
69,Improving,3,53.1496,49.3173,0.6
69,Improving,4,56.282,53.2971,0.8
69,Improving,5,50.7132,52.0052,1.0
69,Improving,6,62.313,56.5864,1.0
69,Improving,7,70.4543,62.7499,1.0
69,Improving,8,61.1461,62.0371,1.0
69,Improving,9,70.6294,65.8559,1.0
69,Improving,10,66.7367,66.2474,1.0
69,Improving,11,70.3247,68.0595,1.0
69,Improving,12,83.4396,74.8951,1.0
69,Improving,13,75.7083,75.2565,1.0
69,Improving,14,83.1005,78.7427,1.0
69,Improving,15,73.8018,76.5468,1.0
69,Improving,16,94.8379,84.6762,1.0
69,Improving,17,90.908,87.4459,1.0
69,Improving,18,89.3507,88.2924,1.0
69,Improving,19,95.5093,91.4999,1.0
69,Improving,20,87.9509,89.9226,1.0
70,Improving,1,55.9127,55.9127,0.2
70,Improving,2,50.7485,51.7813,0.4
70,Improving,3,53.7165,53.0714,0.6
70,Improving,4,54.647,53.9718,0.8
70,Improving,5,56.5704,55.2711,1.0
70,Improving,6,65.3155,59.7353,1.0
70,Improving,7,65.4901,62.2929,1.0
70,Improving,8,69.8377,65.6462,1.0
70,Improving,9,68.9034,67.0938,1.0
70,Improving,10,73.8818,70.1107,1.0
70,Improving,11,71.59,70.7681,1.0
70,Improving,12,87.2013,78.0718,1.0
70,Improving,13,70.5814,74.7427,1.0
70,Improving,14,87.0942,80.2322,1.0
70,Improving,15,89.9974,84.5723,1.0
70,Improving,16,81.2655,83.1026,1.0
70,Improving,17,99.0411,90.1864,1.0
70,Improving,18,95.2406,92.4327,1.0
70,Improving,19,97.4873,94.6792,1.0
70,Improving,20,95.1401,94.884,1.0
71,Improving,1,48.9139,48.9139,0.2
71,Improving,2,51.3214,50.8399,0.4
71,Improving,3,56.6895,54.7396,0.6
71,Improving,4,64.1112,60.0948,0.8
71,Improving,5,60.3803,60.2375,1.0
71,Improving,6,57.2849,58.9252,1.0
71,Improving,7,68.3327,63.1063,1.0
71,Improving,8,71.1847,66.6967,1.0
71,Improving,9,72.2207,69.1518,1.0
71,Improving,10,75.0433,71.7702,1.0
71,Improving,11,72.3296,72.0188,1.0
71,Improving,12,71.4077,71.7472,1.0
71,Improving,13,74.0801,72.784,1.0
71,Improving,14,72.6122,72.7076,1.0
71,Improving,15,84.3426,77.8788,1.0
71,Improving,16,85.1091,81.0922,1.0
71,Improving,17,85.6948,83.1378,1.0
71,Improving,18,75.4851,79.7366,1.0
71,Improving,19,86.395,82.6959,1.0
71,Improving,20,100.0,90.3866,1.0
72,Improving,1,46.6769,46.6769,0.2
72,Improving,2,54.1714,52.6725,0.4
72,Improving,3,47.7834,49.4131,0.6
72,Improving,4,64.2988,57.9192,0.8
72,Improving,5,58.7535,58.3364,1.0
72,Improving,6,63.2923,60.539,1.0
72,Improving,7,75.8394,67.3392,1.0
72,Improving,8,74.1611,70.3712,1.0
72,Improving,9,67.4145,69.0571,1.0
72,Improving,10,68.3497,68.7427,1.0
72,Improving,11,72.0565,70.2155,1.0
72,Improving,12,78.6021,73.9429,1.0
72,Improving,13,77.8949,75.6994,1.0
72,Improving,14,78.8133,77.0833,1.0
72,Improving,15,90.4938,83.0435,1.0
72,Improving,16,84.9553,83.8932,1.0
72,Improving,17,99.3927,90.7819,1.0
72,Improving,18,90.7169,90.753,1.0
72,Improving,19,100.0,94.8628,1.0
72,Improving,20,96.7866,95.7178,1.0
73,Improving,1,54.8148,54.8148,0.2
73,Improving,2,48.7454,49.9593,0.4
73,Improving,3,50.468,50.2984,0.6
73,Improving,4,59.4038,55.5015,0.8
73,Improving,5,64.4165,59.959,1.0
73,Improving,6,62.0434,60.8854,1.0
73,Improving,7,57.7786,59.5046,1.0
73,Improving,8,59.7777,59.6259,1.0
73,Improving,9,61.8117,60.5974,1.0
73,Improving,10,62.4777,61.4331,1.0
73,Improving,11,74.2316,67.1213,1.0
73,Improving,12,81.6779,73.5909,1.0
73,Improving,13,78.354,75.7078,1.0
73,Improving,14,69.4874,72.9432,1.0
73,Improving,15,82.2041,77.0591,1.0
73,Improving,16,84.7123,80.4606,1.0
73,Improving,17,98.3747,88.4224,1.0
73,Improving,18,82.9775,86.0024,1.0
73,Improving,19,90.6782,88.0805,1.0
73,Improving,20,100.0,93.3781,1.0
74,Improving,1,52.2499,52.2499,0.2
74,Improving,2,55.185,54.598,0.4
74,Improving,3,55.3098,55.0725,0.6
74,Improving,4,58.755,57.1768,0.8
74,Improving,5,63.3617,60.2693,1.0
74,Improving,6,57.7947,59.1694,1.0
74,Improving,7,68.6008,63.3612,1.0
74,Improving,8,59.7139,61.7402,1.0
74,Improving,9,70.5892,65.6731,1.0
74,Improving,10,72.2095,68.5782,1.0
74,Improving,11,70.6027,69.478,1.0
74,Improving,12,75.9392,72.3496,1.0
74,Improving,13,75.3084,73.6646,1.0
74,Improving,14,75.431,74.4497,1.0
74,Improving,15,81.3898,77.5342,1.0
74,Improving,16,80.0064,78.6329,1.0
74,Improving,17,89.5087,83.4666,1.0
74,Improving,18,84.5127,83.9316,1.0
74,Improving,19,96.1915,89.3804,1.0
74,Improving,20,89.0926,89.2525,1.0
75,Improving,1,47.1685,47.1685,0.2
75,Improving,2,49.2454,48.83,0.4
75,Improving,3,61.3626,57.1851,0.6
75,Improving,4,58.7567,58.0831,0.8
75,Improving,5,58.415,58.2491,1.0
75,Improving,6,64.3357,60.9542,1.0
75,Improving,7,53.6746,57.7188,1.0
75,Improving,8,66.3633,61.5608,1.0
75,Improving,9,78.9349,69.2826,1.0
75,Improving,10,71.9775,70.4804,1.0
75,Improving,11,74.0238,72.0552,1.0
75,Improving,12,78.7933,75.0499,1.0
75,Improving,13,82.8991,78.5384,1.0
75,Improving,14,70.8021,75.1001,1.0
75,Improving,15,74.7463,74.9428,1.0
75,Improving,16,86.5778,80.1139,1.0
75,Improving,17,84.3204,81.9834,1.0
75,Improving,18,96.8233,88.5789,1.0
75,Improving,19,91.0557,89.6797,1.0
75,Improving,20,85.3273,87.7453,1.0
76,Improving,1,43.6599,43.6599,0.2
76,Improving,2,38.62,39.628,0.4
76,Improving,3,53.5662,48.9201,0.6
76,Improving,4,56.1633,53.0591,0.8
76,Improving,5,57.3514,55.2052,1.0
76,Improving,6,67.2365,60.5525,1.0
76,Improving,7,70.2031,64.8416,1.0
76,Improving,8,65.727,65.2351,1.0
76,Improving,9,58.2739,62.1413,1.0
76,Improving,10,74.4022,67.5906,1.0
76,Improving,11,76.461,71.533,1.0
76,Improving,12,77.5996,74.2293,1.0
76,Improving,13,83.3285,78.2733,1.0
76,Improving,14,74.9653,76.8031,1.0
76,Improving,15,93.2017,84.0914,1.0
76,Improving,16,80.7292,82.5971,1.0
76,Improving,17,91.6409,86.6165,1.0
76,Improving,18,81.8264,84.4876,1.0
76,Improving,19,87.9803,86.0399,1.0
76,Improving,20,100.0,92.2444,1.0
77,Improving,1,48.6955,48.6955,0.2
77,Improving,2,56.568,54.9935,0.4
77,Improving,3,55.9216,55.6123,0.6
77,Improving,4,56.5805,56.1655,0.8
77,Improving,5,66.2929,61.2292,1.0
77,Improving,6,60.6588,60.9757,1.0
77,Improving,7,55.3068,58.4562,1.0
77,Improving,8,62.5627,60.2813,1.0
77,Improving,9,71.7033,65.3578,1.0
77,Improving,10,73.2933,68.8847,1.0
77,Improving,11,65.8489,67.5355,1.0
77,Improving,12,72.4309,69.7112,1.0
77,Improving,13,75.5124,72.2895,1.0
77,Improving,14,78.9621,75.2551,1.0
77,Improving,15,76.2783,75.7099,1.0
77,Improving,16,82.3845,78.6764,1.0
77,Improving,17,84.2517,81.1543,1.0
77,Improving,18,94.1208,86.9172,1.0
77,Improving,19,96.6772,91.255,1.0
77,Improving,20,94.2709,92.5954,1.0
78,Improving,1,48.0398,48.0398,0.2
78,Improving,2,53.068,52.0624,0.4
78,Improving,3,50.654,51.1234,0.6
78,Improving,4,51.3711,51.265,0.8
78,Improving,5,54.7726,53.0188,1.0
78,Improving,6,58.668,55.5296,1.0
78,Improving,7,58.3932,56.8023,1.0
78,Improving,8,67.3892,61.5076,1.0
78,Improving,9,72.5959,66.4357,1.0
78,Improving,10,63.3803,65.0778,1.0
78,Improving,11,73.8099,68.9587,1.0
78,Improving,12,74.953,71.6228,1.0
78,Improving,13,80.1286,75.4032,1.0
78,Improving,14,80.7248,77.7683,1.0
78,Improving,15,75.8899,76.9335,1.0
78,Improving,16,79.2144,77.9472,1.0
78,Improving,17,88.0419,82.4337,1.0
78,Improving,18,95.4071,88.1996,1.0
78,Improving,19,81.5606,85.249,1.0
78,Improving,20,96.7286,90.351,1.0
79,Improving,1,55.9481,55.9481,0.2
79,Improving,2,51.6033,52.4723,0.4
79,Improving,3,57.4879,55.816,0.6
79,Improving,4,53.5899,54.5439,0.8
79,Improving,5,58.8769,56.7104,1.0
79,Improving,6,53.7375,55.3891,1.0
79,Improving,7,52.4888,54.1001,1.0
79,Improving,8,71.2928,61.7413,1.0
79,Improving,9,64.0224,62.7551,1.0
79,Improving,10,69.0382,65.5476,1.0
79,Improving,11,66.752,66.0829,1.0
79,Improving,12,69.0028,67.3806,1.0
79,Improving,13,77.5519,71.9012,1.0
79,Improving,14,77.1416,74.2302,1.0
79,Improving,15,85.0477,79.038,1.0
79,Improving,16,87.789,82.9274,1.0
79,Improving,17,89.499,85.8481,1.0
79,Improving,18,91.4562,88.3406,1.0
79,Improving,19,100.0,93.5225,1.0
79,Improving,20,89.662,91.8068,1.0
80,Improving,1,49.7253,49.7253,0.2
80,Improving,2,58.0319,56.3706,0.4
80,Improving,3,61.0595,59.4965,0.6
80,Improving,4,49.9964,54.0679,0.8
80,Improving,5,57.9119,55.9899,1.0
80,Improving,6,68.6327,61.6089,1.0
80,Improving,7,66.7509,63.8943,1.0
80,Improving,8,67.5553,65.5214,1.0
80,Improving,9,67.8589,66.5603,1.0
80,Improving,10,69.3968,67.821,1.0
80,Improving,11,75.1253,71.0673,1.0
80,Improving,12,74.7908,72.7222,1.0
80,Improving,13,78.2082,75.1604,1.0
80,Improving,14,81.1825,77.8369,1.0
80,Improving,15,79.7675,78.6949,1.0
80,Improving,16,88.187,82.9136,1.0
80,Improving,17,100.0,90.5076,1.0
80,Improving,18,81.3782,86.4501,1.0
80,Improving,19,94.2516,89.9174,1.0
80,Improving,20,91.199,90.487,1.0
81,Improving,1,52.887,52.887,0.2
81,Improving,2,52.6012,52.6584,0.4
81,Improving,3,58.5461,56.5835,0.6
81,Improving,4,62.9828,60.2403,0.8
81,Improving,5,60.4358,60.338,1.0
81,Improving,6,67.5024,63.5222,1.0
81,Improving,7,52.489,58.6186,1.0
81,Improving,8,74.5312,65.6908,1.0
81,Improving,9,70.8227,67.9717,1.0
81,Improving,10,76.705,71.8531,1.0
81,Improving,11,67.5848,69.9561,1.0
81,Improving,12,71.8988,70.8195,1.0
81,Improving,13,79.1507,74.5223,1.0
81,Improving,14,80.7043,77.2698,1.0
81,Improving,15,84.5732,80.5158,1.0
81,Improving,16,90.9489,85.1527,1.0
81,Improving,17,79.0686,82.4487,1.0
81,Improving,18,95.1323,88.0858,1.0
81,Improving,19,92.673,90.1246,1.0
81,Improving,20,93.9811,91.8386,1.0
82,Improving,1,42.6444,42.6444,0.2
82,Improving,2,54.8837,52.4358,0.4
82,Improving,3,42.6663,45.9228,0.6
82,Improving,4,60.3472,54.1653,0.8
82,Improving,5,52.0132,53.0892,1.0
82,Improving,6,62.1094,57.0982,1.0
82,Improving,7,63.6147,59.9944,1.0
82,Improving,8,72.4266,65.5198,1.0
82,Improving,9,68.0541,66.6462,1.0
82,Improving,10,67.8451,67.179,1.0
82,Improving,11,71.1512,68.9444,1.0
82,Improving,12,82.417,74.9323,1.0
82,Improving,13,81.1025,77.6746,1.0
82,Improving,14,78.8613,78.202,1.0
82,Improving,15,81.9757,79.8792,1.0
82,Improving,16,77.6904,78.9064,1.0
82,Improving,17,89.8371,83.7645,1.0
82,Improving,18,81.4641,82.7421,1.0
82,Improving,19,96.3906,88.8081,1.0
82,Improving,20,95.6431,91.8459,1.0
83,Improving,1,61.9348,61.9348,0.2
83,Improving,2,46.8677,49.8811,0.4
83,Improving,3,54.2235,52.7761,0.6
83,Improving,4,66.0967,60.3879,0.8
83,Improving,5,65.4306,62.9092,1.0
83,Improving,6,58.361,60.8878,1.0
83,Improving,7,65.3304,62.8623,1.0
83,Improving,8,66.5889,64.5186,1.0
83,Improving,9,70.3571,67.1135,1.0
83,Improving,10,67.8224,67.4286,1.0
83,Improving,11,73.2376,70.0104,1.0
83,Improving,12,68.0624,69.1446,1.0
83,Improving,13,79.0967,73.5677,1.0
83,Improving,14,83.0396,77.7774,1.0
83,Improving,15,82.0208,79.6634,1.0
83,Improving,16,77.4511,78.6801,1.0
83,Improving,17,92.8374,84.9722,1.0
83,Improving,18,92.0858,88.1338,1.0
83,Improving,19,89.0015,88.5195,1.0
83,Improving,20,93.597,90.7761,1.0
84,Improving,1,42.4967,42.4967,0.2
84,Improving,2,47.2414,46.2924,0.4
84,Improving,3,52.0478,50.1293,0.6
84,Improving,4,63.2474,57.6254,0.8
84,Improving,5,56.2762,56.9508,1.0
84,Improving,6,65.0432,60.5474,1.0
84,Improving,7,61.5189,60.9792,1.0
84,Improving,8,67.8187,64.019,1.0
84,Improving,9,68.2404,65.8952,1.0
84,Improving,10,75.6811,70.2445,1.0
84,Improving,11,71.0102,70.5848,1.0
84,Improving,12,68.19,69.5204,1.0
84,Improving,13,71.5113,70.4053,1.0
84,Improving,14,78.1301,73.8385,1.0
84,Improving,15,76.9126,75.2048,1.0
84,Improving,16,87.5774,80.7037,1.0
84,Improving,17,85.5659,82.8647,1.0
84,Improving,18,100.0,90.4804,1.0
84,Improving,19,83.943,87.5749,1.0
84,Improving,20,96.0182,91.3275,1.0
85,Improving,1,44.3602,44.3602,0.2
85,Improving,2,49.9014,48.7932,0.4
85,Improving,3,55.4439,53.227,0.6
85,Improving,4,45.4784,48.7992,0.8
85,Improving,5,60.6578,54.7285,1.0
85,Improving,6,71.3566,62.1188,1.0
85,Improving,7,61.9433,62.0408,1.0
85,Improving,8,67.878,64.6351,1.0
85,Improving,9,74.072,68.8293,1.0
85,Improving,10,70.496,69.5701,1.0
85,Improving,11,70.7794,70.1075,1.0
85,Improving,12,64.6739,67.6926,1.0
85,Improving,13,81.626,73.8852,1.0
85,Improving,14,80.2236,76.7023,1.0
85,Improving,15,78.0945,77.321,1.0
85,Improving,16,86.1593,81.2492,1.0
85,Improving,17,84.9763,82.9057,1.0
85,Improving,18,87.621,85.0014,1.0
85,Improving,19,95.663,89.7399,1.0
85,Improving,20,88.3081,89.1035,1.0
86,Improving,1,55.2366,55.2366,0.2
86,Improving,2,45.38,47.3513,0.4
86,Improving,3,51.4233,50.066,0.6
86,Improving,4,66.72,59.5826,0.8
86,Improving,5,65.1105,62.3465,1.0
86,Improving,6,62.3301,62.3392,1.0
86,Improving,7,59.5079,61.0808,1.0
86,Improving,8,63.9326,62.3483,1.0
86,Improving,9,69.3137,65.444,1.0
86,Improving,10,71.5034,68.1371,1.0
86,Improving,11,73.2299,70.4005,1.0
86,Improving,12,75.8985,72.8441,1.0
86,Improving,13,77.3492,74.8463,1.0
86,Improving,14,73.5796,74.2833,1.0
86,Improving,15,80.5753,77.0798,1.0
86,Improving,16,90.0994,82.8663,1.0
86,Improving,17,81.0531,82.0604,1.0
86,Improving,18,89.3154,85.2848,1.0
86,Improving,19,88.5328,86.7284,1.0
86,Improving,20,95.5568,90.6521,1.0
87,Improving,1,48.0568,48.0568,0.2
87,Improving,2,59.7554,57.4157,0.4
87,Improving,3,57.2698,57.3184,0.6
87,Improving,4,50.5462,53.4486,0.8
87,Improving,5,62.8298,58.1392,1.0
87,Improving,6,57.9688,58.0635,1.0
87,Improving,7,61.3255,59.5133,1.0
87,Improving,8,68.148,63.351,1.0
87,Improving,9,66.4886,64.7455,1.0
87,Improving,10,75.7801,69.6497,1.0
87,Improving,11,69.8117,69.7217,1.0
87,Improving,12,72.9579,71.16,1.0
87,Improving,13,75.1392,72.9285,1.0
87,Improving,14,77.9613,75.1653,1.0
87,Improving,15,88.6539,81.1602,1.0
87,Improving,16,88.6703,84.498,1.0
87,Improving,17,96.4445,89.8076,1.0
87,Improving,18,100.0,94.3375,1.0
87,Improving,19,87.478,91.2888,1.0
87,Improving,20,95.3521,93.0947,1.0
88,Improving,1,44.119,44.119,0.2
88,Improving,2,48.4804,47.6081,0.4
88,Improving,3,51.5864,50.2603,0.6
88,Improving,4,51.8195,51.1513,0.8
88,Improving,5,54.2142,52.6828,1.0
88,Improving,6,61.1207,56.4329,1.0
88,Improving,7,58.1269,57.1858,1.0
88,Improving,8,70.7896,63.2319,1.0
88,Improving,9,64.3586,63.7327,1.0
88,Improving,10,85.3636,73.3464,1.0
88,Improving,11,71.4273,72.4935,1.0
88,Improving,12,76.4127,74.2354,1.0
88,Improving,13,71.9443,73.2171,1.0
88,Improving,14,89.3199,80.3739,1.0
88,Improving,15,88.7554,84.099,1.0
88,Improving,16,87.0109,85.3932,1.0
88,Improving,17,81.1607,83.5121,1.0
88,Improving,18,91.3165,86.9807,1.0
88,Improving,19,87.0244,87.0001,1.0
88,Improving,20,100.0,92.7779,1.0
89,Improving,1,54.046,54.046,0.2
89,Improving,2,52.8456,53.0857,0.4
89,Improving,3,42.555,46.0652,0.6
89,Improving,4,52.1882,49.564,0.8
89,Improving,5,62.9125,56.2383,1.0
89,Improving,6,67.9065,61.4242,1.0
89,Improving,7,69.7564,65.1274,1.0
89,Improving,8,58.6189,62.2347,1.0
89,Improving,9,70.4551,65.8882,1.0
89,Improving,10,76.3934,70.5572,1.0
89,Improving,11,65.3925,68.2618,1.0
89,Improving,12,76.0131,71.7068,1.0
89,Improving,13,79.7903,75.2995,1.0
89,Improving,14,79.2857,77.0711,1.0
89,Improving,15,73.8971,75.6604,1.0
89,Improving,16,83.8978,79.3215,1.0
89,Improving,17,86.2582,82.4045,1.0
89,Improving,18,89.5228,85.5682,1.0
89,Improving,19,89.8142,87.4553,1.0
89,Improving,20,92.7849,89.824,1.0
90,Improving,1,49.8015,49.8015,0.2
90,Improving,2,54.5807,53.6248,0.4
90,Improving,3,53.2147,53.3514,0.6
90,Improving,4,55.057,54.326,0.8
90,Improving,5,59.9355,57.1308,1.0
90,Improving,6,52.2375,54.956,1.0
90,Improving,7,66.5957,60.1292,1.0
90,Improving,8,66.5761,62.9945,1.0
90,Improving,9,69.1458,65.7284,1.0
90,Improving,10,76.1195,70.3467,1.0
90,Improving,11,63.9201,67.4904,1.0
90,Improving,12,66.1835,66.9096,1.0
90,Improving,13,79.7901,72.6342,1.0
90,Improving,14,80.7539,76.243,1.0
90,Improving,15,84.0088,79.6944,1.0
90,Improving,16,83.2157,81.2594,1.0
90,Improving,17,91.2165,85.6848,1.0
90,Improving,18,94.9264,89.7922,1.0
90,Improving,19,95.0515,92.1296,1.0
90,Improving,20,93.6959,92.8257,1.0
91,Improving,1,39.4616,39.4616,0.2
91,Improving,2,56.2146,52.864,0.4
91,Improving,3,60.8455,58.185,0.6
91,Improving,4,60.3281,59.4096,0.8
91,Improving,5,55.0755,57.2425,1.0
91,Improving,6,65.2111,60.7841,1.0
91,Improving,7,68.5132,64.2192,1.0
91,Improving,8,74.373,68.732,1.0
91,Improving,9,64.5668,66.8808,1.0
91,Improving,10,70.1835,68.3487,1.0
91,Improving,11,77.4206,72.3806,1.0
91,Improving,12,76.3397,74.1402,1.0
91,Improving,13,72.8344,73.5599,1.0
91,Improving,14,82.8626,77.6944,1.0
91,Improving,15,86.0512,81.4085,1.0
91,Improving,16,85.9661,83.4341,1.0
91,Improving,17,88.9927,85.9046,1.0
91,Improving,18,88.9696,87.2668,1.0
91,Improving,19,100.0,92.926,1.0
91,Improving,20,90.4965,91.8462,1.0
92,Improving,1,47.0634,47.0634,0.2
92,Improving,2,52.4233,51.3514,0.4
92,Improving,3,59.1316,56.5382,0.6
92,Improving,4,49.6184,52.584,0.8
92,Improving,5,52.9222,52.7531,1.0
92,Improving,6,51.6535,52.2644,1.0
92,Improving,7,64.374,57.6464,1.0
92,Improving,8,60.9874,59.1313,1.0
92,Improving,9,67.0246,62.6395,1.0
92,Improving,10,74.6227,67.9653,1.0
92,Improving,11,70.4765,69.0814,1.0
92,Improving,12,77.209,72.6937,1.0
92,Improving,13,76.9244,74.574,1.0
92,Improving,14,84.15,78.83,1.0
92,Improving,15,85.5335,81.8094,1.0
92,Improving,16,82.0666,81.9237,1.0
92,Improving,17,87.0515,84.2027,1.0
92,Improving,18,95.4819,89.2157,1.0
92,Improving,19,94.5985,91.608,1.0
92,Improving,20,88.0152,90.0112,1.0
93,Improving,1,53.2781,53.2781,0.2
93,Improving,2,46.9454,48.2119,0.4
93,Improving,3,61.7994,57.2702,0.6
93,Improving,4,62.2258,60.102,0.8
93,Improving,5,60.9231,60.5125,1.0
93,Improving,6,62.6283,61.4529,1.0
93,Improving,7,63.1654,62.214,1.0
93,Improving,8,69.9716,65.6618,1.0
93,Improving,9,67.0935,66.2981,1.0
93,Improving,10,72.4936,69.0517,1.0
93,Improving,11,78.0439,73.0482,1.0
93,Improving,12,73.2436,73.135,1.0
93,Improving,13,75.3401,74.1151,1.0
93,Improving,14,74.8176,74.4273,1.0
93,Improving,15,77.8355,75.9421,1.0
93,Improving,16,76.3843,76.1386,1.0
93,Improving,17,91.5439,82.9854,1.0
93,Improving,18,99.3077,90.2398,1.0
93,Improving,19,99.7582,94.4702,1.0
93,Improving,20,86.8696,91.0921,1.0
94,Improving,1,53.6243,53.6243,0.2
94,Improving,2,59.479,58.308,0.4
94,Improving,3,52.4528,54.4045,0.6
94,Improving,4,57.6125,56.2377,0.8
94,Improving,5,49.4342,52.8359,1.0
94,Improving,6,63.1758,57.4314,1.0
94,Improving,7,58.8927,58.0809,1.0
94,Improving,8,67.5771,62.3014,1.0
94,Improving,9,61.1414,61.7858,1.0
94,Improving,10,74.0301,67.2277,1.0
94,Improving,11,78.8068,72.374,1.0
94,Improving,12,72.1367,72.2685,1.0
94,Improving,13,72.7364,72.4765,1.0
94,Improving,14,70.0094,71.38,1.0
94,Improving,15,81.8258,76.0226,1.0
94,Improving,16,82.6183,78.954,1.0
94,Improving,17,80.1396,79.481,1.0
94,Improving,18,92.5283,85.2798,1.0
94,Improving,19,90.3817,87.5473,1.0
94,Improving,20,89.6213,88.4691,1.0
95,Improving,1,47.2271,47.2271,0.2
95,Improving,2,57.7249,55.6254,0.4
95,Improving,3,57.7515,57.0428,0.6
95,Improving,4,56.4551,56.707,0.8
95,Improving,5,62.5692,59.6381,1.0
95,Improving,6,56.0375,58.0379,1.0
95,Improving,7,64.3724,60.8532,1.0
95,Improving,8,67.3156,63.7254,1.0
95,Improving,9,66.5982,65.0022,1.0
95,Improving,10,73.4931,68.7759,1.0
95,Improving,11,69.782,69.2231,1.0
95,Improving,12,78.6017,73.3914,1.0
95,Improving,13,81.1803,76.8531,1.0
95,Improving,14,66.2037,72.12,1.0
95,Improving,15,89.1094,79.6709,1.0
95,Improving,16,70.2882,75.5008,1.0
95,Improving,17,84.8145,79.6402,1.0
95,Improving,18,95.3899,86.6401,1.0
95,Improving,19,91.0451,88.5979,1.0
95,Improving,20,87.6691,88.1851,1.0
96,Improving,1,44.5313,44.5313,0.2
96,Improving,2,57.5029,54.9086,0.4
96,Improving,3,45.1293,48.3891,0.6
96,Improving,4,62.7502,56.5954,0.8
96,Improving,5,59.1982,57.8968,1.0
96,Improving,6,55.8801,57.0005,1.0
96,Improving,7,61.295,58.9091,1.0
96,Improving,8,61.4928,60.0574,1.0
96,Improving,9,73.2785,65.9335,1.0
96,Improving,10,74.9779,69.9532,1.0
96,Improving,11,65.0884,67.7911,1.0
96,Improving,12,74.0347,70.566,1.0
96,Improving,13,74.1051,72.139,1.0
96,Improving,14,87.257,78.8581,1.0
96,Improving,15,76.4074,77.7689,1.0
96,Improving,16,93.5475,84.7816,1.0
96,Improving,17,87.7283,86.0912,1.0
96,Improving,18,84.4535,85.3633,1.0
96,Improving,19,89.2452,87.0886,1.0
96,Improving,20,90.9919,88.8234,1.0
97,Improving,1,43.6269,43.6269,0.2
97,Improving,2,52.8426,50.9994,0.4
97,Improving,3,48.5973,49.398,0.6
97,Improving,4,46.2034,47.5725,0.8
97,Improving,5,57.5753,52.5739,1.0
97,Improving,6,52.8278,52.6868,1.0
97,Improving,7,60.4497,56.137,1.0
97,Improving,8,62.0334,58.7576,1.0
97,Improving,9,64.5913,61.3504,1.0
97,Improving,10,81.3206,70.226,1.0
97,Improving,11,73.9663,71.8884,1.0
97,Improving,12,77.2795,74.2844,1.0
97,Improving,13,69.5391,72.1754,1.0
97,Improving,14,77.5197,74.5506,1.0
97,Improving,15,84.2344,78.8545,1.0
97,Improving,16,80.4037,79.543,1.0
97,Improving,17,92.4351,85.2728,1.0
97,Improving,18,84.2497,84.8181,1.0
97,Improving,19,91.1997,87.6544,1.0
97,Improving,20,92.0697,89.6168,1.0
98,Improving,1,50.8216,50.8216,0.2
98,Improving,2,49.166,49.4971,0.4
98,Improving,3,53.3824,52.0873,0.6
98,Improving,4,55.9246,54.28,0.8
98,Improving,5,55.8017,55.0409,1.0
98,Improving,6,64.2676,59.1416,1.0
98,Improving,7,65.4025,61.9242,1.0
98,Improving,8,66.1359,63.7961,1.0
98,Improving,9,66.7951,65.129,1.0
98,Improving,10,75.2985,69.6488,1.0
98,Improving,11,72.505,70.9182,1.0
98,Improving,12,74.5191,72.5186,1.0
98,Improving,13,78.9445,75.3746,1.0
98,Improving,14,89.2724,81.5514,1.0
98,Improving,15,76.4561,79.2868,1.0
98,Improving,16,89.3756,83.7707,1.0
98,Improving,17,78.4289,81.3966,1.0
98,Improving,18,91.3495,85.8201,1.0
98,Improving,19,100.0,92.1223,1.0
98,Improving,20,97.4433,94.4872,1.0
99,Improving,1,50.8531,50.8531,0.2
99,Improving,2,49.5662,49.8236,0.4
99,Improving,3,54.8921,53.2026,0.6
99,Improving,4,55.8449,54.7125,0.8
99,Improving,5,55.5438,55.1282,1.0
99,Improving,6,60.3927,57.468,1.0
99,Improving,7,65.2024,60.9055,1.0
99,Improving,8,62.7429,61.7221,1.0
99,Improving,9,64.916,63.1416,1.0
99,Improving,10,64.5146,63.7518,1.0
99,Improving,11,75.6378,69.0345,1.0
99,Improving,12,78.7792,73.3655,1.0
99,Improving,13,79.5794,76.1272,1.0
99,Improving,14,85.6153,80.3441,1.0
99,Improving,15,83.5972,81.79,1.0
99,Improving,16,87.4864,84.3217,1.0
99,Improving,17,89.4139,86.5849,1.0
99,Improving,18,89.8055,88.0163,1.0
99,Improving,19,89.9775,88.8879,1.0
99,Improving,20,100.0,93.8266,1.0
100,Improving,1,47.7402,47.7402,0.2
100,Improving,2,49.039,48.7793,0.4
100,Improving,3,56.9069,54.1977,0.6
100,Improving,4,58.3645,56.5787,0.8
100,Improving,5,52.4497,54.5142,1.0
100,Improving,6,67.4555,60.2659,1.0
100,Improving,7,63.7396,61.8097,1.0
100,Improving,8,61.0243,61.4607,1.0
100,Improving,9,74.8913,67.4298,1.0
100,Improving,10,74.4442,70.5473,1.0
100,Improving,11,67.3615,69.1314,1.0
100,Improving,12,84.9385,76.1568,1.0
100,Improving,13,81.715,78.6271,1.0
100,Improving,14,80.7385,79.5655,1.0
100,Improving,15,91.109,84.6959,1.0
100,Improving,16,86.3228,85.419,1.0
100,Improving,17,87.7543,86.4569,1.0
100,Improving,18,86.9617,86.6812,1.0
100,Improving,19,95.5408,90.6188,1.0
100,Improving,20,97.383,93.6251,1.0
101,Improving,1,50.0734,50.0734,0.2
101,Improving,2,48.4185,48.7495,0.4
101,Improving,3,55.3865,53.1742,0.6
101,Improving,4,56.7563,55.2211,0.8
101,Improving,5,52.8063,54.0137,1.0
101,Improving,6,54.483,54.2223,1.0
101,Improving,7,67.0363,59.9174,1.0
101,Improving,8,53.5695,57.0961,1.0
101,Improving,9,69.9744,62.8198,1.0
101,Improving,10,68.9254,65.5334,1.0
101,Improving,11,80.2254,72.0632,1.0
101,Improving,12,73.5853,72.7397,1.0
101,Improving,13,81.7185,76.7303,1.0
101,Improving,14,78.8049,77.6523,1.0
101,Improving,15,83.7266,80.352,1.0
101,Improving,16,89.2105,84.2891,1.0
101,Improving,17,85.582,84.8637,1.0
101,Improving,18,95.2459,89.478,1.0
101,Improving,19,87.6631,88.6714,1.0
101,Improving,20,96.473,92.1388,1.0
102,Improving,1,54.6132,54.6132,0.2
102,Improving,2,55.6686,55.4575,0.4
102,Improving,3,64.3191,61.3652,0.6
102,Improving,4,53.2881,56.7497,0.8
102,Improving,5,52.5779,54.6638,1.0
102,Improving,6,56.8704,55.6445,1.0
102,Improving,7,67.5127,60.9193,1.0
102,Improving,8,69.0686,64.5412,1.0
102,Improving,9,69.4587,66.7267,1.0
102,Improving,10,65.701,66.2709,1.0
102,Improving,11,77.5185,71.2698,1.0
102,Improving,12,69.9291,70.674,1.0
102,Improving,13,84.2158,76.6926,1.0
102,Improving,14,95.0767,84.8633,1.0
102,Improving,15,84.9902,84.9197,1.0
102,Improving,16,88.4419,86.4851,1.0
102,Improving,17,85.4304,86.0164,1.0
102,Improving,18,81.2121,83.8811,1.0
102,Improving,19,89.618,86.4308,1.0
102,Improving,20,89.5355,87.8107,1.0
103,Improving,1,42.765,42.765,0.2
103,Improving,2,60.9802,57.3372,0.4
103,Improving,3,56.1012,56.5132,0.6
103,Improving,4,59.0037,57.9363,0.8
103,Improving,5,57.9286,57.9324,1.0
103,Improving,6,60.9777,59.2859,1.0
103,Improving,7,69.0333,63.6181,1.0
103,Improving,8,66.4173,64.8622,1.0
103,Improving,9,71.6008,67.8571,1.0
103,Improving,10,70.3358,68.9587,1.0
103,Improving,11,71.9734,70.2986,1.0
103,Improving,12,69.0181,69.7295,1.0
103,Improving,13,68.5323,69.1974,1.0
103,Improving,14,79.4817,73.7682,1.0
103,Improving,15,83.4404,78.0669,1.0
103,Improving,16,79.0957,78.5242,1.0
103,Improving,17,87.7224,82.6122,1.0
103,Improving,18,90.5319,86.1321,1.0
103,Improving,19,81.8515,84.2296,1.0
103,Improving,20,90.4244,86.9829,1.0
104,Improving,1,52.0363,52.0363,0.2
104,Improving,2,54.3037,53.8502,0.4
104,Improving,3,48.9685,50.5957,0.6
104,Improving,4,57.8975,54.7682,0.8
104,Improving,5,64.5857,59.6769,1.0
104,Improving,6,65.7275,62.3661,1.0
104,Improving,7,63.7341,62.9741,1.0
104,Improving,8,64.2391,63.5363,1.0
104,Improving,9,65.8006,64.5427,1.0
104,Improving,10,73.6549,68.5925,1.0
104,Improving,11,74.6597,71.2891,1.0
104,Improving,12,79.1997,74.8049,1.0
104,Improving,13,79.0804,76.7051,1.0
104,Improving,14,84.8833,80.3399,1.0
104,Improving,15,83.6309,81.8025,1.0
104,Improving,16,89.4498,85.2013,1.0
104,Improving,17,92.2489,88.3335,1.0
104,Improving,18,86.2405,87.4033,1.0
104,Improving,19,83.5909,85.7089,1.0
104,Improving,20,100.0,92.0605,1.0
105,Improving,1,51.2833,51.2833,0.2
105,Improving,2,43.796,45.2935,0.4
105,Improving,3,51.1677,49.2096,0.6
105,Improving,4,60.9646,55.9268,0.8
105,Improving,5,58.0753,57.001,1.0
105,Improving,6,59.2818,58.0147,1.0
105,Improving,7,71.2149,63.8815,1.0
105,Improving,8,61.3425,62.753,1.0
105,Improving,9,64.9566,63.7324,1.0
105,Improving,10,72.3727,67.5725,1.0
105,Improving,11,75.6365,71.1565,1.0
105,Improving,12,78.5343,74.4356,1.0
105,Improving,13,82.9772,78.2319,1.0
105,Improving,14,81.7824,79.8099,1.0
105,Improving,15,85.6048,82.3854,1.0
105,Improving,16,84.2303,83.2053,1.0
105,Improving,17,88.2082,85.4288,1.0
105,Improving,18,90.8008,87.8164,1.0
105,Improving,19,93.7071,90.4345,1.0
105,Improving,20,98.8627,94.1804,1.0
106,Improving,1,52.7757,52.7757,0.2
106,Improving,2,52.5895,52.6268,0.4
106,Improving,3,50.6912,51.3364,0.6
106,Improving,4,57.4436,54.8262,0.8
106,Improving,5,59.3336,57.0799,1.0
106,Improving,6,62.808,59.6257,1.0
106,Improving,7,75.2432,66.5668,1.0
106,Improving,8,63.9601,65.4083,1.0
106,Improving,9,71.0588,67.9196,1.0
106,Improving,10,76.6581,71.8034,1.0
106,Improving,11,74.1742,72.8571,1.0
106,Improving,12,87.7419,79.4725,1.0
106,Improving,13,76.5309,78.1651,1.0
106,Improving,14,82.4099,80.0517,1.0
106,Improving,15,79.1639,79.6571,1.0
106,Improving,16,83.7687,81.4845,1.0
106,Improving,17,89.1394,84.8867,1.0
106,Improving,18,94.4947,89.1569,1.0
106,Improving,19,94.2271,91.4103,1.0
106,Improving,20,100.0,95.2279,1.0
107,Improving,1,49.5252,49.5252,0.2
107,Improving,2,50.7076,50.4711,0.4
107,Improving,3,68.2568,62.3282,0.6
107,Improving,4,59.0765,60.4701,0.8
107,Improving,5,55.8763,58.1732,1.0
107,Improving,6,58.3708,58.261,1.0
107,Improving,7,59.4971,58.8104,1.0
107,Improving,8,71.2618,64.3443,1.0
107,Improving,9,67.1255,65.5804,1.0
107,Improving,10,71.9526,68.4125,1.0
107,Improving,11,73.3667,70.6143,1.0
107,Improving,12,79.7101,74.6569,1.0
107,Improving,13,74.1873,74.4482,1.0
107,Improving,14,75.4116,74.8764,1.0
107,Improving,15,84.2794,79.0555,1.0
107,Improving,16,88.5311,83.2669,1.0
107,Improving,17,89.5574,86.0627,1.0
107,Improving,18,86.2159,86.1308,1.0
107,Improving,19,96.019,90.5255,1.0
107,Improving,20,91.2807,90.8612,1.0
108,Improving,1,47.3923,47.3923,0.2
108,Improving,2,47.6487,47.5974,0.4
108,Improving,3,61.2426,56.6942,0.6
108,Improving,4,60.2724,58.7389,0.8
108,Improving,5,62.4987,60.6188,1.0
108,Improving,6,68.0782,63.9341,1.0
108,Improving,7,78.2738,70.3073,1.0
108,Improving,8,58.0328,64.852,1.0
108,Improving,9,65.2555,65.0313,1.0
108,Improving,10,68.2349,66.4551,1.0
108,Improving,11,69.4301,67.7773,1.0
108,Improving,12,70.6647,69.0606,1.0
108,Improving,13,76.9228,72.5549,1.0
108,Improving,14,74.7065,73.5112,1.0
108,Improving,15,84.8331,78.5431,1.0
108,Improving,16,85.7848,81.7617,1.0
108,Improving,17,90.2999,85.5564,1.0
108,Improving,18,92.8018,88.7766,1.0
108,Improving,19,95.6466,91.8299,1.0
108,Improving,20,93.133,92.4091,1.0
109,Improving,1,60.6057,60.6057,0.2
109,Improving,2,53.5406,54.9536,0.4
109,Improving,3,45.4244,48.6008,0.6
109,Improving,4,52.0934,50.5966,0.8
109,Improving,5,50.7712,50.6839,1.0
109,Improving,6,61.9288,55.6816,1.0
109,Improving,7,63.6015,59.2016,1.0
109,Improving,8,64.2368,61.4395,1.0
109,Improving,9,79.002,69.245,1.0
109,Improving,10,74.0607,71.3853,1.0
109,Improving,11,77.3147,74.0206,1.0
109,Improving,12,71.3973,72.8547,1.0
109,Improving,13,73.4253,73.1083,1.0
109,Improving,14,80.9735,76.6039,1.0
109,Improving,15,84.0229,79.9013,1.0
109,Improving,16,76.2448,78.2762,1.0
109,Improving,17,86.9932,82.1504,1.0
109,Improving,18,90.3335,85.7873,1.0
109,Improving,19,91.5558,88.3511,1.0
109,Improving,20,90.933,89.4986,1.0
110,Improving,1,47.3023,47.3023,0.2
110,Improving,2,51.4841,50.6478,0.4
110,Improving,3,55.1908,53.6765,0.6
110,Improving,4,60.1292,57.3638,0.8
110,Improving,5,64.878,61.1209,1.0
110,Improving,6,60.3704,60.7873,1.0
110,Improving,7,61.9297,61.2951,1.0
110,Improving,8,68.7672,64.616,1.0
110,Improving,9,72.0016,67.8985,1.0
110,Improving,10,69.1448,68.4524,1.0
110,Improving,11,77.6362,72.5341,1.0
110,Improving,12,80.9506,76.2747,1.0
110,Improving,13,84.8795,80.0991,1.0
110,Improving,14,89.6811,84.3577,1.0
110,Improving,15,78.8258,81.8991,1.0
110,Improving,16,85.5958,83.5421,1.0
110,Improving,17,87.9511,85.5017,1.0
110,Improving,18,89.7728,87.3999,1.0
110,Improving,19,89.3853,88.2823,1.0
110,Improving,20,87.5722,87.9667,1.0
111,Improving,1,50.4634,50.4634,0.2
111,Improving,2,48.5266,48.914,0.4
111,Improving,3,55.1668,53.0825,0.6
111,Improving,4,53.135,53.1125,0.8
111,Improving,5,53.9754,53.544,1.0
111,Improving,6,63.0136,57.7527,1.0
111,Improving,7,64.9651,60.9582,1.0
111,Improving,8,69.4754,64.7436,1.0
111,Improving,9,79.8767,71.4694,1.0
111,Improving,10,72.7022,72.0173,1.0
111,Improving,11,76.1096,73.8361,1.0
111,Improving,12,70.6648,72.4267,1.0
111,Improving,13,71.9865,72.231,1.0
111,Improving,14,88.7036,79.5522,1.0
111,Improving,15,78.5405,79.1025,1.0
111,Improving,16,80.3066,79.6377,1.0
111,Improving,17,87.6992,83.2206,1.0
111,Improving,18,89.8122,86.1502,1.0
111,Improving,19,88.119,87.0252,1.0
111,Improving,20,93.4751,89.8919,1.0
112,Improving,1,56.1469,56.1469,0.2
112,Improving,2,48.3385,49.9001,0.4
112,Improving,3,47.7685,48.479,0.6
112,Improving,4,61.8182,56.1014,0.8
112,Improving,5,61.9352,59.0183,1.0
112,Improving,6,58.7395,58.8944,1.0
112,Improving,7,56.2997,57.7412,1.0
112,Improving,8,62.8558,60.0144,1.0
112,Improving,9,68.6738,63.863,1.0
112,Improving,10,77.1441,69.7657,1.0
112,Improving,11,68.5013,69.2038,1.0
112,Improving,12,75.63,72.0599,1.0
112,Improving,13,81.7968,76.3874,1.0
112,Improving,14,68.8831,73.0522,1.0
112,Improving,15,88.3268,79.8409,1.0
112,Improving,16,79.6141,79.7401,1.0
112,Improving,17,89.5547,84.1021,1.0
112,Improving,18,91.4966,87.3886,1.0
112,Improving,19,98.0545,92.129,1.0
112,Improving,20,97.7546,94.6293,1.0
113,Improving,1,38.1135,38.1135,0.2
113,Improving,2,48.4445,46.3783,0.4
113,Improving,3,55.4279,52.4114,0.6
113,Improving,4,56.1304,54.5365,0.8
113,Improving,5,61.8617,58.1991,1.0
113,Improving,6,65.7889,61.5724,1.0
113,Improving,7,67.2528,64.097,1.0
113,Improving,8,65.5076,64.7239,1.0
113,Improving,9,59.7157,62.498,1.0
113,Improving,10,69.0384,65.4049,1.0
113,Improving,11,75.7661,70.0098,1.0
113,Improving,12,70.6004,70.2723,1.0
113,Improving,13,81.5774,75.2968,1.0
113,Improving,14,85.3314,79.7566,1.0
113,Improving,15,83.7922,81.5502,1.0
113,Improving,16,70.2074,76.509,1.0
113,Improving,17,81.5043,78.7291,1.0
113,Improving,18,99.6941,88.0469,1.0
113,Improving,19,89.8989,88.87,1.0
113,Improving,20,85.0793,87.1852,1.0
114,Improving,1,56.1762,56.1762,0.2
114,Improving,2,52.4352,53.1834,0.4
114,Improving,3,60.2615,57.9022,0.6
114,Improving,4,58.4901,58.2381,0.8
114,Improving,5,61.7665,60.0023,1.0
114,Improving,6,63.6572,61.6267,1.0
114,Improving,7,67.698,64.325,1.0
114,Improving,8,77.9661,70.3877,1.0
114,Improving,9,73.8024,71.9054,1.0
114,Improving,10,63.4141,68.1315,1.0
114,Improving,11,75.9175,71.5919,1.0
114,Improving,12,81.76,76.1111,1.0
114,Improving,13,84.4346,79.8104,1.0
114,Improving,14,78.6564,79.2975,1.0
114,Improving,15,88.9826,83.602,1.0
114,Improving,16,90.165,86.5189,1.0
114,Improving,17,100.0,92.5105,1.0
114,Improving,18,86.5131,89.845,1.0
114,Improving,19,90.0946,89.9559,1.0
114,Improving,20,93.4694,91.5175,1.0
115,Improving,1,47.5489,47.5489,0.2
115,Improving,2,47.9183,47.8444,0.4
115,Improving,3,40.9235,43.2305,0.6
115,Improving,4,54.9318,49.9169,0.8
115,Improving,5,61.3205,55.6187,1.0
115,Improving,6,59.376,57.2886,1.0
115,Improving,7,73.8874,64.6659,1.0
115,Improving,8,66.6458,65.5458,1.0
115,Improving,9,75.4025,69.9266,1.0
115,Improving,10,72.6229,71.1249,1.0
115,Improving,11,77.8162,74.0989,1.0
115,Improving,12,77.4488,75.5877,1.0
115,Improving,13,85.265,79.8887,1.0
115,Improving,14,81.0692,80.4134,1.0
115,Improving,15,85.6385,82.7357,1.0
115,Improving,16,87.358,84.79,1.0
115,Improving,17,86.4533,85.5293,1.0
115,Improving,18,92.2881,88.5332,1.0
115,Improving,19,100.0,93.6295,1.0
115,Improving,20,93.648,93.6378,1.0
116,Improving,1,52.0973,52.0973,0.2
116,Improving,2,58.6573,57.3453,0.4
116,Improving,3,60.4381,59.4072,0.6
116,Improving,4,57.1638,58.1253,0.8
116,Improving,5,47.5567,52.841,1.0
116,Improving,6,64.4256,57.9897,1.0
116,Improving,7,53.1132,55.8224,1.0
116,Improving,8,73.9286,63.8696,1.0
116,Improving,9,69.7947,66.503,1.0
116,Improving,10,76.3142,70.8635,1.0
116,Improving,11,69.1737,70.1125,1.0
116,Improving,12,68.2901,69.3025,1.0
116,Improving,13,79.7248,73.9347,1.0
116,Improving,14,80.6215,76.9066,1.0
116,Improving,15,80.7002,78.5926,1.0
116,Improving,16,85.9496,81.8624,1.0
116,Improving,17,100.0,89.9236,1.0
116,Improving,18,94.4358,91.929,1.0
116,Improving,19,97.8791,94.5735,1.0
116,Improving,20,99.2197,96.6385,1.0
117,Improving,1,57.3973,57.3973,0.2
117,Improving,2,51.4181,52.6139,0.4
117,Improving,3,44.463,47.18,0.6
117,Improving,4,56.1623,52.3128,0.8
117,Improving,5,63.5324,57.9226,1.0
117,Improving,6,56.9931,57.5095,1.0
117,Improving,7,63.3287,60.0958,1.0
117,Improving,8,63.1201,61.4399,1.0
117,Improving,9,76.4575,68.1144,1.0
117,Improving,10,75.0631,71.2027,1.0
117,Improving,11,76.9419,73.7535,1.0
117,Improving,12,79.1606,76.1567,1.0
117,Improving,13,78.2348,77.0803,1.0
117,Improving,14,81.7773,79.1678,1.0
117,Improving,15,77.232,78.3074,1.0
117,Improving,16,74.5941,76.6571,1.0
117,Improving,17,88.6451,81.9851,1.0
117,Improving,18,91.8831,86.3842,1.0
117,Improving,19,98.6779,91.8481,1.0
117,Improving,20,100.0,95.4712,1.0
118,Improving,1,57.85,57.85,0.2
118,Improving,2,47.3783,49.4726,0.4
118,Improving,3,52.9755,51.8079,0.6
118,Improving,4,59.5069,56.2073,0.8
118,Improving,5,72.1332,64.1703,1.0
118,Improving,6,69.2426,66.4246,1.0
118,Improving,7,69.8075,67.9281,1.0
118,Improving,8,64.64,66.4667,1.0
118,Improving,9,64.5314,65.6066,1.0
118,Improving,10,75.2603,69.8971,1.0
118,Improving,11,68.1809,69.1344,1.0
118,Improving,12,74.8604,71.6793,1.0
118,Improving,13,77.8472,74.4206,1.0
118,Improving,14,88.754,80.791,1.0
118,Improving,15,81.3844,81.0547,1.0
118,Improving,16,73.3301,77.6215,1.0
118,Improving,17,90.417,83.3084,1.0
118,Improving,18,86.768,84.846,1.0
118,Improving,19,92.8447,88.401,1.0
118,Improving,20,94.5665,91.1412,1.0
119,Improving,1,48.6315,48.6315,0.2
119,Improving,2,56.3201,54.7824,0.4
119,Improving,3,47.0725,49.6425,0.6
119,Improving,4,54.5202,52.4297,0.8
119,Improving,5,62.8939,57.6618,1.0
119,Improving,6,58.7717,58.1551,1.0
119,Improving,7,56.1665,57.2713,1.0
119,Improving,8,69.9217,62.8937,1.0
119,Improving,9,74.5628,68.08,1.0
119,Improving,10,71.0908,69.4181,1.0
119,Improving,11,63.88,66.9567,1.0
119,Improving,12,79.5825,72.5682,1.0
119,Improving,13,70.1216,71.4808,1.0
119,Improving,14,82.3335,76.3042,1.0
119,Improving,15,78.7206,77.3782,1.0
119,Improving,16,79.7271,78.4221,1.0
119,Improving,17,85.6852,81.6502,1.0
119,Improving,18,89.3467,85.0708,1.0
119,Improving,19,89.4105,86.9996,1.0
119,Improving,20,97.9435,91.8636,1.0
120,Improving,1,47.7697,47.7697,0.2
120,Improving,2,57.2694,55.3694,0.4
120,Improving,3,56.1427,55.8849,0.6
120,Improving,4,53.6175,54.5893,0.8
120,Improving,5,55.144,54.8666,1.0
120,Improving,6,53.6046,54.3057,1.0
120,Improving,7,65.6642,59.3539,1.0
120,Improving,8,64.806,61.7771,1.0
120,Improving,9,57.0864,59.6923,1.0
120,Improving,10,68.6372,63.6678,1.0
120,Improving,11,69.179,66.1173,1.0
120,Improving,12,83.931,74.0345,1.0
120,Improving,13,69.9072,72.2001,1.0
120,Improving,14,73.5827,72.8146,1.0
120,Improving,15,88.7077,79.8782,1.0
120,Improving,16,92.3101,85.4035,1.0
120,Improving,17,84.1698,84.8552,1.0
120,Improving,18,87.1027,85.8541,1.0
120,Improving,19,95.7128,90.2357,1.0
120,Improving,20,83.3645,87.1818,1.0
121,Improving,1,40.694,40.694,0.2
121,Improving,2,50.9648,48.9106,0.4
121,Improving,3,62.4863,57.9611,0.6
121,Improving,4,54.9266,56.2271,0.8
121,Improving,5,59.9784,58.1027,1.0
121,Improving,6,67.5111,62.2842,1.0
121,Improving,7,74.7449,67.8223,1.0
121,Improving,8,63.6947,65.9878,1.0
121,Improving,9,68.8632,67.2658,1.0
121,Improving,10,80.4261,73.1148,1.0
121,Improving,11,66.0732,69.9852,1.0
121,Improving,12,81.1905,74.9653,1.0
121,Improving,13,73.3295,74.2383,1.0
121,Improving,14,81.3018,77.3776,1.0
121,Improving,15,81.9448,79.4075,1.0
121,Improving,16,80.7363,79.9981,1.0
121,Improving,17,82.9792,81.323,1.0
121,Improving,18,91.6452,85.9107,1.0
121,Improving,19,97.6093,91.11,1.0
121,Improving,20,94.3513,92.5506,1.0
122,Improving,1,50.3506,50.3506,0.2
122,Improving,2,55.2243,54.2495,0.4
122,Improving,3,49.8787,51.3357,0.6
122,Improving,4,60.8037,56.746,0.8
122,Improving,5,63.5704,60.1582,1.0
122,Improving,6,74.8602,66.6924,1.0
122,Improving,7,62.33,64.7536,1.0
122,Improving,8,64.2885,64.5469,1.0
122,Improving,9,72.7922,68.2115,1.0
122,Improving,10,75.4113,71.4114,1.0
122,Improving,11,71.0088,71.2325,1.0
122,Improving,12,74.0368,72.4788,1.0
122,Improving,13,81.1267,76.3223,1.0
122,Improving,14,76.6516,76.4687,1.0
122,Improving,15,81.1052,78.5294,1.0
122,Improving,16,85.9743,81.8382,1.0
122,Improving,17,92.8744,86.7432,1.0
122,Improving,18,87.2402,86.9641,1.0
122,Improving,19,83.4197,85.3888,1.0
122,Improving,20,85.417,85.4013,1.0
123,Improving,1,43.7029,43.7029,0.2
123,Improving,2,45.8026,45.3827,0.4
123,Improving,3,53.9638,51.1034,0.6
123,Improving,4,51.1609,51.1362,0.8
123,Improving,5,55.9599,53.5481,1.0
123,Improving,6,57.9717,55.5141,1.0
123,Improving,7,62.008,58.4003,1.0
123,Improving,8,73.1915,64.9741,1.0
123,Improving,9,72.2571,68.211,1.0
123,Improving,10,71.3964,69.6268,1.0
123,Improving,11,71.3791,70.4056,1.0
123,Improving,12,73.8865,71.9526,1.0
123,Improving,13,80.0598,75.5558,1.0
123,Improving,14,83.7103,79.18,1.0
123,Improving,15,78.6198,78.931,1.0
123,Improving,16,85.7087,81.9433,1.0
123,Improving,17,77.7366,80.0737,1.0
123,Improving,18,91.3217,85.0728,1.0
123,Improving,19,96.4423,90.1259,1.0
123,Improving,20,93.5997,91.6698,1.0
124,Improving,1,59.0826,59.0826,0.2
124,Improving,2,47.9622,50.1863,0.4
124,Improving,3,55.824,53.9448,0.6
124,Improving,4,56.9261,55.6484,0.8
124,Improving,5,58.9722,57.3103,1.0
124,Improving,6,61.2705,59.0704,1.0
124,Improving,7,64.7461,61.5929,1.0
124,Improving,8,70.8187,65.6933,1.0
124,Improving,9,75.836,70.2012,1.0
124,Improving,10,71.3045,70.6916,1.0
124,Improving,11,77.7608,73.8334,1.0
124,Improving,12,72.5438,73.2603,1.0
124,Improving,13,82.2508,77.2561,1.0
124,Improving,14,76.9795,77.1332,1.0
124,Improving,15,88.6112,82.2345,1.0
124,Improving,16,96.5795,88.6101,1.0
124,Improving,17,87.2843,88.0208,1.0
124,Improving,18,79.3004,84.1451,1.0
124,Improving,19,89.8912,86.6989,1.0
124,Improving,20,100.0,92.6105,1.0
125,Improving,1,52.7654,52.7654,0.2
125,Improving,2,53.613,53.4435,0.4
125,Improving,3,59.7802,57.6679,0.6
125,Improving,4,59.5275,58.7306,0.8
125,Improving,5,65.5623,62.1464,1.0
125,Improving,6,66.4392,64.0543,1.0
125,Improving,7,71.819,67.5053,1.0
125,Improving,8,68.3729,67.8909,1.0
125,Improving,9,73.4737,70.3721,1.0
125,Improving,10,69.7802,70.109,1.0
125,Improving,11,70.6769,70.3614,1.0
125,Improving,12,84.5865,76.6837,1.0
125,Improving,13,79.5021,77.9363,1.0
125,Improving,14,84.8139,80.993,1.0
125,Improving,15,83.7766,82.2302,1.0
125,Improving,16,82.5937,82.3917,1.0
125,Improving,17,87.9497,84.8619,1.0
125,Improving,18,97.4431,90.4536,1.0
125,Improving,19,95.4078,92.6554,1.0
125,Improving,20,86.4426,89.8942,1.0
126,Improving,1,48.9238,48.9238,0.2
126,Improving,2,61.2799,58.8087,0.4
126,Improving,3,53.6679,55.3815,0.6
126,Improving,4,48.1029,51.2223,0.8
126,Improving,5,68.9389,60.0806,1.0
126,Improving,6,65.2541,62.3799,1.0
126,Improving,7,63.8605,63.0379,1.0
126,Improving,8,64.7219,63.7863,1.0
126,Improving,9,74.3591,68.4854,1.0
126,Improving,10,68.6059,68.5389,1.0
126,Improving,11,79.4255,73.3774,1.0
126,Improving,12,78.7636,75.7713,1.0
126,Improving,13,79.6445,77.4927,1.0
126,Improving,14,81.517,79.2813,1.0
126,Improving,15,82.2831,80.6154,1.0
126,Improving,16,90.7545,85.1217,1.0
126,Improving,17,83.568,84.4312,1.0
126,Improving,18,82.1535,83.4189,1.0
126,Improving,19,95.7038,88.8788,1.0
126,Improving,20,98.1562,93.0021,1.0
127,Improving,1,52.4012,52.4012,0.2
127,Improving,2,54.4071,54.0059,0.4
127,Improving,3,53.1341,53.4247,0.6
127,Improving,4,61.0427,57.7778,0.8
127,Improving,5,59.2459,58.5119,1.0
127,Improving,6,59.4065,58.9095,1.0
127,Improving,7,62.6511,60.5724,1.0
127,Improving,8,76.6821,67.7323,1.0
127,Improving,9,60.2725,64.4168,1.0
127,Improving,10,73.8147,68.5937,1.0
127,Improving,11,65.2887,67.1248,1.0
127,Improving,12,75.5115,70.8522,1.0
127,Improving,13,76.2529,73.2525,1.0
127,Improving,14,70.3643,71.9689,1.0
127,Improving,15,85.1031,77.8063,1.0
127,Improving,16,83.6261,80.3929,1.0
127,Improving,17,77.3987,79.0621,1.0
127,Improving,18,94.461,85.9061,1.0
127,Improving,19,99.8066,92.0841,1.0
127,Improving,20,100.0,95.6023,1.0
128,Improving,1,51.7948,51.7948,0.2
128,Improving,2,52.5987,52.4379,0.4
128,Improving,3,61.3776,58.3977,0.6
128,Improving,4,65.5172,62.466,0.8
128,Improving,5,65.1415,63.8038,1.0
128,Improving,6,57.1344,60.8396,1.0
128,Improving,7,65.2173,62.7852,1.0
128,Improving,8,68.7765,65.448,1.0
128,Improving,9,59.8993,62.9819,1.0
128,Improving,10,73.6626,67.7289,1.0
128,Improving,11,85.0492,75.4268,1.0
128,Improving,12,79.2523,77.127,1.0
128,Improving,13,85.7881,80.9764,1.0
128,Improving,14,81.704,81.2998,1.0
128,Improving,15,82.7918,81.9629,1.0
128,Improving,16,87.4327,84.3939,1.0
128,Improving,17,83.8156,84.1369,1.0
128,Improving,18,85.4443,84.718,1.0
128,Improving,19,98.9631,91.0491,1.0
128,Improving,20,100.0,95.0273,1.0
129,Improving,1,45.0445,45.0445,0.2
129,Improving,2,57.2084,54.7756,0.4
129,Improving,3,54.302,54.4599,0.6
129,Improving,4,58.8043,56.9424,0.8
129,Improving,5,61.7748,59.3586,1.0
129,Improving,6,66.8139,62.672,1.0
129,Improving,7,64.6241,63.5396,1.0
129,Improving,8,73.6298,68.0241,1.0
129,Improving,9,70.4944,69.122,1.0
129,Improving,10,74.4367,71.4841,1.0
129,Improving,11,69.5179,70.6102,1.0
129,Improving,12,86.8459,77.8261,1.0
129,Improving,13,80.7702,79.1346,1.0
129,Improving,14,84.3545,81.4545,1.0
129,Improving,15,75.117,78.6378,1.0
129,Improving,16,81.4128,79.8712,1.0
129,Improving,17,94.0842,86.188,1.0
129,Improving,18,91.6976,88.6367,1.0
129,Improving,19,83.0627,86.1594,1.0
129,Improving,20,100.0,92.3108,1.0
130,Improving,1,47.2811,47.2811,0.2
130,Improving,2,59.425,56.9962,0.4
130,Improving,3,54.2977,55.1972,0.6
130,Improving,4,58.1288,56.8724,0.8
130,Improving,5,65.3685,61.1204,1.0
130,Improving,6,57.3546,59.4467,1.0
130,Improving,7,59.2463,59.3577,1.0
130,Improving,8,65.5965,62.1305,1.0
130,Improving,9,73.0832,66.9984,1.0
130,Improving,10,64.6614,65.9597,1.0
130,Improving,11,65.344,65.6861,1.0
130,Improving,12,80.1712,72.1239,1.0
130,Improving,13,75.4062,73.5827,1.0
130,Improving,14,78.8283,75.9141,1.0
130,Improving,15,73.8738,75.0073,1.0
130,Improving,16,82.1314,78.1736,1.0
130,Improving,17,87.8569,82.4773,1.0
130,Improving,18,94.915,88.0052,1.0
130,Improving,19,88.7754,88.3475,1.0
130,Improving,20,100.0,93.5264,1.0
131,Improving,1,46.5772,46.5772,0.2
131,Improving,2,48.953,48.4778,0.4
131,Improving,3,62.4236,57.775,0.6
131,Improving,4,58.1626,57.9965,0.8
131,Improving,5,56.7136,57.355,1.0
131,Improving,6,61.0664,59.0045,1.0
131,Improving,7,70.9759,64.3251,1.0
131,Improving,8,73.91,68.5851,1.0
131,Improving,9,64.8634,66.931,1.0
131,Improving,10,71.1036,68.7855,1.0
131,Improving,11,74.135,71.163,1.0
131,Improving,12,71.1214,71.1446,1.0
131,Improving,13,78.1426,74.2548,1.0
131,Improving,14,80.8161,77.1709,1.0
131,Improving,15,88.8589,82.3656,1.0
131,Improving,16,91.5634,86.4535,1.0
131,Improving,17,86.2487,86.3625,1.0
131,Improving,18,89.1934,87.6207,1.0
131,Improving,19,95.953,91.3239,1.0
131,Improving,20,92.0741,91.6573,1.0
132,Improving,1,52.9432,52.9432,0.2
132,Improving,2,51.9289,52.1318,0.4
132,Improving,3,49.8898,50.6371,0.6
132,Improving,4,52.3211,51.5994,0.8
132,Improving,5,66.709,59.1542,1.0
132,Improving,6,61.06,60.0012,1.0
132,Improving,7,72.4123,65.5173,1.0
132,Improving,8,64.0108,64.8477,1.0
132,Improving,9,70.4034,67.3169,1.0
132,Improving,10,83.2792,74.4112,1.0
132,Improving,11,68.3973,71.7384,1.0
132,Improving,12,66.5636,69.4385,1.0
132,Improving,13,84.854,76.2898,1.0
132,Improving,14,76.6554,76.4523,1.0
132,Improving,15,83.0544,79.3866,1.0
132,Improving,16,82.5967,80.8133,1.0
132,Improving,17,89.2356,84.5565,1.0
132,Improving,18,85.5105,84.9805,1.0
132,Improving,19,91.7319,87.9811,1.0
132,Improving,20,97.2491,92.1002,1.0
133,Improving,1,44.9585,44.9585,0.2
133,Improving,2,48.868,48.0861,0.4
133,Improving,3,52.9999,51.362,0.6
133,Improving,4,49.9612,50.5615,0.8
133,Improving,5,57.3609,53.9612,1.0
133,Improving,6,62.4361,57.7278,1.0
133,Improving,7,62.2128,59.7211,1.0
133,Improving,8,65.2221,62.166,1.0
133,Improving,9,68.8479,65.1357,1.0
133,Improving,10,68.0371,66.4252,1.0
133,Improving,11,77.1395,71.1871,1.0
133,Improving,12,83.2325,76.5406,1.0
133,Improving,13,76.0992,76.3444,1.0
133,Improving,14,83.2155,79.3982,1.0
133,Improving,15,81.9598,80.5367,1.0
133,Improving,16,87.3538,83.5665,1.0
133,Improving,17,95.7236,88.9697,1.0
133,Improving,18,92.8065,90.6749,1.0
133,Improving,19,83.7645,87.6036,1.0
133,Improving,20,97.27,91.8998,1.0
134,Improving,1,56.1643,56.1643,0.2
134,Improving,2,51.2604,52.2412,0.4
134,Improving,3,59.715,57.2237,0.6
134,Improving,4,53.6547,55.1843,0.8
134,Improving,5,52.046,53.6151,1.0
134,Improving,6,62.548,57.5853,1.0
134,Improving,7,55.4281,56.6266,1.0
134,Improving,8,65.3801,60.517,1.0
134,Improving,9,75.3816,67.1235,1.0
134,Improving,10,61.767,64.7428,1.0
134,Improving,11,67.2867,65.8734,1.0
134,Improving,12,70.8925,68.1041,1.0
134,Improving,13,78.1045,72.5487,1.0
134,Improving,14,78.9609,75.3986,1.0
134,Improving,15,90.1536,81.9564,1.0
134,Improving,16,90.2981,85.6638,1.0
134,Improving,17,90.3711,87.7559,1.0
134,Improving,18,90.9913,89.1939,1.0
134,Improving,19,94.5977,91.5956,1.0
134,Improving,20,90.6901,91.1931,1.0
135,Improving,1,54.2861,54.2861,0.2
135,Improving,2,46.8082,48.3038,0.4
135,Improving,3,58.9137,55.3771,0.6
135,Improving,4,63.036,59.7536,0.8
135,Improving,5,60.528,60.1408,1.0
135,Improving,6,60.961,60.5054,1.0
135,Improving,7,66.2121,63.0417,1.0
135,Improving,8,52.2714,58.2549,1.0
135,Improving,9,70.4587,63.6788,1.0
135,Improving,10,70.749,66.8211,1.0
135,Improving,11,73.4311,69.7589,1.0
135,Improving,12,79.5853,74.1262,1.0
135,Improving,13,78.0472,75.8689,1.0
135,Improving,14,75.0884,75.522,1.0
135,Improving,15,82.4509,78.6015,1.0
135,Improving,16,85.8641,81.8293,1.0
135,Improving,17,88.4694,84.7805,1.0
135,Improving,18,91.0728,87.577,1.0
135,Improving,19,97.8284,92.1332,1.0
135,Improving,20,89.5698,90.9939,1.0
136,Improving,1,50.8785,50.8785,0.2
136,Improving,2,58.8181,57.2302,0.4
136,Improving,3,46.0638,49.7859,0.6
136,Improving,4,58.0035,54.4817,0.8
136,Improving,5,56.5468,55.5142,1.0
136,Improving,6,59.9886,57.5028,1.0
136,Improving,7,59.6865,58.4733,1.0
136,Improving,8,65.7312,61.6991,1.0
136,Improving,9,78.1536,69.0122,1.0
136,Improving,10,64.9936,67.2262,1.0
136,Improving,11,67.8362,67.4973,1.0
136,Improving,12,69.543,68.4065,1.0
136,Improving,13,87.0581,76.6961,1.0
136,Improving,14,78.4778,77.488,1.0
136,Improving,15,83.0297,79.951,1.0
136,Improving,16,83.5124,81.5338,1.0
136,Improving,17,83.1726,82.2622,1.0
136,Improving,18,89.0874,85.2956,1.0
136,Improving,19,100.0,91.8309,1.0
136,Improving,20,100.0,95.4616,1.0
137,Improving,1,45.7353,45.7353,0.2
137,Improving,2,55.6063,53.6321,0.4
137,Improving,3,50.5792,51.5969,0.6
137,Improving,4,48.2234,49.6692,0.8
137,Improving,5,64.5712,57.1202,1.0
137,Improving,6,67.6426,61.7968,1.0
137,Improving,7,69.4408,65.1941,1.0
137,Improving,8,64.2296,64.7655,1.0
137,Improving,9,68.1135,66.2535,1.0
137,Improving,10,75.0646,70.1695,1.0
137,Improving,11,75.6417,72.6016,1.0
137,Improving,12,74.0844,73.2606,1.0
137,Improving,13,70.3257,71.9562,1.0
137,Improving,14,81.3588,76.1352,1.0
137,Improving,15,88.5529,81.6542,1.0
137,Improving,16,79.5384,80.7138,1.0
137,Improving,17,91.0885,85.3248,1.0
137,Improving,18,91.9209,88.2564,1.0
137,Improving,19,96.3823,91.8679,1.0
137,Improving,20,99.3599,95.1977,1.0
138,Improving,1,46.5277,46.5277,0.2
138,Improving,2,44.2836,44.7324,0.4
138,Improving,3,52.0692,49.6236,0.6
138,Improving,4,61.5509,56.4392,0.8
138,Improving,5,56.7637,56.6014,1.0
138,Improving,6,58.3719,57.3883,1.0
138,Improving,7,55.1038,56.373,1.0
138,Improving,8,75.3422,64.8037,1.0
138,Improving,9,73.0759,68.4803,1.0
138,Improving,10,75.1653,71.4514,1.0
138,Improving,11,78.5228,74.5942,1.0
138,Improving,12,78.9362,76.524,1.0
138,Improving,13,77.1994,76.8242,1.0
138,Improving,14,79.9707,78.2226,1.0
138,Improving,15,81.0201,79.4659,1.0
138,Improving,16,98.7,88.0144,1.0
138,Improving,17,90.6743,89.1966,1.0
138,Improving,18,87.9442,88.6399,1.0
138,Improving,19,94.9591,91.4484,1.0
138,Improving,20,89.9457,90.7805,1.0
139,Improving,1,57.5225,57.5225,0.2
139,Improving,2,49.0631,50.755,0.4
139,Improving,3,57.2423,55.0798,0.6
139,Improving,4,62.4352,59.2829,0.8
139,Improving,5,61.3975,60.3402,1.0
139,Improving,6,62.3145,61.2176,1.0
139,Improving,7,64.2645,62.5718,1.0
139,Improving,8,66.2967,64.2273,1.0
139,Improving,9,66.0639,65.0436,1.0
139,Improving,10,69.0684,66.8324,1.0
139,Improving,11,81.0822,73.1656,1.0
139,Improving,12,75.5099,74.2075,1.0
139,Improving,13,74.4921,74.334,1.0
139,Improving,14,78.208,76.0558,1.0
139,Improving,15,88.6597,81.6575,1.0
139,Improving,16,88.9043,84.8783,1.0
139,Improving,17,90.6964,87.4641,1.0
139,Improving,18,88.9756,88.1359,1.0
139,Improving,19,95.4984,91.4081,1.0
139,Improving,20,91.7822,91.5744,1.0
140,Improving,1,48.7019,48.7019,0.2
140,Improving,2,57.2174,55.5143,0.4
140,Improving,3,59.1082,57.9103,0.6
140,Improving,4,52.1957,54.6448,0.8
140,Improving,5,55.1961,54.9204,1.0
140,Improving,6,62.3856,58.2383,1.0
140,Improving,7,72.8412,64.7285,1.0
140,Improving,8,57.0011,61.2941,1.0
140,Improving,9,70.339,65.3141,1.0
140,Improving,10,64.4356,64.9236,1.0
140,Improving,11,70.5126,67.4076,1.0
140,Improving,12,74.2305,70.44,1.0
140,Improving,13,76.3185,73.0527,1.0
140,Improving,14,78.1205,75.305,1.0
140,Improving,15,83.1939,78.8112,1.0
140,Improving,16,82.85,80.6062,1.0
140,Improving,17,80.5824,80.5957,1.0
140,Improving,18,94.1625,86.6254,1.0
140,Improving,19,96.3959,90.9678,1.0
140,Improving,20,99.2159,94.6336,1.0
141,Improving,1,42.2963,42.2963,0.2
141,Improving,2,53.863,51.5497,0.4
141,Improving,3,58.1167,55.9277,0.6
141,Improving,4,51.9493,53.6543,0.8
141,Improving,5,59.5196,56.5869,1.0
141,Improving,6,61.2608,58.6642,1.0
141,Improving,7,73.4213,65.2229,1.0
141,Improving,8,76.2014,70.1022,1.0
141,Improving,9,60.6256,65.8904,1.0
141,Improving,10,83.7854,73.8437,1.0
141,Improving,11,69.1081,71.739,1.0
141,Improving,12,80.956,75.8354,1.0
141,Improving,13,83.2735,79.1413,1.0
141,Improving,14,75.811,77.6612,1.0
141,Improving,15,85.6242,81.2003,1.0
141,Improving,16,84.9886,82.884,1.0
141,Improving,17,90.6664,86.3428,1.0
141,Improving,18,91.4165,88.5978,1.0
141,Improving,19,98.6133,93.0491,1.0
141,Improving,20,95.377,94.0837,1.0
142,Improving,1,49.1606,49.1606,0.2
142,Improving,2,57.8487,56.1111,0.4
142,Improving,3,57.6388,57.1296,0.6
142,Improving,4,60.7643,59.2066,0.8
142,Improving,5,56.1508,57.6787,1.0
142,Improving,6,56.6158,57.2063,1.0
142,Improving,7,61.3719,59.0577,1.0
142,Improving,8,63.4748,61.0209,1.0
142,Improving,9,72.8784,66.2909,1.0
142,Improving,10,76.1957,70.693,1.0
142,Improving,11,72.9086,71.6777,1.0
142,Improving,12,83.2072,76.8019,1.0
142,Improving,13,85.2634,80.5626,1.0
142,Improving,14,82.0065,81.2043,1.0
142,Improving,15,79.0484,80.2461,1.0
142,Improving,16,93.4032,86.0937,1.0
142,Improving,17,87.5897,86.7586,1.0
142,Improving,18,90.894,88.5965,1.0
142,Improving,19,90.9336,89.6352,1.0
142,Improving,20,90.551,90.0423,1.0
143,Improving,1,42.6568,42.6568,0.2
143,Improving,2,55.5328,52.9576,0.4
143,Improving,3,50.8198,51.5324,0.6
143,Improving,4,72.4029,63.4584,0.8
143,Improving,5,54.0433,58.7509,1.0
143,Improving,6,55.5552,57.3306,1.0
143,Improving,7,66.7612,61.522,1.0
143,Improving,8,74.2255,67.168,1.0
143,Improving,9,69.2703,68.1024,1.0
143,Improving,10,74.177,70.8022,1.0
143,Improving,11,64.4665,67.9863,1.0
143,Improving,12,72.6651,70.0658,1.0
143,Improving,13,73.053,71.3934,1.0
143,Improving,14,71.3142,71.3582,1.0
143,Improving,15,83.7428,76.8625,1.0
143,Improving,16,74.3122,75.729,1.0
143,Improving,17,81.2838,78.1978,1.0
143,Improving,18,87.5772,82.3664,1.0
143,Improving,19,88.4751,85.0814,1.0
143,Improving,20,96.982,90.3706,1.0
144,Improving,1,51.5279,51.5279,0.2
144,Improving,2,56.8374,55.7755,0.4
144,Improving,3,58.4988,57.591,0.6
144,Improving,4,62.8093,60.5729,0.8
144,Improving,5,59.4641,60.0185,1.0
144,Improving,6,63.3594,61.5034,1.0
144,Improving,7,66.7681,63.8432,1.0
144,Improving,8,67.2872,65.3739,1.0
144,Improving,9,66.9614,66.0795,1.0
144,Improving,10,69.6536,67.668,1.0
144,Improving,11,69.5964,68.525,1.0
144,Improving,12,78.1607,72.8076,1.0
144,Improving,13,77.951,75.0935,1.0
144,Improving,14,77.4736,76.1513,1.0
144,Improving,15,79.8467,77.7937,1.0
144,Improving,16,79.4743,78.5406,1.0
144,Improving,17,92.7889,84.8732,1.0
144,Improving,18,90.6562,87.4435,1.0
144,Improving,19,88.3176,87.832,1.0
144,Improving,20,99.0427,92.8145,1.0
145,Improving,1,47.1978,47.1978,0.2
145,Improving,2,45.3359,45.7083,0.4
145,Improving,3,59.843,55.1314,0.6
145,Improving,4,54.4198,54.7248,0.8
145,Improving,5,57.4292,56.077,1.0
145,Improving,6,62.048,58.7308,1.0
145,Improving,7,69.9235,63.7053,1.0
145,Improving,8,66.6791,65.027,1.0
145,Improving,9,62.9518,64.1047,1.0
145,Improving,10,74.0352,68.5182,1.0
145,Improving,11,71.2593,69.7365,1.0
145,Improving,12,85.4923,76.739,1.0
145,Improving,13,78.4155,77.4841,1.0
145,Improving,14,69.6143,73.9864,1.0
145,Improving,15,84.9447,78.8568,1.0
145,Improving,16,95.2493,86.1423,1.0
145,Improving,17,95.7743,90.4232,1.0
145,Improving,18,99.4179,94.4209,1.0
145,Improving,19,87.5328,91.3595,1.0
145,Improving,20,99.5608,95.0045,1.0
146,Improving,1,46.39,46.39,0.2
146,Improving,2,53.4899,52.0699,0.4
146,Improving,3,48.3721,49.6047,0.6
146,Improving,4,53.883,52.0494,0.8
146,Improving,5,56.0925,54.0709,1.0
146,Improving,6,66.3349,59.5216,1.0
146,Improving,7,68.2141,63.3849,1.0
146,Improving,8,67.963,65.4196,1.0
146,Improving,9,62.1953,63.9866,1.0
146,Improving,10,69.7576,66.5515,1.0
146,Improving,11,69.9536,68.0635,1.0
146,Improving,12,80.401,73.5469,1.0
146,Improving,13,84.312,78.3314,1.0
146,Improving,14,86.0714,81.7714,1.0
146,Improving,15,79.3818,80.7093,1.0
146,Improving,16,71.8287,76.7624,1.0
146,Improving,17,79.0599,77.7835,1.0
146,Improving,18,97.3713,86.4892,1.0
146,Improving,19,90.6253,88.3275,1.0
146,Improving,20,91.2464,89.6248,1.0
147,Improving,1,58.2133,58.2133,0.2
147,Improving,2,58.6942,58.598,0.4
147,Improving,3,54.8591,56.1054,0.6
147,Improving,4,55.6382,55.8385,0.8
147,Improving,5,58.8132,57.3258,1.0
147,Improving,6,62.9779,59.8379,1.0
147,Improving,7,72.2108,65.3369,1.0
147,Improving,8,68.6913,66.8278,1.0
147,Improving,9,72.5775,69.3832,1.0
147,Improving,10,77.1621,72.8405,1.0
147,Improving,11,67.8358,70.6162,1.0
147,Improving,12,79.8269,74.7099,1.0
147,Improving,13,76.9482,75.7047,1.0
147,Improving,14,68.209,72.3733,1.0
147,Improving,15,72.517,72.4372,1.0
147,Improving,16,80.4357,75.9921,1.0
147,Improving,17,90.5509,82.4626,1.0
147,Improving,18,90.8322,86.1824,1.0
147,Improving,19,93.5534,89.4584,1.0
147,Improving,20,100.0,94.1436,1.0
148,Improving,1,43.6546,43.6546,0.2
148,Improving,2,52.2313,50.5159,0.4
148,Improving,3,56.259,54.3447,0.6
148,Improving,4,53.4239,53.8185,0.8
148,Improving,5,59.6153,56.7169,1.0
148,Improving,6,53.8424,55.4393,1.0
148,Improving,7,71.2601,62.4708,1.0
148,Improving,8,63.1709,62.7819,1.0
148,Improving,9,79.1044,70.0363,1.0
148,Improving,10,71.1534,70.5328,1.0
148,Improving,11,78.8245,74.218,1.0
148,Improving,12,75.7861,74.9149,1.0
148,Improving,13,78.2673,76.4049,1.0
148,Improving,14,77.8693,77.0558,1.0
148,Improving,15,83.7535,80.0325,1.0
148,Improving,16,87.1163,83.1809,1.0
148,Improving,17,83.9734,83.5331,1.0
148,Improving,18,89.6379,86.2464,1.0
148,Improving,19,89.5811,87.7285,1.0
148,Improving,20,100.0,93.1825,1.0
149,Improving,1,49.5513,49.5513,0.2
149,Improving,2,60.0946,57.9859,0.4
149,Improving,3,53.7587,55.1678,0.6
149,Improving,4,58.4017,57.0157,0.8
149,Improving,5,52.8669,54.9413,1.0
149,Improving,6,59.6067,57.0148,1.0
149,Improving,7,65.2632,60.6808,1.0
149,Improving,8,74.509,66.8266,1.0
149,Improving,9,70.0573,68.2625,1.0
149,Improving,10,78.2344,72.6944,1.0
149,Improving,11,76.8879,74.5582,1.0
149,Improving,12,84.1896,78.8388,1.0
149,Improving,13,78.1258,78.5219,1.0
149,Improving,14,92.7406,84.8413,1.0
149,Improving,15,80.7309,83.0145,1.0
149,Improving,16,81.694,82.4276,1.0
149,Improving,17,81.8445,82.1684,1.0
149,Improving,18,100.0,90.0936,1.0
149,Improving,19,96.7288,93.0426,1.0
149,Improving,20,93.3294,93.17,1.0
150,Improving,1,56.2451,56.2451,0.2
150,Improving,2,55.8069,55.8945,0.4
150,Improving,3,64.5675,61.6765,0.6
150,Improving,4,49.3661,54.642,0.8
150,Improving,5,58.1469,56.3944,1.0
150,Improving,6,59.5295,57.7878,1.0
150,Improving,7,54.3421,56.2564,1.0
150,Improving,8,71.8806,63.2005,1.0
150,Improving,9,67.5954,65.1538,1.0
150,Improving,10,75.0139,69.5361,1.0
150,Improving,11,85.4831,76.6236,1.0
150,Improving,12,74.2864,75.5849,1.0
150,Improving,13,76.3153,75.9095,1.0
150,Improving,14,81.3828,78.3421,1.0
150,Improving,15,88.0941,82.6763,1.0
150,Improving,16,82.6928,82.6836,1.0
150,Improving,17,84.7399,83.5975,1.0
150,Improving,18,95.5491,88.9093,1.0
150,Improving,19,94.5248,91.4051,1.0
150,Improving,20,84.7764,88.459,1.0
151,Improving,1,43.873,43.873,0.2
151,Improving,2,59.8746,56.6743,0.4
151,Improving,3,56.7465,56.7224,0.6
151,Improving,4,53.2943,54.7635,0.8
151,Improving,5,58.6216,56.6926,1.0
151,Improving,6,61.9083,59.0107,1.0
151,Improving,7,67.8892,62.9567,1.0
151,Improving,8,59.7876,61.5482,1.0
151,Improving,9,64.7426,62.9679,1.0
151,Improving,10,72.6806,67.2847,1.0
151,Improving,11,73.185,69.9071,1.0
151,Improving,12,78.9119,73.9092,1.0
151,Improving,13,72.2735,73.1822,1.0
151,Improving,14,82.5751,77.3569,1.0
151,Improving,15,88.6158,82.3608,1.0
151,Improving,16,87.9604,84.8495,1.0
151,Improving,17,88.5903,86.5121,1.0
151,Improving,18,89.7837,87.9662,1.0
151,Improving,19,88.4573,88.1845,1.0
151,Improving,20,94.64,91.0536,1.0
152,Improving,1,56.2985,56.2985,0.2
152,Improving,2,51.7733,52.6783,0.4
152,Improving,3,50.2878,51.0847,0.6
152,Improving,4,54.644,53.1186,0.8
152,Improving,5,60.4779,56.7983,1.0
152,Improving,6,59.9745,58.2099,1.0
152,Improving,7,66.637,61.9553,1.0
152,Improving,8,69.1932,65.1721,1.0
152,Improving,9,73.3923,68.8255,1.0
152,Improving,10,78.4336,73.0958,1.0
152,Improving,11,78.6635,75.5703,1.0
152,Improving,12,71.3814,73.7086,1.0
152,Improving,13,73.9034,73.7952,1.0
152,Improving,14,80.4106,76.7354,1.0
152,Improving,15,80.902,78.5872,1.0
152,Improving,16,79.8347,79.1416,1.0
152,Improving,17,85.6863,82.0504,1.0
152,Improving,18,87.8906,84.646,1.0
152,Improving,19,89.2723,86.7022,1.0
152,Improving,20,93.4211,89.6883,1.0
153,Improving,1,55.8923,55.8923,0.2
153,Improving,2,53.3646,53.8701,0.4
153,Improving,3,67.0959,62.6873,0.6
153,Improving,4,57.9578,59.9847,0.8
153,Improving,5,58.0234,59.004,1.0
153,Improving,6,61.8628,60.2746,1.0
153,Improving,7,65.493,62.5939,1.0
153,Improving,8,68.7552,65.3323,1.0
153,Improving,9,79.3309,71.5539,1.0
153,Improving,10,67.0892,69.5696,1.0
153,Improving,11,77.9794,73.3073,1.0
153,Improving,12,77.0914,74.9891,1.0
153,Improving,13,70.5656,73.0231,1.0
153,Improving,14,84.643,78.1875,1.0
153,Improving,15,89.496,83.2135,1.0
153,Improving,16,81.2404,82.3366,1.0
153,Improving,17,87.8501,84.787,1.0
153,Improving,18,81.6364,83.3867,1.0
153,Improving,19,86.3375,84.6982,1.0
153,Improving,20,100.0,91.499,1.0
154,Improving,1,47.6679,47.6679,0.2
154,Improving,2,46.8244,46.9931,0.4
154,Improving,3,55.8841,52.9205,0.6
154,Improving,4,54.4932,53.8192,0.8
154,Improving,5,57.1196,55.4694,1.0
154,Improving,6,65.5387,59.9446,1.0
154,Improving,7,58.4019,59.259,1.0
154,Improving,8,62.0521,60.5004,1.0
154,Improving,9,69.7178,64.597,1.0
154,Improving,10,76.1628,69.7374,1.0
154,Improving,11,79.875,74.243,1.0
154,Improving,12,72.7273,73.5694,1.0
154,Improving,13,83.1079,77.8087,1.0
154,Improving,14,76.8688,77.391,1.0
154,Improving,15,92.2889,84.0123,1.0
154,Improving,16,79.8575,82.1657,1.0
154,Improving,17,94.5371,87.6641,1.0
154,Improving,18,86.9807,87.3604,1.0
154,Improving,19,100.0,92.978,1.0
154,Improving,20,97.9566,95.1907,1.0
155,Improving,1,44.9199,44.9199,0.2
155,Improving,2,49.7572,48.7898,0.4
155,Improving,3,58.6427,55.3584,0.6
155,Improving,4,62.3685,59.3642,0.8
155,Improving,5,59.1201,59.2421,1.0
155,Improving,6,62.0654,60.4969,1.0
155,Improving,7,68.0023,63.8326,1.0
155,Improving,8,67.2379,65.3461,1.0
155,Improving,9,62.4798,64.0722,1.0
155,Improving,10,67.2509,65.485,1.0
155,Improving,11,74.8598,69.6516,1.0
155,Improving,12,82.13,75.1976,1.0
155,Improving,13,86.501,80.2213,1.0
155,Improving,14,84.6871,82.2061,1.0
155,Improving,15,84.5943,83.2675,1.0
155,Improving,16,89.2704,85.9355,1.0
155,Improving,17,84.561,85.3246,1.0
155,Improving,18,89.497,87.179,1.0
155,Improving,19,88.5109,87.771,1.0
155,Improving,20,88.7563,88.2089,1.0
156,Improving,1,51.6677,51.6677,0.2
156,Improving,2,53.296,52.9703,0.4
156,Improving,3,58.1751,56.4402,0.6
156,Improving,4,59.8358,58.3805,0.8
156,Improving,5,60.6869,59.5337,1.0
156,Improving,6,64.6252,61.7966,1.0
156,Improving,7,63.9971,62.7746,1.0
156,Improving,8,68.6434,65.383,1.0
156,Improving,9,65.3166,65.3535,1.0
156,Improving,10,73.1643,68.825,1.0
156,Improving,11,77.0263,72.47,1.0
156,Improving,12,72.7042,72.5741,1.0
156,Improving,13,78.6802,75.2879,1.0
156,Improving,14,77.6715,76.3473,1.0
156,Improving,15,80.5254,78.2042,1.0
156,Improving,16,79.9017,78.9586,1.0
156,Improving,17,94.2236,85.7431,1.0
156,Improving,18,95.5916,90.1202,1.0
156,Improving,19,95.3187,92.4307,1.0
156,Improving,20,100.0,95.7948,1.0
157,Improving,1,49.0538,49.0538,0.2
157,Improving,2,67.5272,63.8325,0.4
157,Improving,3,53.5992,57.0103,0.6
157,Improving,4,58.3812,57.7937,0.8
157,Improving,5,57.4848,57.6392,1.0
157,Improving,6,63.7037,60.3346,1.0
157,Improving,7,68.3886,63.9141,1.0
157,Improving,8,66.0094,64.8454,1.0
157,Improving,9,77.831,70.6167,1.0
157,Improving,10,72.5115,71.4589,1.0
157,Improving,11,75.0366,73.049,1.0
157,Improving,12,71.5076,72.3639,1.0
157,Improving,13,80.5135,75.986,1.0
157,Improving,14,80.1193,77.823,1.0
157,Improving,15,80.1167,78.8424,1.0
157,Improving,16,81.6439,80.0876,1.0
157,Improving,17,100.0,88.9375,1.0
157,Improving,18,88.9458,88.9412,1.0
157,Improving,19,85.3467,87.3436,1.0
157,Improving,20,91.5089,89.1949,1.0
158,Improving,1,49.7422,49.7422,0.2
158,Improving,2,55.1018,54.0298,0.4
158,Improving,3,57.5108,56.3505,0.6
158,Improving,4,60.4883,58.715,0.8
158,Improving,5,56.2494,57.4822,1.0
158,Improving,6,63.5443,60.1765,1.0
158,Improving,7,59.8302,60.0226,1.0
158,Improving,8,63.4807,61.5595,1.0
158,Improving,9,64.3588,62.8037,1.0
158,Improving,10,65.3738,63.946,1.0
158,Improving,11,79.0053,70.639,1.0
158,Improving,12,79.4957,74.5753,1.0
158,Improving,13,83.3044,78.4549,1.0
158,Improving,14,80.986,79.5798,1.0
158,Improving,15,87.0419,82.8963,1.0
158,Improving,16,76.7199,80.1512,1.0
158,Improving,17,92.2102,85.5108,1.0
158,Improving,18,91.1488,88.0165,1.0
158,Improving,19,95.7671,91.4612,1.0
158,Improving,20,96.9001,93.8785,1.0
159,Improving,1,45.0647,45.0647,0.2
159,Improving,2,44.8782,44.9155,0.4
159,Improving,3,51.1766,49.0896,0.6
159,Improving,4,59.9298,55.284,0.8
159,Improving,5,62.9241,59.1041,1.0
159,Improving,6,55.0024,57.2811,1.0
159,Improving,7,59.305,58.1806,1.0
159,Improving,8,62.9628,60.306,1.0
159,Improving,9,67.1608,63.3526,1.0
159,Improving,10,64.5055,63.865,1.0
159,Improving,11,66.574,65.069,1.0
159,Improving,12,71.9435,68.1243,1.0
159,Improving,13,78.8523,72.8923,1.0
159,Improving,14,74.8865,73.7786,1.0
159,Improving,15,82.5789,77.6898,1.0
159,Improving,16,90.8191,83.5251,1.0
159,Improving,17,81.3858,82.5743,1.0
159,Improving,18,89.2309,85.5328,1.0
159,Improving,19,97.7554,90.965,1.0
159,Improving,20,92.9087,91.8289,1.0
160,Improving,1,47.1317,47.1317,0.2
160,Improving,2,58.1859,55.9751,0.4
160,Improving,3,53.2058,54.1289,0.6
160,Improving,4,62.6277,58.9854,0.8
160,Improving,5,61.6185,60.3019,1.0
160,Improving,6,60.1279,60.2246,1.0
160,Improving,7,66.609,63.0621,1.0
160,Improving,8,68.1812,65.3372,1.0
160,Improving,9,74.0518,69.2104,1.0
160,Improving,10,68.5741,68.9276,1.0
160,Improving,11,73.8902,71.1332,1.0
160,Improving,12,75.7451,73.1829,1.0
160,Improving,13,81.9418,77.0757,1.0
160,Improving,14,75.6636,76.4481,1.0
160,Improving,15,88.2428,81.6902,1.0
160,Improving,16,87.858,84.4314,1.0
160,Improving,17,81.3101,83.0442,1.0
160,Improving,18,96.3045,88.9376,1.0
160,Improving,19,100.0,93.8542,1.0
160,Improving,20,100.0,96.5857,1.0
161,Improving,1,57.1349,57.1349,0.2
161,Improving,2,52.7953,53.6632,0.4
161,Improving,3,46.4293,48.8406,0.6
161,Improving,4,47.8847,48.2944,0.8
161,Improving,5,60.7491,54.5217,1.0
161,Improving,6,58.8822,56.4597,1.0
161,Improving,7,59.6376,57.8721,1.0
161,Improving,8,66.2652,61.6024,1.0
161,Improving,9,72.0253,66.2348,1.0
161,Improving,10,64.052,65.2647,1.0
161,Improving,11,71.4398,68.0092,1.0
161,Improving,12,83.602,74.9393,1.0
161,Improving,13,73.0446,74.0972,1.0
161,Improving,14,85.1383,79.0044,1.0
161,Improving,15,80.7342,79.7732,1.0
161,Improving,16,88.2553,83.543,1.0
161,Improving,17,93.3814,87.9156,1.0
161,Improving,18,93.9696,90.6063,1.0
161,Improving,19,97.1774,93.5268,1.0
161,Improving,20,89.242,91.6224,1.0
162,Improving,1,55.5683,55.5683,0.2
162,Improving,2,48.105,49.5976,0.4
162,Improving,3,56.0346,53.8889,0.6
162,Improving,4,58.3965,56.4647,0.8
162,Improving,5,61.8993,59.182,1.0
162,Improving,6,63.5269,61.1131,1.0
162,Improving,7,59.9915,60.6146,1.0
162,Improving,8,59.8296,60.2657,1.0
162,Improving,9,73.3091,66.0628,1.0
162,Improving,10,72.245,68.8104,1.0
162,Improving,11,79.4311,73.5307,1.0
162,Improving,12,75.829,74.5522,1.0
162,Improving,13,71.3952,73.1491,1.0
162,Improving,14,85.6201,78.6918,1.0
162,Improving,15,81.306,79.8537,1.0
162,Improving,16,87.2363,83.1349,1.0
162,Improving,17,84.6574,83.8116,1.0
162,Improving,18,98.4847,90.3329,1.0
162,Improving,19,88.2488,89.4066,1.0
162,Improving,20,93.3129,91.1427,1.0
163,Improving,1,50.5372,50.5372,0.2
163,Improving,2,46.9075,47.6335,0.4
163,Improving,3,56.3894,53.4708,0.6
163,Improving,4,65.1648,60.1531,0.8
163,Improving,5,57.0214,58.5872,1.0
163,Improving,6,63.8178,60.9119,1.0
163,Improving,7,50.4633,56.2681,1.0
163,Improving,8,66.3843,60.7642,1.0
163,Improving,9,67.3822,63.7055,1.0
163,Improving,10,67.2233,65.269,1.0
163,Improving,11,79.0915,71.4123,1.0
163,Improving,12,74.4214,72.7497,1.0
163,Improving,13,77.5337,74.8759,1.0
163,Improving,14,78.9035,76.6659,1.0
163,Improving,15,73.5738,75.2917,1.0
163,Improving,16,79.8664,77.3249,1.0
163,Improving,17,92.7002,84.1584,1.0
163,Improving,18,79.7134,82.1828,1.0
163,Improving,19,88.8,85.1238,1.0
163,Improving,20,93.0014,88.625,1.0
164,Improving,1,58.7181,58.7181,0.2
164,Improving,2,56.2114,56.7128,0.4
164,Improving,3,51.951,53.5383,0.6
164,Improving,4,63.6278,59.3037,0.8
164,Improving,5,55.7711,57.5374,1.0
164,Improving,6,66.8876,61.6931,1.0
164,Improving,7,57.4161,59.7922,1.0
164,Improving,8,71.9452,65.1936,1.0
164,Improving,9,66.9167,65.9594,1.0
164,Improving,10,66.1733,66.0545,1.0
164,Improving,11,72.5985,68.9629,1.0
164,Improving,12,77.4394,72.7302,1.0
164,Improving,13,75.9473,74.16,1.0
164,Improving,14,83.5592,78.3375,1.0
164,Improving,15,80.2429,79.1843,1.0
164,Improving,16,88.6282,83.3816,1.0
164,Improving,17,90.1058,86.3702,1.0
164,Improving,18,89.9585,87.965,1.0
164,Improving,19,90.4247,89.0582,1.0
164,Improving,20,95.7577,92.0357,1.0
165,Improving,1,52.7513,52.7513,0.2
165,Improving,2,62.6774,60.6922,0.4
165,Improving,3,59.4339,59.8534,0.6
165,Improving,4,61.9852,61.0716,0.8
165,Improving,5,74.9162,67.9939,1.0
165,Improving,6,64.4219,66.4063,1.0
165,Improving,7,66.6337,66.5074,1.0
165,Improving,8,70.099,68.1037,1.0
165,Improving,9,63.9025,66.2365,1.0
165,Improving,10,69.0963,67.5075,1.0
165,Improving,11,71.1534,69.1279,1.0
165,Improving,12,79.2907,73.6447,1.0
165,Improving,13,77.5502,75.3805,1.0
165,Improving,14,81.4806,78.0916,1.0
165,Improving,15,88.5952,82.7599,1.0
165,Improving,16,89.8421,85.9075,1.0
165,Improving,17,87.0861,86.4313,1.0
165,Improving,18,86.9132,86.6455,1.0
165,Improving,19,98.308,91.8288,1.0
165,Improving,20,98.8695,94.958,1.0
166,Improving,1,41.9687,41.9687,0.2
166,Improving,2,50.8027,49.0359,0.4
166,Improving,3,55.5644,53.3882,0.6
166,Improving,4,60.9994,57.7375,0.8
166,Improving,5,64.0242,60.8808,1.0
166,Improving,6,63.2616,61.939,1.0
166,Improving,7,67.1368,64.2491,1.0
166,Improving,8,66.8996,65.4271,1.0
166,Improving,9,65.5781,65.4942,1.0
166,Improving,10,70.0095,67.501,1.0
166,Improving,11,73.7792,70.2913,1.0
166,Improving,12,75.8792,72.7748,1.0
166,Improving,13,68.9932,71.0941,1.0
166,Improving,14,78.8021,74.5199,1.0
166,Improving,15,83.4389,78.4839,1.0
166,Improving,16,84.1195,80.9886,1.0
166,Improving,17,86.6606,83.5095,1.0
166,Improving,18,92.7031,87.5955,1.0
166,Improving,19,87.2368,87.4361,1.0
166,Improving,20,86.8598,87.18,1.0
167,Improving,1,48.2592,48.2592,0.2
167,Improving,2,56.189,54.603,0.4
167,Improving,3,63.1746,60.3174,0.6
167,Improving,4,61.0159,60.7166,0.8
167,Improving,5,52.1324,56.4245,1.0
167,Improving,6,60.6803,58.3159,1.0
167,Improving,7,65.4937,61.506,1.0
167,Improving,8,67.4669,64.1553,1.0
167,Improving,9,71.6439,67.4836,1.0
167,Improving,10,66.7305,67.1489,1.0
167,Improving,11,74.0089,70.1978,1.0
167,Improving,12,78.1542,73.734,1.0
167,Improving,13,82.5494,77.652,1.0
167,Improving,14,76.7609,77.2559,1.0
167,Improving,15,81.4321,79.112,1.0
167,Improving,16,72.0072,75.9543,1.0
167,Improving,17,84.7874,79.8801,1.0
167,Improving,18,87.6411,83.3295,1.0
167,Improving,19,87.5337,85.198,1.0
167,Improving,20,95.8281,89.9225,1.0
168,Improving,1,49.7203,49.7203,0.2
168,Improving,2,41.0724,42.8019,0.4
168,Improving,3,55.8144,51.4769,0.6
168,Improving,4,52.4636,52.0408,0.8
168,Improving,5,61.9021,56.9714,1.0
168,Improving,6,55.4328,56.2876,1.0
168,Improving,7,64.3606,59.8756,1.0
168,Improving,8,65.1631,62.2256,1.0
168,Improving,9,70.4629,65.8866,1.0
168,Improving,10,71.9393,68.5767,1.0
168,Improving,11,72.4084,70.2797,1.0
168,Improving,12,68.3713,69.4315,1.0
168,Improving,13,71.035,70.1442,1.0
168,Improving,14,77.87,73.5779,1.0
168,Improving,15,83.1165,77.8173,1.0
168,Improving,16,82.4851,79.8918,1.0
168,Improving,17,91.0208,84.838,1.0
168,Improving,18,88.8671,86.6287,1.0
168,Improving,19,87.8065,87.1522,1.0
168,Improving,20,93.6095,90.0221,1.0
169,Improving,1,51.1293,51.1293,0.2
169,Improving,2,53.9928,53.4201,0.4
169,Improving,3,64.1287,60.5592,0.6
169,Improving,4,53.7607,56.6744,0.8
169,Improving,5,59.1063,57.8903,1.0
169,Improving,6,63.9727,60.5936,1.0
169,Improving,7,64.0934,62.1491,1.0
169,Improving,8,64.0759,63.0054,1.0
169,Improving,9,61.2011,62.2035,1.0
169,Improving,10,68.7616,65.1182,1.0
169,Improving,11,68.3157,66.5393,1.0
169,Improving,12,67.4196,66.9306,1.0
169,Improving,13,74.4427,70.2693,1.0
169,Improving,14,75.554,72.618,1.0
169,Improving,15,86.0768,78.5997,1.0
169,Improving,16,88.5318,83.014,1.0
169,Improving,17,83.3753,83.1746,1.0
169,Improving,18,88.962,85.7468,1.0
169,Improving,19,83.3404,84.6773,1.0
169,Improving,20,92.5283,88.1666,1.0
170,Improving,1,51.9949,51.9949,0.2
170,Improving,2,56.4931,55.5935,0.4
170,Improving,3,51.1716,52.6456,0.6
170,Improving,4,62.3645,58.1993,0.8
170,Improving,5,51.8952,55.0472,1.0
170,Improving,6,55.604,55.2947,1.0
170,Improving,7,67.7588,60.8343,1.0
170,Improving,8,74.9346,67.1011,1.0
170,Improving,9,71.4145,69.0182,1.0
170,Improving,10,71.1141,69.9497,1.0
170,Improving,11,62.7083,66.7313,1.0
170,Improving,12,65.9404,66.3798,1.0
170,Improving,13,79.0681,72.019,1.0
170,Improving,14,78.9992,75.1213,1.0
170,Improving,15,77.6287,76.2357,1.0
170,Improving,16,85.854,80.5105,1.0
170,Improving,17,88.4704,84.0482,1.0
170,Improving,18,94.9852,88.9091,1.0
170,Improving,19,93.3146,90.8671,1.0
170,Improving,20,100.0,94.9262,1.0
171,Improving,1,50.04,50.04,0.2
171,Improving,2,51.7917,51.4414,0.4
171,Improving,3,60.0584,57.1861,0.6
171,Improving,4,52.2131,54.3443,0.8
171,Improving,5,73.5459,63.9451,1.0
171,Improving,6,63.7184,63.8444,1.0
171,Improving,7,66.1147,64.8534,1.0
171,Improving,8,69.2044,66.7872,1.0
171,Improving,9,78.3331,71.9187,1.0
171,Improving,10,75.2783,73.4119,1.0
171,Improving,11,65.6589,69.9661,1.0
171,Improving,12,83.07,75.7901,1.0
171,Improving,13,76.7166,76.2018,1.0
171,Improving,14,81.3252,78.4789,1.0
171,Improving,15,76.7616,77.7157,1.0
171,Improving,16,88.1573,82.3564,1.0
171,Improving,17,84.6379,83.3704,1.0
171,Improving,18,90.764,86.6564,1.0
171,Improving,19,91.2111,88.6807,1.0
171,Improving,20,100.0,93.7115,1.0
172,Improving,1,59.9113,59.9113,0.2
172,Improving,2,52.601,54.063,0.4
172,Improving,3,55.0567,54.7255,0.6
172,Improving,4,55.238,55.0184,0.8
172,Improving,5,65.0037,60.0111,1.0
172,Improving,6,60.1975,60.0939,1.0
172,Improving,7,62.1038,60.9872,1.0
172,Improving,8,71.4719,65.6471,1.0
172,Improving,9,66.2559,65.9177,1.0
172,Improving,10,71.127,68.2329,1.0
172,Improving,11,65.7777,67.1417,1.0
172,Improving,12,79.5736,72.667,1.0
172,Improving,13,88.1254,79.5374,1.0
172,Improving,14,84.3956,81.6966,1.0
172,Improving,15,90.4669,85.5945,1.0
172,Improving,16,81.2958,83.684,1.0
172,Improving,17,89.0764,86.0806,1.0
172,Improving,18,85.5474,85.8436,1.0
172,Improving,19,91.4928,88.3543,1.0
172,Improving,20,98.8611,93.024,1.0
173,Improving,1,50.5091,50.5091,0.2
173,Improving,2,45.3052,46.346,0.4
173,Improving,3,48.1617,47.5565,0.6
173,Improving,4,50.1994,49.0667,0.8
173,Improving,5,61.9309,55.4988,1.0
173,Improving,6,72.1616,62.9045,1.0
173,Improving,7,71.0228,66.5126,1.0
173,Improving,8,57.099,62.3288,1.0
173,Improving,9,76.0527,68.4283,1.0
173,Improving,10,75.9978,71.7925,1.0
173,Improving,11,65.9577,69.1993,1.0
173,Improving,12,74.5366,71.5714,1.0
173,Improving,13,83.8987,77.0502,1.0
173,Improving,14,83.5416,79.9353,1.0
173,Improving,15,76.6124,78.4585,1.0
173,Improving,16,88.58,82.9569,1.0
173,Improving,17,77.2072,80.4015,1.0
173,Improving,18,89.149,84.2893,1.0
173,Improving,19,98.3214,90.5258,1.0
173,Improving,20,95.092,92.5552,1.0
174,Improving,1,47.5053,47.5053,0.2
174,Improving,2,56.8152,54.9532,0.4
174,Improving,3,59.6106,58.0581,0.6
174,Improving,4,63.6555,61.2566,0.8
174,Improving,5,63.8454,62.551,1.0
174,Improving,6,67.249,64.639,1.0
174,Improving,7,67.8751,66.0772,1.0
174,Improving,8,67.9066,66.8903,1.0
174,Improving,9,69.3949,68.0035,1.0
174,Improving,10,70.1295,68.9484,1.0
174,Improving,11,67.6224,68.359,1.0
174,Improving,12,71.2761,69.6555,1.0
174,Improving,13,77.011,72.9246,1.0
174,Improving,14,81.9967,76.9567,1.0
174,Improving,15,90.362,82.9146,1.0
174,Improving,16,85.3173,83.9825,1.0
174,Improving,17,92.9121,87.9512,1.0
174,Improving,18,95.6597,91.3772,1.0
174,Improving,19,91.4743,91.4204,1.0
174,Improving,20,97.9735,94.3329,1.0
175,Improving,1,48.7824,48.7824,0.2
175,Improving,2,58.9791,56.9398,0.4
175,Improving,3,57.9161,57.5906,0.6
175,Improving,4,51.1528,53.9119,0.8
175,Improving,5,60.2813,57.0966,1.0
175,Improving,6,70.0827,62.8682,1.0
175,Improving,7,63.3044,63.062,1.0
175,Improving,8,68.8175,65.62,1.0
175,Improving,9,71.6768,68.3119,1.0
175,Improving,10,66.1327,67.3434,1.0
175,Improving,11,76.2378,71.2964,1.0
175,Improving,12,69.0835,70.3129,1.0
175,Improving,13,75.2929,72.5262,1.0
175,Improving,14,86.1681,78.5893,1.0
175,Improving,15,84.9417,81.4126,1.0
175,Improving,16,84.0039,82.5643,1.0
175,Improving,17,90.127,85.9255,1.0
175,Improving,18,89.9627,87.7198,1.0
175,Improving,19,92.6945,89.9308,1.0
175,Improving,20,98.2841,93.6434,1.0
176,Improving,1,46.3632,46.3632,0.2
176,Improving,2,52.5701,51.3287,0.4
176,Improving,3,53.1755,52.5599,0.6
176,Improving,4,49.1772,50.627,0.8
176,Improving,5,54.8714,52.7492,1.0
176,Improving,6,69.6831,60.2754,1.0
176,Improving,7,66.1341,62.8793,1.0
176,Improving,8,59.961,61.5823,1.0
176,Improving,9,61.2456,61.4326,1.0
176,Improving,10,70.755,65.5759,1.0
176,Improving,11,81.4901,72.6489,1.0
176,Improving,12,75.1188,73.7466,1.0
176,Improving,13,84.9561,78.7286,1.0
176,Improving,14,82.5491,80.4266,1.0
176,Improving,15,85.5141,82.6877,1.0
176,Improving,16,78.8477,80.9811,1.0
176,Improving,17,92.5824,86.1372,1.0
176,Improving,18,88.5885,87.2267,1.0
176,Improving,19,96.947,91.5468,1.0
176,Improving,20,90.9292,91.2723,1.0
177,Improving,1,50.8852,50.8852,0.2
177,Improving,2,54.1284,53.4798,0.4
177,Improving,3,53.9667,53.8044,0.6
177,Improving,4,59.128,56.8464,0.8
177,Improving,5,58.1417,57.4941,1.0
177,Improving,6,58.5968,57.9842,1.0
177,Improving,7,72.2379,64.3192,1.0
177,Improving,8,71.8237,67.6545,1.0
177,Improving,9,65.143,66.5383,1.0
177,Improving,10,74.158,69.9248,1.0
177,Improving,11,69.9708,69.9453,1.0
177,Improving,12,70.1292,70.027,1.0
177,Improving,13,83.5901,76.0551,1.0
177,Improving,14,72.269,74.3724,1.0
177,Improving,15,87.7922,80.3367,1.0
177,Improving,16,84.2627,82.0816,1.0
177,Improving,17,86.837,84.1951,1.0
177,Improving,18,92.3119,87.8026,1.0
177,Improving,19,95.5376,91.2404,1.0
177,Improving,20,90.8683,91.075,1.0
178,Improving,1,53.5886,53.5886,0.2
178,Improving,2,52.9353,53.0659,0.4
178,Improving,3,48.4566,49.993,0.6
178,Improving,4,56.2559,53.5718,0.8
178,Improving,5,66.3801,59.9759,1.0
178,Improving,6,70.2251,64.5311,1.0
178,Improving,7,67.7973,65.9827,1.0
178,Improving,8,60.6272,63.6025,1.0
178,Improving,9,71.4004,67.0682,1.0
178,Improving,10,75.5701,70.8468,1.0
178,Improving,11,77.3128,73.7206,1.0
178,Improving,12,79.9774,76.5014,1.0
178,Improving,13,80.2374,78.1618,1.0
178,Improving,14,80.4274,79.1688,1.0
178,Improving,15,80.1161,79.5898,1.0
178,Improving,16,76.0366,78.0106,1.0
178,Improving,17,89.5929,83.1583,1.0
178,Improving,18,91.1934,86.7295,1.0
178,Improving,19,95.4195,90.5917,1.0
178,Improving,20,88.3123,89.5786,1.0
179,Improving,1,53.2251,53.2251,0.2
179,Improving,2,62.6411,60.7579,0.4
179,Improving,3,55.1291,57.0054,0.6
179,Improving,4,56.7969,56.8863,0.8
179,Improving,5,61.0187,58.9525,1.0
179,Improving,6,72.0038,64.7531,1.0
179,Improving,7,59.0923,62.2372,1.0
179,Improving,8,67.595,64.6184,1.0
179,Improving,9,64.9491,64.7654,1.0
179,Improving,10,68.5808,66.4611,1.0
179,Improving,11,73.4363,69.5612,1.0
179,Improving,12,82.7892,75.4403,1.0
179,Improving,13,87.426,80.7673,1.0
179,Improving,14,83.0302,81.773,1.0
179,Improving,15,81.2749,81.5516,1.0
179,Improving,16,97.99,88.8576,1.0
179,Improving,17,85.757,87.4795,1.0
179,Improving,18,87.4075,87.4475,1.0
179,Improving,19,83.7569,85.8072,1.0
179,Improving,20,100.0,92.1151,1.0
180,Improving,1,54.8412,54.8412,0.2
180,Improving,2,64.4574,62.5342,0.4
180,Improving,3,47.7892,52.7042,0.6
180,Improving,4,64.3961,59.3853,0.8
180,Improving,5,59.8244,59.6048,1.0
180,Improving,6,65.8726,62.3905,1.0
180,Improving,7,55.9716,59.5377,1.0
180,Improving,8,73.9194,65.9295,1.0
180,Improving,9,72.88,69.0186,1.0
180,Improving,10,71.1212,69.9531,1.0
180,Improving,11,76.9098,73.045,1.0
180,Improving,12,72.2252,72.6806,1.0
180,Improving,13,75.5239,73.9443,1.0
180,Improving,14,78.4723,75.9567,1.0
180,Improving,15,73.8943,75.0401,1.0
180,Improving,16,89.8351,81.6156,1.0
180,Improving,17,93.8527,87.0543,1.0
180,Improving,18,86.7564,86.9219,1.0
180,Improving,19,94.3726,90.2333,1.0
180,Improving,20,93.6723,91.7618,1.0
181,Improving,1,51.6414,51.6414,0.2
181,Improving,2,49.2305,49.7127,0.4
181,Improving,3,50.3197,50.1174,0.6
181,Improving,4,62.3656,57.1164,0.8
181,Improving,5,59.1543,58.1354,1.0
181,Improving,6,71.9527,64.2764,1.0
181,Improving,7,64.4421,64.35,1.0
181,Improving,8,61.9486,63.2827,1.0
181,Improving,9,75.0821,68.5269,1.0
181,Improving,10,74.4698,71.1682,1.0
181,Improving,11,77.3186,73.9017,1.0
181,Improving,12,82.0056,77.5034,1.0
181,Improving,13,75.1571,76.4606,1.0
181,Improving,14,80.1532,78.1018,1.0
181,Improving,15,82.3006,79.9679,1.0
181,Improving,16,79.0726,79.57,1.0
181,Improving,17,86.5768,82.6841,1.0
181,Improving,18,96.9451,89.0223,1.0
181,Improving,19,93.8183,91.1539,1.0
181,Improving,20,88.2697,89.872,1.0
182,Improving,1,42.2208,42.2208,0.2
182,Improving,2,60.6923,56.998,0.4
182,Improving,3,54.2852,55.1895,0.6
182,Improving,4,53.8682,54.4345,0.8
182,Improving,5,58.1037,56.2691,1.0
182,Improving,6,54.4556,55.4631,1.0
182,Improving,7,71.326,62.5133,1.0
182,Improving,8,64.6137,63.4468,1.0
182,Improving,9,75.7844,68.9302,1.0
182,Improving,10,71.574,70.1052,1.0
182,Improving,11,80.8319,74.8726,1.0
182,Improving,12,77.3361,75.9675,1.0
182,Improving,13,82.6872,78.954,1.0
182,Improving,14,84.3849,81.3678,1.0
182,Improving,15,86.2744,83.5485,1.0
182,Improving,16,87.266,85.2007,1.0
182,Improving,17,86.7305,85.8806,1.0
182,Improving,18,99.8403,92.0849,1.0
182,Improving,19,88.0969,90.3125,1.0
182,Improving,20,95.0215,92.4054,1.0
183,Improving,1,50.0744,50.0744,0.2
183,Improving,2,54.3806,53.5194,0.4
183,Improving,3,52.5895,52.8994,0.6
183,Improving,4,58.679,56.202,0.8
183,Improving,5,58.6295,57.4158,1.0
183,Improving,6,53.9323,55.8676,1.0
183,Improving,7,64.2583,59.5968,1.0
183,Improving,8,61.0761,60.2543,1.0
183,Improving,9,60.2754,60.2637,1.0
183,Improving,10,72.0002,65.4799,1.0
183,Improving,11,76.1236,70.2104,1.0
183,Improving,12,78.6861,73.9774,1.0
183,Improving,13,81.2569,77.2127,1.0
183,Improving,14,71.1265,74.5078,1.0
183,Improving,15,76.3528,75.3278,1.0
183,Improving,16,95.3939,84.2461,1.0
183,Improving,17,82.6587,83.5406,1.0
183,Improving,18,93.3174,87.8858,1.0
183,Improving,19,89.1969,88.4685,1.0
183,Improving,20,95.3984,91.5484,1.0
184,Improving,1,46.8337,46.8337,0.2
184,Improving,2,55.1761,53.5076,0.4
184,Improving,3,55.4207,54.783,0.6
184,Improving,4,54.8638,54.8292,0.8
184,Improving,5,54.2228,54.526,1.0
184,Improving,6,63.181,58.3727,1.0
184,Improving,7,58.1469,58.2723,1.0
184,Improving,8,68.7164,62.9141,1.0
184,Improving,9,82.0798,71.4322,1.0
184,Improving,10,78.0666,74.3808,1.0
184,Improving,11,77.2759,75.6676,1.0
184,Improving,12,75.6246,75.6485,1.0
184,Improving,13,68.7273,72.5724,1.0
184,Improving,14,74.178,73.286,1.0
184,Improving,15,89.5719,80.5242,1.0
184,Improving,16,81.5775,80.9923,1.0
184,Improving,17,84.3985,82.5062,1.0
184,Improving,18,89.4349,85.5856,1.0
184,Improving,19,87.3213,86.357,1.0
184,Improving,20,88.8662,87.4722,1.0
185,Improving,1,49.7476,49.7476,0.2
185,Improving,2,47.9108,48.2781,0.4
185,Improving,3,51.0317,50.1139,0.6
185,Improving,4,53.1993,51.877,0.8
185,Improving,5,62.0855,56.9812,1.0
185,Improving,6,60.6815,58.6258,1.0
185,Improving,7,63.3177,60.7111,1.0
185,Improving,8,69.5637,64.6456,1.0
185,Improving,9,68.2372,66.2418,1.0
185,Improving,10,69.9245,67.8786,1.0
185,Improving,11,76.0365,71.5043,1.0
185,Improving,12,79.3936,75.0107,1.0
185,Improving,13,77.6857,76.1996,1.0
185,Improving,14,81.1925,78.4187,1.0
185,Improving,15,79.2489,78.7877,1.0
185,Improving,16,81.2229,79.87,1.0
185,Improving,17,91.7405,85.1458,1.0
185,Improving,18,92.4879,88.4089,1.0
185,Improving,19,94.9081,91.2974,1.0
185,Improving,20,96.4043,93.5671,1.0
186,Improving,1,50.231,50.231,0.2
186,Improving,2,55.8505,54.7266,0.4
186,Improving,3,59.4124,57.8505,0.6
186,Improving,4,61.6614,60.0281,0.8
186,Improving,5,58.9698,59.499,1.0
186,Improving,6,68.7771,63.6226,1.0
186,Improving,7,65.3528,64.3916,1.0
186,Improving,8,69.7408,66.769,1.0
186,Improving,9,70.3578,68.364,1.0
186,Improving,10,72.5508,70.2248,1.0
186,Improving,11,70.0055,70.1273,1.0
186,Improving,12,79.5594,74.3194,1.0
186,Improving,13,92.6475,82.4652,1.0
186,Improving,14,78.9155,80.8876,1.0
186,Improving,15,83.5129,82.0544,1.0
186,Improving,16,83.2953,82.6059,1.0
186,Improving,17,85.4546,83.872,1.0
186,Improving,18,97.9854,90.1446,1.0
186,Improving,19,89.2667,89.7544,1.0
186,Improving,20,92.6296,91.0323,1.0
187,Improving,1,42.0625,42.0625,0.2
187,Improving,2,48.5804,47.2768,0.4
187,Improving,3,46.1948,46.5555,0.6
187,Improving,4,60.2643,54.3891,0.8
187,Improving,5,73.4722,63.9306,1.0
187,Improving,6,60.0087,62.1876,1.0
187,Improving,7,55.8767,59.3827,1.0
187,Improving,8,71.0789,64.5811,1.0
187,Improving,9,65.3127,64.9063,1.0
187,Improving,10,77.8125,70.6424,1.0
187,Improving,11,72.2741,71.3676,1.0
187,Improving,12,72.8936,72.0458,1.0
187,Improving,13,77.5313,74.4838,1.0
187,Improving,14,84.5784,78.9703,1.0
187,Improving,15,82.0208,80.326,1.0
187,Improving,16,83.0427,81.5334,1.0
187,Improving,17,86.9006,83.9188,1.0
187,Improving,18,83.9039,83.9122,1.0
187,Improving,19,94.6167,88.6698,1.0
187,Improving,20,86.0664,87.5127,1.0
188,Improving,1,47.7794,47.7794,0.2
188,Improving,2,56.1653,54.4882,0.4
188,Improving,3,56.2521,55.6641,0.6
188,Improving,4,60.0569,58.1743,0.8
188,Improving,5,59.1485,58.6614,1.0
188,Improving,6,67.6908,62.6745,1.0
188,Improving,7,68.834,65.412,1.0
188,Improving,8,68.8097,66.9221,1.0
188,Improving,9,73.5851,69.8834,1.0
188,Improving,10,75.0679,72.1876,1.0
188,Improving,11,71.4869,71.8762,1.0
188,Improving,12,69.3331,70.7459,1.0
188,Improving,13,80.5229,75.0912,1.0
188,Improving,14,83.5199,78.8373,1.0
188,Improving,15,88.6103,83.1808,1.0
188,Improving,16,80.8447,82.1426,1.0
188,Improving,17,83.3626,82.6848,1.0
188,Improving,18,92.5627,87.075,1.0
188,Improving,19,92.2757,89.3864,1.0
188,Improving,20,85.5712,87.6908,1.0
189,Improving,1,51.8755,51.8755,0.2
189,Improving,2,43.1063,44.8602,0.4
189,Improving,3,50.0106,48.2938,0.6
189,Improving,4,63.8637,57.1909,0.8
189,Improving,5,68.5981,62.8945,1.0
189,Improving,6,55.7638,59.7253,1.0
189,Improving,7,62.5636,60.9867,1.0
189,Improving,8,66.7921,63.5669,1.0
189,Improving,9,77.8535,69.9165,1.0
189,Improving,10,68.8514,69.4431,1.0
189,Improving,11,71.2998,70.2683,1.0
189,Improving,12,83.7963,76.2807,1.0
189,Improving,13,76.5471,76.3991,1.0
189,Improving,14,84.4005,79.9553,1.0
189,Improving,15,75.7722,78.0961,1.0
189,Improving,16,84.6702,81.0179,1.0
189,Improving,17,79.5968,80.3863,1.0
189,Improving,18,84.986,82.4306,1.0
189,Improving,19,96.8276,88.8293,1.0
189,Improving,20,94.7505,91.4609,1.0
190,Improving,1,48.4045,48.4045,0.2
190,Improving,2,48.6247,48.5806,0.4
190,Improving,3,53.6336,51.9493,0.6
190,Improving,4,58.6108,55.7559,0.8
190,Improving,5,64.3883,60.0721,1.0
190,Improving,6,48.7164,55.0251,1.0
190,Improving,7,60.0517,57.2591,1.0
190,Improving,8,67.3744,61.7548,1.0
190,Improving,9,68.4531,64.7318,1.0
190,Improving,10,73.3327,68.5544,1.0
190,Improving,11,75.0219,71.4289,1.0
190,Improving,12,74.5283,72.8064,1.0
190,Improving,13,75.7868,74.131,1.0
190,Improving,14,79.562,76.5448,1.0
190,Improving,15,88.9016,82.0367,1.0
190,Improving,16,81.8663,81.961,1.0
190,Improving,17,87.5807,84.4586,1.0
190,Improving,18,91.1799,87.4458,1.0
190,Improving,19,100.0,93.0255,1.0
190,Improving,20,93.4985,93.2357,1.0
191,Improving,1,54.794,54.794,0.2
191,Improving,2,58.5283,57.7815,0.4
191,Improving,3,54.4181,55.5392,0.6
191,Improving,4,56.0517,55.832,0.8
191,Improving,5,57.8284,56.8302,1.0
191,Improving,6,60.563,58.4892,1.0
191,Improving,7,68.4817,62.9303,1.0
191,Improving,8,67.734,65.0653,1.0
191,Improving,9,70.1238,67.3135,1.0
191,Improving,10,65.6897,66.5918,1.0
191,Improving,11,68.8468,67.594,1.0
191,Improving,12,86.7699,76.1166,1.0
191,Improving,13,77.5319,76.7456,1.0
191,Improving,14,76.9156,76.8212,1.0
191,Improving,15,90.3134,82.8177,1.0
191,Improving,16,86.9354,84.6478,1.0
191,Improving,17,90.7855,87.3757,1.0
191,Improving,18,89.5729,88.3522,1.0
191,Improving,19,91.0382,89.546,1.0
191,Improving,20,94.1521,91.5931,1.0
192,Improving,1,43.0863,43.0863,0.2
192,Improving,2,51.9288,50.1603,0.4
192,Improving,3,56.217,54.1981,0.6
192,Improving,4,66.3576,61.1464,0.8
192,Improving,5,59.9037,60.525,1.0
192,Improving,6,50.1712,55.9233,1.0
192,Improving,7,63.7406,59.3977,1.0
192,Improving,8,80.2765,68.6771,1.0
192,Improving,9,73.2792,70.7225,1.0
192,Improving,10,67.2613,69.1842,1.0
192,Improving,11,76.6397,72.4978,1.0
192,Improving,12,72.3426,72.4288,1.0
192,Improving,13,71.652,72.0836,1.0
192,Improving,14,79.0476,75.1787,1.0
192,Improving,15,83.6155,78.9284,1.0
192,Improving,16,76.1655,77.7005,1.0
192,Improving,17,82.1489,79.6776,1.0
192,Improving,18,90.3148,84.4052,1.0
192,Improving,19,90.5907,87.1543,1.0
192,Improving,20,96.9741,91.5187,1.0
193,Improving,1,43.9267,43.9267,0.2
193,Improving,2,55.939,53.5365,0.4
193,Improving,3,48.818,50.3909,0.6
193,Improving,4,65.3189,58.9212,0.8
193,Improving,5,50.8949,54.908,1.0
193,Improving,6,56.3793,55.562,1.0
193,Improving,7,66.2974,60.3333,1.0
193,Improving,8,74.9001,66.8074,1.0
193,Improving,9,70.5226,68.4586,1.0
193,Improving,10,74.1301,70.9793,1.0
193,Improving,11,73.7719,72.2204,1.0
193,Improving,12,70.9206,71.6427,1.0
193,Improving,13,75.9704,73.5661,1.0
193,Improving,14,74.7299,74.0834,1.0
193,Improving,15,76.7643,75.2749,1.0
193,Improving,16,87.5351,80.7239,1.0
193,Improving,17,82.2788,81.415,1.0
193,Improving,18,91.8609,86.0576,1.0
193,Improving,19,86.1225,86.0864,1.0
193,Improving,20,96.4819,90.7067,1.0
194,Improving,1,47.5566,47.5566,0.2
194,Improving,2,59.4015,57.0325,0.4
194,Improving,3,56.3554,56.5811,0.6
194,Improving,4,63.2842,60.4114,0.8
194,Improving,5,55.6955,58.0534,1.0
194,Improving,6,62.1228,59.8621,1.0
194,Improving,7,59.3051,59.6145,1.0
194,Improving,8,64.5109,61.7907,1.0
194,Improving,9,67.6368,64.389,1.0
194,Improving,10,67.6865,65.8545,1.0
194,Improving,11,67.6067,66.6333,1.0
194,Improving,12,68.985,67.6785,1.0
194,Improving,13,66.7223,67.2535,1.0
194,Improving,14,75.5077,70.9221,1.0
194,Improving,15,86.2954,77.7546,1.0
194,Improving,16,77.5338,77.6565,1.0
194,Improving,17,81.0541,79.1666,1.0
194,Improving,18,99.2177,88.0782,1.0
194,Improving,19,89.4491,88.6875,1.0
194,Improving,20,96.6052,92.2065,1.0
195,Improving,1,53.2116,53.2116,0.2
195,Improving,2,55.6811,55.1872,0.4
195,Improving,3,47.1253,49.8126,0.6
195,Improving,4,55.95,53.3197,0.8
195,Improving,5,51.3825,52.3511,1.0
195,Improving,6,74.0737,62.0056,1.0
195,Improving,7,56.2361,59.4414,1.0
195,Improving,8,61.3397,60.2851,1.0
195,Improving,9,63.7444,61.8226,1.0
195,Improving,10,63.8325,62.7159,1.0
195,Improving,11,80.4472,70.5964,1.0
195,Improving,12,88.1649,78.4046,1.0
195,Improving,13,76.0423,77.3547,1.0
195,Improving,14,74.1874,75.947,1.0
195,Improving,15,71.9733,74.1809,1.0
195,Improving,16,84.3058,78.6808,1.0
195,Improving,17,86.3129,82.0729,1.0
195,Improving,18,87.0067,84.2657,1.0
195,Improving,19,93.7385,88.4758,1.0
195,Improving,20,96.9759,92.2536,1.0
196,Improving,1,51.6154,51.6154,0.2
196,Improving,2,50.7878,50.9533,0.4
196,Improving,3,49.2287,49.8036,0.6
196,Improving,4,60.4344,55.8784,0.8
196,Improving,5,59.5363,57.7073,1.0
196,Improving,6,66.2839,61.5191,1.0
196,Improving,7,68.1609,64.471,1.0
196,Improving,8,59.4701,62.2484,1.0
196,Improving,9,61.7763,62.0386,1.0
196,Improving,10,67.5381,64.4828,1.0
196,Improving,11,68.4029,66.2251,1.0
196,Improving,12,79.8289,72.2712,1.0
196,Improving,13,80.1776,75.7852,1.0
196,Improving,14,86.2854,80.4519,1.0
196,Improving,15,85.1403,82.5357,1.0
196,Improving,16,86.5696,84.3285,1.0
196,Improving,17,93.8934,88.5796,1.0
196,Improving,18,92.6118,90.3717,1.0
196,Improving,19,92.9721,91.5274,1.0
196,Improving,20,100.0,95.293,1.0
197,Improving,1,50.5759,50.5759,0.2
197,Improving,2,50.8467,50.7926,0.4
197,Improving,3,50.5477,50.6293,0.6
197,Improving,4,60.6204,56.3385,0.8
197,Improving,5,65.6589,60.9987,1.0
197,Improving,6,61.5892,61.2611,1.0
197,Improving,7,70.7501,65.4785,1.0
197,Improving,8,56.7289,61.5898,1.0
197,Improving,9,68.6701,64.7366,1.0
197,Improving,10,71.1153,67.5716,1.0
197,Improving,11,70.0492,68.6728,1.0
197,Improving,12,87.9719,77.2502,1.0
197,Improving,13,78.0901,77.6235,1.0
197,Improving,14,78.7508,78.1245,1.0
197,Improving,15,83.2877,80.4193,1.0
197,Improving,16,75.5122,78.2384,1.0
197,Improving,17,84.0954,80.8415,1.0
197,Improving,18,95.1794,87.2139,1.0
197,Improving,19,89.4869,88.2241,1.0
197,Improving,20,90.8556,89.3937,1.0
198,Improving,1,56.5476,56.5476,0.2
198,Improving,2,59.0697,58.5653,0.4
198,Improving,3,57.3218,57.7363,0.6
198,Improving,4,54.8297,56.0754,0.8
198,Improving,5,58.2763,57.1758,1.0
198,Improving,6,57.8214,57.4627,1.0
198,Improving,7,59.2367,58.2511,1.0
198,Improving,8,61.3569,59.6315,1.0
198,Improving,9,65.8571,62.3984,1.0
198,Improving,10,66.1422,64.0623,1.0
198,Improving,11,65.8657,64.8638,1.0
198,Improving,12,77.1496,70.3242,1.0
198,Improving,13,79.594,74.4441,1.0
198,Improving,14,89.2934,81.0438,1.0
198,Improving,15,79.8162,80.4982,1.0
198,Improving,16,87.0068,83.3909,1.0
198,Improving,17,89.4583,86.0875,1.0
198,Improving,18,88.994,87.3793,1.0
198,Improving,19,96.3532,91.3677,1.0
198,Improving,20,98.8761,94.7048,1.0
199,Improving,1,51.6371,51.6371,0.2
199,Improving,2,51.0902,51.1996,0.4
199,Improving,3,52.9492,52.366,0.6
199,Improving,4,50.2665,51.1663,0.8
199,Improving,5,55.4441,53.3052,1.0
199,Improving,6,58.7321,55.7171,1.0
199,Improving,7,58.5907,56.9943,1.0
199,Improving,8,68.7786,62.2317,1.0
199,Improving,9,74.9305,67.8756,1.0
199,Improving,10,66.7755,67.3867,1.0
199,Improving,11,75.1014,70.8154,1.0
199,Improving,12,70.8821,70.8451,1.0
199,Improving,13,76.8964,73.5346,1.0
199,Improving,14,77.3378,75.2249,1.0
199,Improving,15,86.1674,80.0882,1.0
199,Improving,16,82.1324,80.9967,1.0
199,Improving,17,92.953,86.3106,1.0
199,Improving,18,89.0346,87.5213,1.0
199,Improving,19,89.3836,88.349,1.0
199,Improving,20,88.7335,88.5199,1.0
200,Improving,1,51.266,51.266,0.2
200,Improving,2,56.8445,55.7288,0.4
200,Improving,3,56.1034,55.9786,0.6
200,Improving,4,68.2994,63.0191,0.8
200,Improving,5,66.6226,64.8208,1.0
200,Improving,6,60.3045,62.8136,1.0
200,Improving,7,62.6204,62.7277,1.0
200,Improving,8,68.9274,65.4831,1.0
200,Improving,9,64.7573,65.1605,1.0
200,Improving,10,77.1472,70.488,1.0
200,Improving,11,75.4922,72.7121,1.0
200,Improving,12,77.3349,74.7667,1.0
200,Improving,13,81.8558,77.9174,1.0
200,Improving,14,89.4036,83.0224,1.0
200,Improving,15,84.0127,83.4625,1.0
200,Improving,16,84.9611,84.1286,1.0
200,Improving,17,95.4383,89.1551,1.0
200,Improving,18,95.1009,91.7977,1.0
200,Improving,19,91.0267,91.455,1.0
200,Improving,20,95.0259,93.0421,1.0
201,Improving,1,50.9769,50.9769,0.2
201,Improving,2,54.1775,53.5374,0.4
201,Improving,3,47.9538,49.815,0.6
201,Improving,4,49.3928,49.5738,0.8
201,Improving,5,55.0367,52.3053,1.0
201,Improving,6,57.0184,54.4,1.0
201,Improving,7,60.9914,57.3295,1.0
201,Improving,8,69.7525,62.8508,1.0
201,Improving,9,68.1027,65.185,1.0
201,Improving,10,72.2978,68.3462,1.0
201,Improving,11,67.5627,67.998,1.0
201,Improving,12,73.7444,70.552,1.0
201,Improving,13,81.3573,75.3544,1.0
201,Improving,14,83.7642,79.0921,1.0
201,Improving,15,79.535,79.2889,1.0
201,Improving,16,86.3346,82.4204,1.0
201,Improving,17,98.889,89.7397,1.0
201,Improving,18,90.1752,89.9333,1.0
201,Improving,19,89.1656,89.5921,1.0
201,Improving,20,94.1312,91.6095,1.0
202,Improving,1,50.4609,50.4609,0.2
202,Improving,2,51.6126,51.3822,0.4
202,Improving,3,54.5801,53.5141,0.6
202,Improving,4,49.888,51.4421,0.8
202,Improving,5,54.6605,53.0513,1.0
202,Improving,6,61.0954,56.6265,1.0
202,Improving,7,63.3842,59.6299,1.0
202,Improving,8,63.748,61.4602,1.0
202,Improving,9,68.0623,64.3944,1.0
202,Improving,10,71.6209,67.6062,1.0
202,Improving,11,78.1313,72.284,1.0
202,Improving,12,75.5566,73.7385,1.0
202,Improving,13,80.4166,76.7065,1.0
202,Improving,14,78.0815,77.3176,1.0
202,Improving,15,86.0184,81.1846,1.0
202,Improving,16,87.405,83.9492,1.0
202,Improving,17,92.2238,87.6268,1.0
202,Improving,18,93.8305,90.384,1.0
202,Improving,19,95.5753,92.6912,1.0
202,Improving,20,94.5079,93.4986,1.0
203,Improving,1,51.2247,51.2247,0.2
203,Improving,2,57.686,56.3937,0.4
203,Improving,3,51.4765,53.1156,0.6
203,Improving,4,53.9632,53.5999,0.8
203,Improving,5,60.3808,56.9904,1.0
203,Improving,6,63.9185,60.0696,1.0
203,Improving,7,60.09,60.0786,1.0
203,Improving,8,66.2051,62.8015,1.0
203,Improving,9,68.4774,65.3241,1.0
203,Improving,10,60.2394,63.0642,1.0
203,Improving,11,72.5862,67.2962,1.0
203,Improving,12,75.266,70.8384,1.0
203,Improving,13,77.6196,73.8522,1.0
203,Improving,14,87.869,80.0819,1.0
203,Improving,15,77.0789,78.7473,1.0
203,Improving,16,81.4032,79.9277,1.0
203,Improving,17,74.8338,77.6637,1.0
203,Improving,18,87.8586,82.1948,1.0
203,Improving,19,90.6534,85.9541,1.0
203,Improving,20,92.4501,88.8412,1.0
204,Improving,1,55.5384,55.5384,0.2
204,Improving,2,56.6715,56.4449,0.4
204,Improving,3,55.1261,55.5657,0.6
204,Improving,4,55.2522,55.3866,0.8
204,Improving,5,64.6046,59.9956,1.0
204,Improving,6,61.7433,60.7724,1.0
204,Improving,7,60.1192,60.4821,1.0
204,Improving,8,57.9977,59.3779,1.0
204,Improving,9,66.7408,62.6503,1.0
204,Improving,10,75.089,68.1786,1.0
204,Improving,11,85.0669,75.6845,1.0
204,Improving,12,76.3607,75.985,1.0
204,Improving,13,74.5943,75.3669,1.0
204,Improving,14,74.8646,75.1437,1.0
204,Improving,15,85.9177,79.9321,1.0
204,Improving,16,76.7032,78.4971,1.0
204,Improving,17,90.6465,83.8968,1.0
204,Improving,18,94.3517,88.5434,1.0
204,Improving,19,94.813,91.3299,1.0
204,Improving,20,93.9017,92.4729,1.0
205,Improving,1,52.8247,52.8247,0.2
205,Improving,2,53.2231,53.1434,0.4
205,Improving,3,50.8462,51.612,0.6
205,Improving,4,66.3573,60.0379,0.8
205,Improving,5,57.7153,58.8766,1.0
205,Improving,6,65.7209,61.9185,1.0
205,Improving,7,52.1175,57.5625,1.0
205,Improving,8,72.9613,64.4064,1.0
205,Improving,9,76.2912,69.6885,1.0
205,Improving,10,71.465,70.4781,1.0
205,Improving,11,76.4781,73.1447,1.0
205,Improving,12,78.8452,75.6783,1.0
205,Improving,13,75.2071,75.4689,1.0
205,Improving,14,83.5251,79.0494,1.0
205,Improving,15,79.1147,79.0784,1.0
205,Improving,16,82.4825,80.5914,1.0
205,Improving,17,93.5295,86.3416,1.0
205,Improving,18,95.1364,90.2504,1.0
205,Improving,19,89.0997,89.739,1.0
205,Improving,20,91.3321,90.4471,1.0
206,Improving,1,46.772,46.772,0.2
206,Improving,2,56.0316,54.1797,0.4
206,Improving,3,49.7369,51.2178,0.6
206,Improving,4,58.8888,55.6013,0.8
206,Improving,5,63.2079,59.4046,1.0
206,Improving,6,61.4009,60.2918,1.0
206,Improving,7,69.2608,64.2781,1.0
206,Improving,8,65.0574,64.6244,1.0
206,Improving,9,67.8781,66.0705,1.0
206,Improving,10,66.4296,66.2301,1.0
206,Improving,11,78.7701,71.8034,1.0
206,Improving,12,72.22,71.9886,1.0
206,Improving,13,80.1699,75.6247,1.0
206,Improving,14,80.4329,77.7617,1.0
206,Improving,15,77.894,77.8205,1.0
206,Improving,16,82.4808,79.8917,1.0
206,Improving,17,94.8091,86.5217,1.0
206,Improving,18,91.2714,88.6327,1.0
206,Improving,19,87.5858,88.1674,1.0
206,Improving,20,96.5266,91.8826,1.0
207,Improving,1,49.2694,49.2694,0.2
207,Improving,2,69.6387,65.5648,0.4
207,Improving,3,56.1625,59.2966,0.6
207,Improving,4,55.2021,56.9569,0.8
207,Improving,5,66.5738,61.7654,1.0
207,Improving,6,52.6369,57.7083,1.0
207,Improving,7,64.6821,60.8078,1.0
207,Improving,8,76.5511,67.8048,1.0
207,Improving,9,68.3664,68.0544,1.0
207,Improving,10,62.6493,65.6521,1.0
207,Improving,11,71.7046,68.3421,1.0
207,Improving,12,83.3252,75.0013,1.0
207,Improving,13,80.3014,77.3569,1.0
207,Improving,14,76.5952,77.0184,1.0
207,Improving,15,79.7317,78.2243,1.0
207,Improving,16,82.7278,80.2258,1.0
207,Improving,17,89.7007,84.4369,1.0
207,Improving,18,96.9541,90.0001,1.0
207,Improving,19,97.8937,93.5084,1.0
207,Improving,20,97.2801,95.1847,1.0
208,Improving,1,43.3418,43.3418,0.2
208,Improving,2,45.7288,45.2514,0.4
208,Improving,3,57.4031,53.3525,0.6
208,Improving,4,50.3779,51.6527,0.8
208,Improving,5,58.3458,54.9993,1.0
208,Improving,6,63.3629,58.7164,1.0
208,Improving,7,58.5226,58.6303,1.0
208,Improving,8,61.4576,59.8869,1.0
208,Improving,9,68.4768,63.7046,1.0
208,Improving,10,73.834,68.2066,1.0
208,Improving,11,78.9918,73.0,1.0
208,Improving,12,79.0879,75.7057,1.0
208,Improving,13,78.7893,77.0762,1.0
208,Improving,14,77.0585,77.0683,1.0
208,Improving,15,77.8034,77.395,1.0
208,Improving,16,82.9719,79.8736,1.0
208,Improving,17,89.9444,84.3495,1.0
208,Improving,18,91.9463,87.7259,1.0
208,Improving,19,82.1321,85.2397,1.0
208,Improving,20,91.0716,87.8317,1.0
209,Improving,1,56.0225,56.0225,0.2
209,Improving,2,52.7645,53.4161,0.4
209,Improving,3,47.6518,49.5732,0.6
209,Improving,4,68.8844,60.6082,0.8
209,Improving,5,59.329,59.9686,1.0
209,Improving,6,63.7638,61.6553,1.0
209,Improving,7,66.2082,63.6788,1.0
209,Improving,8,64.741,64.1509,1.0
209,Improving,9,65.3095,64.6658,1.0
209,Improving,10,81.9242,72.3362,1.0
209,Improving,11,78.7002,75.1647,1.0
209,Improving,12,80.1623,77.3858,1.0
209,Improving,13,81.3025,79.1266,1.0
209,Improving,14,75.7729,77.636,1.0
209,Improving,15,89.5455,82.9292,1.0
209,Improving,16,81.3107,82.2098,1.0
209,Improving,17,89.3112,85.366,1.0
209,Improving,18,82.0662,83.8994,1.0
209,Improving,19,82.4273,83.2451,1.0
209,Improving,20,96.5915,89.1768,1.0
210,Improving,1,45.9545,45.9545,0.2
210,Improving,2,42.4226,43.129,0.4
210,Improving,3,57.4399,52.6696,0.6
210,Improving,4,67.7057,61.2616,0.8
210,Improving,5,66.4215,63.8416,1.0
210,Improving,6,60.5555,62.3811,1.0
210,Improving,7,64.2548,63.2138,1.0
210,Improving,8,71.0175,66.6821,1.0
210,Improving,9,74.558,70.1825,1.0
210,Improving,10,69.5981,69.9228,1.0
210,Improving,11,73.8551,71.6705,1.0
210,Improving,12,77.5557,74.2861,1.0
210,Improving,13,81.1904,77.3547,1.0
210,Improving,14,80.1241,78.5855,1.0
210,Improving,15,82.5575,80.3508,1.0
210,Improving,16,92.4255,85.7173,1.0
210,Improving,17,93.9423,89.3729,1.0
210,Improving,18,92.6502,90.8295,1.0
210,Improving,19,100.0,94.9053,1.0
210,Improving,20,93.0678,94.0886,1.0
211,Improving,1,58.1149,58.1149,0.2
211,Improving,2,55.081,55.6878,0.4
211,Improving,3,71.092,65.9572,0.6
211,Improving,4,51.1429,57.4919,0.8
211,Improving,5,56.027,56.7594,1.0
211,Improving,6,63.9361,59.9491,1.0
211,Improving,7,66.1967,62.7258,1.0
211,Improving,8,76.3296,68.7719,1.0
211,Improving,9,65.6055,67.3646,1.0
211,Improving,10,75.8404,71.1316,1.0
211,Improving,11,79.4965,74.8494,1.0
211,Improving,12,79.5759,76.95,1.0
211,Improving,13,73.6161,75.4683,1.0
211,Improving,14,87.8283,80.9616,1.0
211,Improving,15,89.3045,84.6696,1.0
211,Improving,16,88.5242,86.3828,1.0
211,Improving,17,88.9165,87.5089,1.0
211,Improving,18,91.3937,89.2355,1.0
211,Improving,19,92.2379,90.5699,1.0
211,Improving,20,98.2039,93.9628,1.0
212,Improving,1,50.1557,50.1557,0.2
212,Improving,2,48.1258,48.5318,0.4
212,Improving,3,49.4939,49.1732,0.6
212,Improving,4,53.3451,51.5571,0.8
212,Improving,5,60.5843,56.0707,1.0
212,Improving,6,61.7073,58.5759,1.0
212,Improving,7,65.2872,61.5587,1.0
212,Improving,8,69.083,64.9028,1.0
212,Improving,9,65.8108,65.3064,1.0
212,Improving,10,78.6441,71.2342,1.0
212,Improving,11,72.3457,71.7282,1.0
212,Improving,12,73.8855,72.687,1.0
212,Improving,13,80.833,76.3074,1.0
212,Improving,14,71.6069,74.2183,1.0
212,Improving,15,79.2052,76.4347,1.0
212,Improving,16,90.4317,82.6556,1.0
212,Improving,17,79.2076,81.1232,1.0
212,Improving,18,95.851,87.6689,1.0
212,Improving,19,100.0,93.1494,1.0
212,Improving,20,93.1527,93.1509,1.0
213,Improving,1,51.4591,51.4591,0.2
213,Improving,2,57.9639,56.6629,0.4
213,Improving,3,52.4029,53.8229,0.6
213,Improving,4,61.4441,58.1779,0.8
213,Improving,5,56.1179,57.1479,1.0
213,Improving,6,59.4541,58.1729,1.0
213,Improving,7,60.2138,59.08,1.0
213,Improving,8,68.2922,63.1743,1.0
213,Improving,9,74.7372,68.3134,1.0
213,Improving,10,70.3952,69.2386,1.0
213,Improving,11,67.328,68.3894,1.0
213,Improving,12,70.6391,69.3893,1.0
213,Improving,13,80.394,74.2803,1.0
213,Improving,14,90.0101,81.2713,1.0
213,Improving,15,85.1265,82.9847,1.0
213,Improving,16,83.5918,83.2546,1.0
213,Improving,17,91.7257,87.0195,1.0
213,Improving,18,89.0657,87.9289,1.0
213,Improving,19,90.7402,89.1783,1.0
213,Improving,20,90.2077,89.6358,1.0
214,Improving,1,57.0422,57.0422,0.2
214,Improving,2,39.6724,43.1464,0.4
214,Improving,3,58.7261,53.5329,0.6
214,Improving,4,54.7865,54.2493,0.8
214,Improving,5,57.422,55.8356,1.0
214,Improving,6,70.3037,62.2659,1.0
214,Improving,7,60.6399,61.5432,1.0
214,Improving,8,63.1786,62.27,1.0
214,Improving,9,68.2954,64.948,1.0
214,Improving,10,73.385,68.6978,1.0
214,Improving,11,71.4749,69.9321,1.0
214,Improving,12,68.1833,69.1549,1.0
214,Improving,13,74.0926,71.3494,1.0
214,Improving,14,87.1961,78.3924,1.0
214,Improving,15,83.5318,80.6766,1.0
214,Improving,16,87.7818,83.8344,1.0
214,Improving,17,86.5876,85.0581,1.0
214,Improving,18,86.9657,85.9059,1.0
214,Improving,19,100.0,92.1699,1.0
214,Improving,20,94.059,93.0095,1.0
215,Improving,1,47.7832,47.7832,0.2
215,Improving,2,57.8491,55.8359,0.4
215,Improving,3,51.125,52.6953,0.6
215,Improving,4,54.1316,53.5161,0.8
215,Improving,5,59.5249,56.5205,1.0
215,Improving,6,61.8435,58.8863,1.0
215,Improving,7,65.5086,61.8295,1.0
215,Improving,8,77.0373,68.5885,1.0
215,Improving,9,70.6286,69.4952,1.0
215,Improving,10,59.4255,65.0198,1.0
215,Improving,11,75.3157,69.5958,1.0
215,Improving,12,76.242,72.5497,1.0
215,Improving,13,78.6383,75.2557,1.0
215,Improving,14,82.0192,78.2617,1.0
215,Improving,15,83.0145,80.3741,1.0
215,Improving,16,85.2633,82.547,1.0
215,Improving,17,90.96,86.2861,1.0
215,Improving,18,87.5528,86.8491,1.0
215,Improving,19,87.8931,87.3131,1.0
215,Improving,20,100.0,92.9517,1.0
216,Improving,1,46.4207,46.4207,0.2
216,Improving,2,52.8691,51.5795,0.4
216,Improving,3,47.2585,48.6988,0.6
216,Improving,4,57.6876,53.8353,0.8
216,Improving,5,54.8076,54.3214,1.0
216,Improving,6,59.6297,56.6807,1.0
216,Improving,7,69.4358,62.3496,1.0
216,Improving,8,68.939,65.2782,1.0
216,Improving,9,71.7894,68.1721,1.0
216,Improving,10,62.4598,65.6333,1.0
216,Improving,11,82.8687,73.2935,1.0
216,Improving,12,70.0932,71.8711,1.0
216,Improving,13,86.0639,78.179,1.0
216,Improving,14,85.8972,81.6093,1.0
216,Improving,15,86.0446,83.5805,1.0
216,Improving,16,81.2514,82.5454,1.0
216,Improving,17,88.6527,85.2597,1.0
216,Improving,18,87.9086,86.437,1.0
216,Improving,19,92.7768,89.2547,1.0
216,Improving,20,93.7506,91.2529,1.0
217,Improving,1,39.8069,39.8069,0.2
217,Improving,2,57.9773,54.3433,0.4
217,Improving,3,54.3313,54.3353,0.6
217,Improving,4,54.6813,54.533,0.8
217,Improving,5,56.672,55.6025,1.0
217,Improving,6,63.6344,59.1722,1.0
217,Improving,7,59.7417,59.4254,1.0
217,Improving,8,55.3031,57.5932,1.0
217,Improving,9,70.983,63.5442,1.0
217,Improving,10,73.9113,68.1518,1.0
217,Improving,11,72.6861,70.167,1.0
217,Improving,12,70.3131,70.232,1.0
217,Improving,13,78.8657,74.0692,1.0
217,Improving,14,73.4668,73.8015,1.0
217,Improving,15,78.0217,75.6771,1.0
217,Improving,16,81.7728,78.3863,1.0
217,Improving,17,92.1144,84.4877,1.0
217,Improving,18,88.4501,86.2488,1.0
217,Improving,19,90.3922,88.0903,1.0
217,Improving,20,100.0,93.3835,1.0
218,Improving,1,51.7623,51.7623,0.2
218,Improving,2,54.0634,53.6032,0.4
218,Improving,3,52.8883,53.1266,0.6
218,Improving,4,54.1234,53.6962,0.8
218,Improving,5,48.5417,51.1189,1.0
218,Improving,6,66.6858,58.0375,1.0
218,Improving,7,66.4521,61.7773,1.0
218,Improving,8,65.6831,63.5132,1.0
218,Improving,9,68.2612,65.6235,1.0
218,Improving,10,74.9965,69.7893,1.0
218,Improving,11,65.9107,68.0654,1.0
218,Improving,12,73.1032,70.3045,1.0
218,Improving,13,72.7395,71.3867,1.0
218,Improving,14,89.647,79.5024,1.0
218,Improving,15,87.5362,83.073,1.0
218,Improving,16,74.5129,79.2685,1.0
218,Improving,17,80.3259,79.7385,1.0
218,Improving,18,89.6014,84.122,1.0
218,Improving,19,90.2694,86.8542,1.0
218,Improving,20,88.3781,87.5315,1.0
219,Improving,1,59.7238,59.7238,0.2
219,Improving,2,53.9311,55.0897,0.4
219,Improving,3,57.1109,56.4372,0.6
219,Improving,4,53.6452,54.8418,0.8
219,Improving,5,63.0851,58.9634,1.0
219,Improving,6,59.9399,59.3974,1.0
219,Improving,7,62.7938,60.9069,1.0
219,Improving,8,69.634,64.7856,1.0
219,Improving,9,60.8024,63.0153,1.0
219,Improving,10,79.3009,70.2533,1.0
219,Improving,11,74.5962,72.1835,1.0
219,Improving,12,82.4574,76.7496,1.0
219,Improving,13,73.044,75.1027,1.0
219,Improving,14,76.1736,75.5787,1.0
219,Improving,15,77.3484,76.3652,1.0
219,Improving,16,86.7778,80.993,1.0
219,Improving,17,88.2247,84.2071,1.0
219,Improving,18,87.9411,85.8666,1.0
219,Improving,19,87.5612,86.6198,1.0
219,Improving,20,88.667,87.5297,1.0
220,Improving,1,49.7576,49.7576,0.2
220,Improving,2,50.0405,49.9839,0.4
220,Improving,3,51.3088,50.8672,0.6
220,Improving,4,64.8407,58.8521,0.8
220,Improving,5,59.0621,58.9571,1.0
220,Improving,6,68.1923,63.0616,1.0
220,Improving,7,61.5443,62.3872,1.0
220,Improving,8,67.8028,64.7942,1.0
220,Improving,9,68.67,66.5168,1.0
220,Improving,10,62.8277,64.8772,1.0
220,Improving,11,80.8259,71.9655,1.0
220,Improving,12,75.3769,73.4817,1.0
220,Improving,13,82.1531,77.3357,1.0
220,Improving,14,77.0293,77.1995,1.0
220,Improving,15,82.3337,79.4814,1.0
220,Improving,16,81.1921,80.2417,1.0
220,Improving,17,94.0747,86.3897,1.0
220,Improving,18,91.8202,88.8033,1.0
220,Improving,19,94.4668,91.3204,1.0
220,Improving,20,100.0,95.178,1.0
221,Improving,1,55.7817,55.7817,0.2
221,Improving,2,56.1951,56.1124,0.4
221,Improving,3,47.6282,50.4563,0.6
221,Improving,4,53.6269,52.268,0.8
221,Improving,5,54.4542,53.3611,1.0
221,Improving,6,65.4798,58.7472,1.0
221,Improving,7,65.0638,61.5546,1.0
221,Improving,8,59.6264,60.6976,1.0
221,Improving,9,68.0036,63.9447,1.0
221,Improving,10,63.8452,63.9005,1.0
221,Improving,11,73.4184,68.1307,1.0
221,Improving,12,67.7758,67.973,1.0
221,Improving,13,81.0652,73.7917,1.0
221,Improving,14,82.6793,77.7418,1.0
221,Improving,15,92.6976,84.3888,1.0
221,Improving,16,89.7657,86.7785,1.0
221,Improving,17,85.7802,86.3348,1.0
221,Improving,18,94.3535,89.8987,1.0
221,Improving,19,85.6433,88.0074,1.0
221,Improving,20,90.1876,88.9764,1.0
222,Improving,1,51.6657,51.6657,0.2
222,Improving,2,41.5772,43.5949,0.4
222,Improving,3,54.551,50.899,0.6
222,Improving,4,52.0039,51.5304,0.8
222,Improving,5,59.9802,55.7553,1.0
222,Improving,6,56.4534,56.0656,1.0
222,Improving,7,66.3318,60.6283,1.0
222,Improving,8,66.6756,63.316,1.0
222,Improving,9,75.9492,68.9308,1.0
222,Improving,10,71.3495,70.0057,1.0
222,Improving,11,69.841,69.9325,1.0
222,Improving,12,74.8182,72.1039,1.0
222,Improving,13,71.6999,71.9243,1.0
222,Improving,14,82.8202,76.7669,1.0
222,Improving,15,86.1071,80.9181,1.0
222,Improving,16,97.8723,88.4533,1.0
222,Improving,17,84.7856,86.8232,1.0
222,Improving,18,88.9242,87.757,1.0
222,Improving,19,89.7528,88.644,1.0
222,Improving,20,96.0606,91.9403,1.0
223,Improving,1,51.9085,51.9085,0.2
223,Improving,2,52.1015,52.0629,0.4
223,Improving,3,60.1685,57.4666,0.6
223,Improving,4,54.0204,55.4973,0.8
223,Improving,5,64.4046,59.9509,1.0
223,Improving,6,64.5346,61.9881,1.0
223,Improving,7,64.1504,62.9491,1.0
223,Improving,8,65.0043,63.8625,1.0
223,Improving,9,81.0807,71.515,1.0
223,Improving,10,67.2307,69.6109,1.0
223,Improving,11,75.1739,72.0833,1.0
223,Improving,12,72.3015,72.1803,1.0
223,Improving,13,87.3492,78.922,1.0
223,Improving,14,85.2236,81.7227,1.0
223,Improving,15,79.7661,80.8531,1.0
223,Improving,16,88.0893,84.0692,1.0
223,Improving,17,89.1832,86.3421,1.0
223,Improving,18,87.68,86.9367,1.0
223,Improving,19,96.4224,91.1526,1.0
223,Improving,20,96.9465,93.7277,1.0
224,Improving,1,51.0785,51.0785,0.2
224,Improving,2,52.1588,51.9428,0.4
224,Improving,3,56.8921,55.2423,0.6
224,Improving,4,58.2522,56.9623,0.8
224,Improving,5,59.7692,58.3657,1.0
224,Improving,6,58.637,58.4863,1.0
224,Improving,7,72.6794,64.7943,1.0
224,Improving,8,61.3268,63.2532,1.0
224,Improving,9,71.0855,66.7343,1.0
224,Improving,10,69.7146,68.0588,1.0
224,Improving,11,82.4819,74.4691,1.0
224,Improving,12,71.5352,73.1652,1.0
224,Improving,13,74.7447,73.8672,1.0
224,Improving,14,75.9404,74.7886,1.0
224,Improving,15,84.7752,79.2271,1.0
224,Improving,16,78.6611,78.9755,1.0
224,Improving,17,85.5021,81.8762,1.0
224,Improving,18,79.5013,80.8207,1.0
224,Improving,19,93.8337,86.6043,1.0
224,Improving,20,92.4989,89.2241,1.0
225,Improving,1,42.5597,42.5597,0.2
225,Improving,2,57.7965,54.7491,0.4
225,Improving,3,48.1985,50.382,0.6
225,Improving,4,61.09,56.5009,0.8
225,Improving,5,55.9685,56.2347,1.0
225,Improving,6,69.85,62.2859,1.0
225,Improving,7,67.9583,64.807,1.0
225,Improving,8,61.5387,63.3544,1.0
225,Improving,9,64.362,63.8022,1.0
225,Improving,10,74.3434,68.4872,1.0
225,Improving,11,72.3723,70.2139,1.0
225,Improving,12,75.2059,72.4326,1.0
225,Improving,13,84.7822,77.9213,1.0
225,Improving,14,77.046,77.5323,1.0
225,Improving,15,83.6144,80.2354,1.0
225,Improving,16,90.2995,84.7083,1.0
225,Improving,17,91.9403,87.9226,1.0
225,Improving,18,89.4651,88.6081,1.0
225,Improving,19,91.187,89.7543,1.0
225,Improving,20,86.3059,88.2217,1.0
226,Improving,1,44.7188,44.7188,0.2
226,Improving,2,53.9602,52.1119,0.4
226,Improving,3,54.0474,53.4023,0.6
226,Improving,4,57.4799,55.7323,0.8
226,Improving,5,64.67,60.2011,1.0
226,Improving,6,55.9055,58.292,1.0
226,Improving,7,63.0296,60.3976,1.0
226,Improving,8,67.5225,63.5642,1.0
226,Improving,9,65.4266,64.3919,1.0
226,Improving,10,78.4732,70.6503,1.0
226,Improving,11,78.2271,74.0178,1.0
226,Improving,12,77.5033,75.5669,1.0
226,Improving,13,87.3922,80.8226,1.0
226,Improving,14,73.295,77.477,1.0
226,Improving,15,83.1193,79.9847,1.0
226,Improving,16,87.358,83.2617,1.0
226,Improving,17,83.322,83.2885,1.0
226,Improving,18,91.7667,87.0566,1.0
226,Improving,19,87.0987,87.0753,1.0
226,Improving,20,98.4528,92.132,1.0
227,Improving,1,55.2892,55.2892,0.2
227,Improving,2,53.7301,54.0419,0.4
227,Improving,3,45.4729,48.3292,0.6
227,Improving,4,52.2713,50.5818,0.8
227,Improving,5,62.2972,56.4395,1.0
227,Improving,6,61.9481,58.8878,1.0
227,Improving,7,50.7405,55.2668,1.0
227,Improving,8,72.7931,63.0563,1.0
227,Improving,9,69.6307,65.9782,1.0
227,Improving,10,67.2204,66.5303,1.0
227,Improving,11,78.659,71.9208,1.0
227,Improving,12,72.6649,72.2515,1.0
227,Improving,13,74.9788,73.4637,1.0
227,Improving,14,82.5812,77.5159,1.0
227,Improving,15,92.0631,83.9813,1.0
227,Improving,16,93.6443,88.276,1.0
227,Improving,17,89.6933,88.9059,1.0
227,Improving,18,92.5751,90.5366,1.0
227,Improving,19,96.5891,93.2266,1.0
227,Improving,20,88.7151,91.2215,1.0
228,Improving,1,53.2207,53.2207,0.2
228,Improving,2,48.6981,49.6026,0.4
228,Improving,3,56.3292,54.087,0.6
228,Improving,4,55.9679,55.1618,0.8
228,Improving,5,61.9797,58.5708,1.0
228,Improving,6,62.4326,60.2872,1.0
228,Improving,7,48.8454,55.2019,1.0
228,Improving,8,67.4734,60.6559,1.0
228,Improving,9,72.1581,65.768,1.0
228,Improving,10,73.5454,69.2246,1.0
228,Improving,11,73.1713,70.9787,1.0
228,Improving,12,84.2634,76.883,1.0
228,Improving,13,79.9779,78.2585,1.0
228,Improving,14,82.9778,80.356,1.0
228,Improving,15,88.3804,83.9224,1.0
228,Improving,16,87.3393,85.441,1.0
228,Improving,17,83.4046,84.536,1.0
228,Improving,18,78.0715,81.6629,1.0
228,Improving,19,90.246,85.4776,1.0
228,Improving,20,98.8047,91.4008,1.0
229,Improving,1,48.2345,48.2345,0.2
229,Improving,2,56.3743,54.7464,0.4
229,Improving,3,55.4805,55.2358,0.6
229,Improving,4,63.5456,59.9842,0.8
229,Improving,5,57.9976,58.9909,1.0
229,Improving,6,64.1802,61.2973,1.0
229,Improving,7,66.74,63.7162,1.0
229,Improving,8,74.087,68.3254,1.0
229,Improving,9,60.4142,64.8093,1.0
229,Improving,10,69.0237,66.6824,1.0
229,Improving,11,77.9268,71.6799,1.0
229,Improving,12,83.7821,77.0587,1.0
229,Improving,13,79.6214,78.1977,1.0
229,Improving,14,79.326,78.6991,1.0
229,Improving,15,86.9435,82.3633,1.0
229,Improving,16,89.8698,85.6995,1.0
229,Improving,17,86.0964,85.8759,1.0
229,Improving,18,91.9147,88.5598,1.0
229,Improving,19,98.5342,92.9929,1.0
229,Improving,20,100.0,96.1072,1.0
230,Improving,1,53.713,53.713,0.2
230,Improving,2,52.5891,52.8139,0.4
230,Improving,3,54.4665,53.9156,0.6
230,Improving,4,59.8922,57.3308,0.8
230,Improving,5,58.8953,58.1131,1.0
230,Improving,6,62.7903,60.1918,1.0
230,Improving,7,58.9211,59.6271,1.0
230,Improving,8,73.0642,65.5992,1.0
230,Improving,9,63.2464,64.5535,1.0
230,Improving,10,69.1552,66.5987,1.0
230,Improving,11,74.1722,69.9647,1.0
230,Improving,12,86.0076,77.0949,1.0
230,Improving,13,76.3076,76.745,1.0
230,Improving,14,77.4594,77.0625,1.0
230,Improving,15,80.4038,78.5475,1.0
230,Improving,16,93.8208,85.3356,1.0
230,Improving,17,73.833,80.2234,1.0
230,Improving,18,85.2495,82.4572,1.0
230,Improving,19,100.0,90.254,1.0
230,Improving,20,97.9544,93.6764,1.0
231,Improving,1,44.4701,44.4701,0.2
231,Improving,2,52.1588,50.6211,0.4
231,Improving,3,55.0741,53.5898,0.6
231,Improving,4,61.3359,58.0161,0.8
231,Improving,5,68.6712,63.3437,1.0
231,Improving,6,63.7849,63.5398,1.0
231,Improving,7,61.5116,62.6383,1.0
231,Improving,8,70.5144,66.1388,1.0
231,Improving,9,65.4561,65.8354,1.0
231,Improving,10,66.1491,65.9748,1.0
231,Improving,11,64.8847,65.4903,1.0
231,Improving,12,68.227,66.7066,1.0
231,Improving,13,73.9388,69.9209,1.0
231,Improving,14,74.9005,72.1341,1.0
231,Improving,15,84.7241,77.7296,1.0
231,Improving,16,79.5293,78.5295,1.0
231,Improving,17,72.1764,75.7059,1.0
231,Improving,18,85.0436,79.856,1.0
231,Improving,19,90.2723,84.4855,1.0
231,Improving,20,91.9728,87.8131,1.0
232,Improving,1,57.5976,57.5976,0.2
232,Improving,2,49.3007,50.9601,0.4
232,Improving,3,59.1415,56.4143,0.6
232,Improving,4,57.0104,56.7549,0.8
232,Improving,5,59.2622,58.0085,1.0
232,Improving,6,57.6652,57.8559,1.0
232,Improving,7,63.9166,60.5496,1.0
232,Improving,8,62.7535,61.5291,1.0
232,Improving,9,69.7975,65.2039,1.0
232,Improving,10,70.1345,67.3953,1.0
232,Improving,11,68.9611,68.0912,1.0
232,Improving,12,81.0121,73.8338,1.0
232,Improving,13,80.5553,76.8211,1.0
232,Improving,14,78.5492,77.5891,1.0
232,Improving,15,83.8854,80.3875,1.0
232,Improving,16,85.1072,82.4851,1.0
232,Improving,17,83.5568,82.9614,1.0
232,Improving,18,90.6156,86.3633,1.0
232,Improving,19,89.5265,87.7692,1.0
232,Improving,20,90.2753,88.883,1.0
233,Improving,1,41.8862,41.8862,0.2
233,Improving,2,50.5754,48.8375,0.4
233,Improving,3,57.5717,54.6603,0.6
233,Improving,4,53.632,54.0727,0.8
233,Improving,5,72.0772,63.075,1.0
233,Improving,6,66.2705,64.4952,1.0
233,Improving,7,70.7322,67.2672,1.0
233,Improving,8,70.5552,68.7285,1.0
233,Improving,9,78.2117,72.9433,1.0
233,Improving,10,67.3808,70.471,1.0
233,Improving,11,60.8805,66.2086,1.0
233,Improving,12,73.822,69.5923,1.0
233,Improving,13,81.2121,74.7567,1.0
233,Improving,14,81.5471,77.7746,1.0
233,Improving,15,84.5353,80.7794,1.0
233,Improving,16,92.1309,85.8245,1.0
233,Improving,17,89.805,87.5936,1.0
233,Improving,18,94.2577,90.5554,1.0
233,Improving,19,87.9338,89.3902,1.0
233,Improving,20,89.523,89.4493,1.0
234,Improving,1,58.0706,58.0706,0.2
234,Improving,2,52.8729,53.9125,0.4
234,Improving,3,51.6207,52.3846,0.6
234,Improving,4,53.9983,53.3067,0.8
234,Improving,5,56.2281,54.7674,1.0
234,Improving,6,58.2973,56.3362,1.0
234,Improving,7,57.7948,56.9845,1.0
234,Improving,8,59.0768,57.9144,1.0
234,Improving,9,67.9723,62.3846,1.0
234,Improving,10,68.3512,65.0364,1.0
234,Improving,11,79.22,71.3402,1.0
234,Improving,12,77.518,74.0859,1.0
234,Improving,13,79.7476,76.6022,1.0
234,Improving,14,77.0739,76.8119,1.0
234,Improving,15,82.5528,79.3634,1.0
234,Improving,16,87.3313,82.9047,1.0
234,Improving,17,91.4757,86.714,1.0
234,Improving,18,89.7937,88.0828,1.0
234,Improving,19,98.0272,92.5025,1.0
234,Improving,20,95.0399,93.6303,1.0
235,Improving,1,53.9642,53.9642,0.2
235,Improving,2,49.9192,50.7282,0.4
235,Improving,3,45.6739,47.3587,0.6
235,Improving,4,58.4471,53.6949,0.8
235,Improving,5,63.1003,58.3976,1.0
235,Improving,6,64.7188,61.207,1.0
235,Improving,7,66.3215,63.4801,1.0
235,Improving,8,64.836,64.0827,1.0
235,Improving,9,64.9136,64.452,1.0
235,Improving,10,74.0744,68.7286,1.0
235,Improving,11,75.8164,71.8788,1.0
235,Improving,12,73.2481,72.4874,1.0
235,Improving,13,83.9682,77.59,1.0
235,Improving,14,76.3751,77.05,1.0
235,Improving,15,80.2403,78.4679,1.0
235,Improving,16,93.7084,85.2415,1.0
235,Improving,17,92.2376,88.3509,1.0
235,Improving,18,88.4731,88.4052,1.0
235,Improving,19,94.0685,90.9222,1.0
235,Improving,20,95.774,93.0785,1.0
236,Improving,1,36.2719,36.2719,0.2
236,Improving,2,47.8361,45.5232,0.4
236,Improving,3,54.4826,51.4961,0.6
236,Improving,4,55.3222,53.6825,0.8
236,Improving,5,60.7092,57.1958,1.0
236,Improving,6,67.4895,61.7708,1.0
236,Improving,7,62.6028,62.1406,1.0
236,Improving,8,61.2907,61.7629,1.0
236,Improving,9,70.5716,65.6779,1.0
236,Improving,10,69.6827,67.4578,1.0
236,Improving,11,72.9039,69.8783,1.0
236,Improving,12,74.5938,71.974,1.0
236,Improving,13,89.6302,79.8212,1.0
236,Improving,14,69.586,75.2722,1.0
236,Improving,15,81.2162,77.914,1.0
236,Improving,16,85.5079,81.2891,1.0
236,Improving,17,83.989,82.489,1.0
236,Improving,18,94.7623,87.9438,1.0
236,Improving,19,96.6979,91.8345,1.0
236,Improving,20,94.7612,93.1353,1.0
237,Improving,1,48.6466,48.6466,0.2
237,Improving,2,51.8086,51.1762,0.4
237,Improving,3,54.2129,53.2007,0.6
237,Improving,4,56.7134,55.2079,0.8
237,Improving,5,58.5337,56.8708,1.0
237,Improving,6,63.1044,59.6413,1.0
237,Improving,7,67.9766,63.3459,1.0
237,Improving,8,60.4276,62.0489,1.0
237,Improving,9,63.694,62.7801,1.0
237,Improving,10,62.5732,62.6881,1.0
237,Improving,11,78.0162,69.5006,1.0
237,Improving,12,77.3042,72.9689,1.0
237,Improving,13,80.9474,76.5149,1.0
237,Improving,14,73.642,75.238,1.0
237,Improving,15,92.0826,82.7245,1.0
237,Improving,16,82.4821,82.6168,1.0
237,Improving,17,88.7358,85.3363,1.0
237,Improving,18,94.5351,89.4247,1.0
237,Improving,19,87.6967,88.6567,1.0
237,Improving,20,92.2684,90.2619,1.0
238,Improving,1,50.8959,50.8959,0.2
238,Improving,2,66.6558,63.5038,0.4
238,Improving,3,56.2425,58.6629,0.6
238,Improving,4,65.1371,62.3624,0.8
238,Improving,5,65.502,63.9322,1.0
238,Improving,6,63.6822,63.8211,1.0
238,Improving,7,59.2645,61.796,1.0
238,Improving,8,71.8777,66.2767,1.0
238,Improving,9,61.4568,64.1346,1.0
238,Improving,10,79.3202,70.8837,1.0
238,Improving,11,74.6842,72.5728,1.0
238,Improving,12,62.8015,68.23,1.0
238,Improving,13,76.7185,72.0027,1.0
238,Improving,14,84.0592,77.3611,1.0
238,Improving,15,81.9728,79.4108,1.0
238,Improving,16,89.1013,83.7177,1.0
238,Improving,17,83.6446,83.6852,1.0
238,Improving,18,83.7332,83.7066,1.0
238,Improving,19,92.2744,87.5145,1.0
238,Improving,20,95.1578,90.9115,1.0
239,Improving,1,48.2581,48.2581,0.2
239,Improving,2,58.5049,56.4555,0.4
239,Improving,3,50.4858,52.4757,0.6
239,Improving,4,58.6711,56.0159,0.8
239,Improving,5,59.8135,57.9147,1.0
239,Improving,6,54.0585,56.2009,1.0
239,Improving,7,57.6154,56.8295,1.0
239,Improving,8,66.6385,61.1891,1.0
239,Improving,9,78.8534,69.0399,1.0
239,Improving,10,74.2121,71.3387,1.0
239,Improving,11,65.056,68.5464,1.0
239,Improving,12,60.5002,64.9703,1.0
239,Improving,13,82.0863,72.5774,1.0
239,Improving,14,80.3084,76.0134,1.0
239,Improving,15,88.8642,81.7249,1.0
239,Improving,16,81.1227,81.4573,1.0
239,Improving,17,89.6458,85.0966,1.0
239,Improving,18,94.494,89.2732,1.0
239,Improving,19,90.3943,89.7715,1.0
239,Improving,20,92.8696,91.1484,1.0
240,Improving,1,50.1263,50.1263,0.2
240,Improving,2,55.0818,54.0907,0.4
240,Improving,3,54.6652,54.4737,0.6
240,Improving,4,61.9752,58.7603,0.8
240,Improving,5,57.164,57.9621,1.0
240,Improving,6,55.2001,56.7346,1.0
240,Improving,7,74.0954,64.4505,1.0
240,Improving,8,63.5558,64.0528,1.0
240,Improving,9,66.1052,64.965,1.0
240,Improving,10,70.9868,67.6413,1.0
240,Improving,11,74.0201,70.4763,1.0
240,Improving,12,74.1192,72.0954,1.0
240,Improving,13,78.3339,74.8681,1.0
240,Improving,14,80.5907,77.4114,1.0
240,Improving,15,84.032,80.3539,1.0
240,Improving,16,73.7389,77.4139,1.0
240,Improving,17,97.2991,86.2518,1.0
240,Improving,18,89.5267,87.7073,1.0
240,Improving,19,95.5347,91.1861,1.0
240,Improving,20,88.1095,89.8187,1.0
241,Improving,1,47.645,47.645,0.2
241,Improving,2,49.0068,48.7345,0.4
241,Improving,3,62.0855,57.6351,0.6
241,Improving,4,54.1762,55.6586,0.8
241,Improving,5,63.2641,59.4613,1.0
241,Improving,6,58.59,59.0741,1.0
241,Improving,7,61.9474,60.3511,1.0
241,Improving,8,65.3512,62.5734,1.0
241,Improving,9,75.3666,68.2593,1.0
241,Improving,10,61.8665,65.418,1.0
241,Improving,11,67.1059,66.1682,1.0
241,Improving,12,66.3161,66.2339,1.0
241,Improving,13,72.9835,69.2338,1.0
241,Improving,14,76.7315,72.5661,1.0
241,Improving,15,75.0855,73.6858,1.0
241,Improving,16,81.8556,77.3168,1.0
241,Improving,17,77.8212,77.541,1.0
241,Improving,18,85.1732,80.9331,1.0
241,Improving,19,98.6337,88.8,1.0
241,Improving,20,97.0179,92.4524,1.0
242,Improving,1,50.9373,50.9373,0.2
242,Improving,2,47.3545,48.0711,0.4
242,Improving,3,47.0564,47.3946,0.6
242,Improving,4,51.4095,49.6888,0.8
242,Improving,5,59.2576,54.4732,1.0
242,Improving,6,66.183,59.6776,1.0
242,Improving,7,68.7224,63.6975,1.0
242,Improving,8,69.732,66.3795,1.0
242,Improving,9,65.2596,65.8818,1.0
242,Improving,10,71.4385,68.3514,1.0
242,Improving,11,72.0775,70.0075,1.0
242,Improving,12,75.0467,72.2471,1.0
242,Improving,13,88.6067,79.518,1.0
242,Improving,14,71.9795,76.1676,1.0
242,Improving,15,81.9845,78.7529,1.0
242,Improving,16,91.5851,84.4561,1.0
242,Improving,17,80.5653,82.7268,1.0
242,Improving,18,87.0444,84.6458,1.0
242,Improving,19,89.9864,87.0194,1.0
242,Improving,20,93.8836,90.0701,1.0
243,Improving,1,42.0202,42.0202,0.2
243,Improving,2,55.3449,52.6799,0.4
243,Improving,3,58.0683,56.2722,0.6
243,Improving,4,59.6471,58.2007,0.8
243,Improving,5,55.1218,56.6613,1.0
243,Improving,6,62.2747,59.1561,1.0
243,Improving,7,59.7133,59.4038,1.0
243,Improving,8,64.916,61.8536,1.0
243,Improving,9,79.7147,69.7919,1.0
243,Improving,10,71.7943,70.6818,1.0
243,Improving,11,67.7466,69.3773,1.0
243,Improving,12,76.9543,72.7448,1.0
243,Improving,13,71.6621,72.2636,1.0
243,Improving,14,74.7944,73.3884,1.0
243,Improving,15,77.9523,75.4168,1.0
243,Improving,16,83.3048,78.9226,1.0
243,Improving,17,92.5796,84.9923,1.0
243,Improving,18,93.1551,88.6203,1.0
243,Improving,19,95.2466,91.5653,1.0
243,Improving,20,89.5054,90.6498,1.0
244,Improving,1,47.2934,47.2934,0.2
244,Improving,2,53.7284,52.4414,0.4
244,Improving,3,51.5952,51.8773,0.6
244,Improving,4,55.7134,54.0694,0.8
244,Improving,5,61.6805,57.8749,1.0
244,Improving,6,60.0982,58.8631,1.0
244,Improving,7,65.3408,61.7421,1.0
244,Improving,8,74.5426,67.4312,1.0
244,Improving,9,68.0881,67.7231,1.0
244,Improving,10,77.2125,71.9406,1.0
244,Improving,11,76.4811,73.9586,1.0
244,Improving,12,68.7164,71.6287,1.0
244,Improving,13,72.9104,72.1984,1.0
244,Improving,14,76.6215,74.1642,1.0
244,Improving,15,78.8837,76.2618,1.0
244,Improving,16,85.0749,80.1787,1.0
244,Improving,17,90.968,84.9739,1.0
244,Improving,18,96.5389,90.1139,1.0
244,Improving,19,94.1725,91.9177,1.0
244,Improving,20,92.7716,92.2972,1.0
245,Improving,1,39.5888,39.5888,0.2
245,Improving,2,52.7214,50.0949,0.4
245,Improving,3,54.8657,53.2754,0.6
245,Improving,4,58.0199,55.9866,0.8
245,Improving,5,70.0049,62.9957,1.0
245,Improving,6,68.0451,65.2399,1.0
245,Improving,7,68.1358,66.527,1.0
245,Improving,8,61.7686,64.4121,1.0
245,Improving,9,66.3824,65.2878,1.0
245,Improving,10,70.8416,67.7561,1.0
245,Improving,11,69.8072,68.6677,1.0
245,Improving,12,78.555,73.062,1.0
245,Improving,13,80.2056,76.237,1.0
245,Improving,14,75.3479,75.8418,1.0
245,Improving,15,89.142,81.753,1.0
245,Improving,16,86.0379,83.6574,1.0
245,Improving,17,79.2494,81.6983,1.0
245,Improving,18,90.0064,85.3908,1.0
245,Improving,19,94.0376,89.2338,1.0
245,Improving,20,99.864,93.9583,1.0
246,Improving,1,48.3126,48.3126,0.2
246,Improving,2,56.5081,54.869,0.4
246,Improving,3,55.6726,55.4047,0.6
246,Improving,4,50.53,52.6192,0.8
246,Improving,5,52.3979,52.5085,1.0
246,Improving,6,67.4549,59.1513,1.0
246,Improving,7,70.1904,64.0576,1.0
246,Improving,8,68.1935,65.8958,1.0
246,Improving,9,76.4259,70.5758,1.0
246,Improving,10,76.5988,73.2527,1.0
246,Improving,11,77.1024,74.9637,1.0
246,Improving,12,71.4961,73.4225,1.0
246,Improving,13,87.0782,79.4917,1.0
246,Improving,14,83.471,81.2603,1.0
246,Improving,15,81.2287,81.2462,1.0
246,Improving,16,82.185,81.6635,1.0
246,Improving,17,89.1787,85.0035,1.0
246,Improving,18,81.9079,83.6277,1.0
246,Improving,19,96.1299,89.1842,1.0
246,Improving,20,90.2321,89.65,1.0
247,Improving,1,51.853,51.853,0.2
247,Improving,2,49.7603,50.1789,0.4
247,Improving,3,53.4147,52.3361,0.6
247,Improving,4,53.3207,52.8987,0.8
247,Improving,5,58.6675,55.7831,1.0
247,Improving,6,71.289,62.6746,1.0
247,Improving,7,71.1358,66.4352,1.0
247,Improving,8,68.3513,67.2868,1.0
247,Improving,9,68.8209,67.9686,1.0
247,Improving,10,75.5368,71.3323,1.0
247,Improving,11,79.3341,74.8886,1.0
247,Improving,12,71.9035,73.5619,1.0
247,Improving,13,78.0339,75.5494,1.0
247,Improving,14,71.6797,73.8296,1.0
247,Improving,15,88.7734,80.4713,1.0
247,Improving,16,95.8514,87.3069,1.0
247,Improving,17,88.2951,87.7461,1.0
247,Improving,18,79.6381,84.1426,1.0
247,Improving,19,95.676,89.2685,1.0
247,Improving,20,90.4796,89.8068,1.0
248,Improving,1,46.6833,46.6833,0.2
248,Improving,2,55.5013,53.7377,0.4
248,Improving,3,56.0096,55.2523,0.6
248,Improving,4,54.6647,54.9165,0.8
248,Improving,5,56.2257,55.5711,1.0
248,Improving,6,62.4713,58.6378,1.0
248,Improving,7,62.1632,60.2047,1.0
248,Improving,8,61.0328,60.5727,1.0
248,Improving,9,67.2846,63.5558,1.0
248,Improving,10,73.0138,67.7593,1.0
248,Improving,11,72.7937,69.9968,1.0
248,Improving,12,68.9851,69.5472,1.0
248,Improving,13,83.3664,75.689,1.0
248,Improving,14,67.0954,71.8696,1.0
248,Improving,15,80.9261,75.8947,1.0
248,Improving,16,82.4253,78.7972,1.0
248,Improving,17,88.6356,83.1698,1.0
248,Improving,18,93.0715,87.5706,1.0
248,Improving,19,98.2654,92.3238,1.0
248,Improving,20,91.438,91.9301,1.0
249,Improving,1,52.9329,52.9329,0.2
249,Improving,2,53.3475,53.2646,0.4
249,Improving,3,46.1791,48.541,0.6
249,Improving,4,66.608,58.865,0.8
249,Improving,5,52.2798,55.5724,1.0
249,Improving,6,63.9396,59.2911,1.0
249,Improving,7,66.1603,62.3441,1.0
249,Improving,8,67.9571,64.8388,1.0
249,Improving,9,66.4745,65.5658,1.0
249,Improving,10,75.4521,69.9597,1.0
249,Improving,11,65.8824,68.1475,1.0
249,Improving,12,75.7235,71.5146,1.0
249,Improving,13,75.6017,73.3311,1.0
249,Improving,14,77.403,75.1408,1.0
249,Improving,15,85.3016,79.6567,1.0
249,Improving,16,90.9137,84.6598,1.0
249,Improving,17,86.1785,85.3348,1.0
249,Improving,18,94.1666,89.26,1.0
249,Improving,19,92.8803,90.869,1.0
249,Improving,20,90.5363,90.7212,1.0
250,Improving,1,48.7102,48.7102,0.2
250,Improving,2,50.871,50.4388,0.4
250,Improving,3,51.2535,50.982,0.6
250,Improving,4,59.2477,55.7052,0.8
250,Improving,5,60.6469,58.1761,1.0
250,Improving,6,53.8889,56.2706,1.0
250,Improving,7,55.9529,56.1294,1.0
250,Improving,8,68.7024,61.7174,1.0
250,Improving,9,64.8709,63.119,1.0
250,Improving,10,72.826,67.4332,1.0
250,Improving,11,77.5889,71.9468,1.0
250,Improving,12,69.6979,70.9473,1.0
250,Improving,13,71.3634,71.1322,1.0
250,Improving,14,89.1616,79.1453,1.0
250,Improving,15,84.9157,81.7099,1.0
250,Improving,16,83.4301,82.4745,1.0
250,Improving,17,83.225,82.808,1.0
250,Improving,18,87.711,84.9871,1.0
250,Improving,19,86.6787,85.7389,1.0
250,Improving,20,99.4171,91.8181,1.0
251,Improving,1,46.1162,46.1162,0.2
251,Improving,2,57.8361,55.4921,0.4
251,Improving,3,52.7337,53.6532,0.6
251,Improving,4,51.8885,52.6448,0.8
251,Improving,5,57.3422,54.9935,1.0
251,Improving,6,48.7213,52.2058,1.0
251,Improving,7,63.6067,57.2729,1.0
251,Improving,8,65.7284,61.0309,1.0
251,Improving,9,73.0711,66.3821,1.0
251,Improving,10,61.8843,64.383,1.0
251,Improving,11,79.4935,71.0988,1.0
251,Improving,12,80.1556,75.1241,1.0
251,Improving,13,84.6813,79.3717,1.0
251,Improving,14,80.5259,79.8847,1.0
251,Improving,15,88.2274,83.5925,1.0
251,Improving,16,78.1701,81.1826,1.0
251,Improving,17,91.46,85.7503,1.0
251,Improving,18,86.4073,86.0423,1.0
251,Improving,19,84.3746,85.3011,1.0
251,Improving,20,89.3793,87.1136,1.0
252,Improving,1,50.0277,50.0277,0.2
252,Improving,2,48.2469,48.6031,0.4
252,Improving,3,56.6172,53.9458,0.6
252,Improving,4,48.0641,50.5848,0.8
252,Improving,5,48.8382,49.7115,1.0
252,Improving,6,68.704,58.1526,1.0
252,Improving,7,68.7295,62.8535,1.0
252,Improving,8,61.3325,62.1775,1.0
252,Improving,9,68.9324,65.1796,1.0
252,Improving,10,76.4133,70.1724,1.0
252,Improving,11,75.7802,72.6648,1.0
252,Improving,12,76.7937,74.4999,1.0
252,Improving,13,83.8968,78.6763,1.0
252,Improving,14,77.1359,77.9917,1.0
252,Improving,15,83.3138,80.3571,1.0
252,Improving,16,85.4371,82.6148,1.0
252,Improving,17,86.5309,84.3553,1.0
252,Improving,18,88.3141,86.1148,1.0
252,Improving,19,92.9959,89.1731,1.0
252,Improving,20,95.172,91.8393,1.0
253,Improving,1,44.7579,44.7579,0.2
253,Improving,2,56.3774,54.0535,0.4
253,Improving,3,49.8549,51.2544,0.6
253,Improving,4,56.0141,53.9742,0.8
253,Improving,5,57.9973,55.9858,1.0
253,Improving,6,63.6326,59.3844,1.0
253,Improving,7,53.615,56.8202,1.0
253,Improving,8,71.0335,63.1372,1.0
253,Improving,9,65.5624,64.2151,1.0
253,Improving,10,77.4156,70.082,1.0
253,Improving,11,71.2934,70.6204,1.0
253,Improving,12,75.8084,72.9262,1.0
253,Improving,13,87.99,79.6212,1.0
253,Improving,14,79.4028,79.5241,1.0
253,Improving,15,89.3521,83.8921,1.0
253,Improving,16,85.7215,84.7052,1.0
253,Improving,17,89.9718,87.0459,1.0
253,Improving,18,90.613,88.6313,1.0
253,Improving,19,96.8708,92.2933,1.0
253,Improving,20,91.5723,91.9729,1.0
254,Improving,1,45.0798,45.0798,0.2
254,Improving,2,49.1755,48.3564,0.4
254,Improving,3,55.2354,52.9424,0.6
254,Improving,4,56.0012,54.6903,0.8
254,Improving,5,63.0251,58.8577,1.0
254,Improving,6,68.3658,63.0835,1.0
254,Improving,7,59.3313,61.4159,1.0
254,Improving,8,62.9092,62.0796,1.0
254,Improving,9,61.7662,61.9403,1.0
254,Improving,10,81.4677,70.6191,1.0
254,Improving,11,75.2076,72.6584,1.0
254,Improving,12,78.4516,75.2332,1.0
254,Improving,13,71.72,73.6718,1.0
254,Improving,14,80.7836,76.8326,1.0
254,Improving,15,85.7041,80.7755,1.0
254,Improving,16,84.2625,82.3253,1.0
254,Improving,17,93.2733,87.1911,1.0
254,Improving,18,100.0,92.8839,1.0
254,Improving,19,87.8963,90.6672,1.0
254,Improving,20,89.8896,90.3216,1.0
255,Improving,1,45.6112,45.6112,0.2
255,Improving,2,60.3994,57.4418,0.4
255,Improving,3,59.9486,59.113,0.6
255,Improving,4,56.4276,57.5785,0.8
255,Improving,5,59.6565,58.6175,1.0
255,Improving,6,57.7594,58.2361,1.0
255,Improving,7,68.6607,62.8692,1.0
255,Improving,8,64.6794,63.6738,1.0
255,Improving,9,67.647,65.4396,1.0
255,Improving,10,74.3597,69.4041,1.0
255,Improving,11,72.7442,70.8886,1.0
255,Improving,12,74.8778,72.6616,1.0
255,Improving,13,78.4739,75.2449,1.0
255,Improving,14,84.7663,79.4766,1.0
255,Improving,15,91.3904,84.7716,1.0
255,Improving,16,88.4537,86.4081,1.0
255,Improving,17,91.9113,88.854,1.0
255,Improving,18,89.2639,89.0362,1.0
255,Improving,19,89.0926,89.0612,1.0
255,Improving,20,98.2699,93.154,1.0
256,Improving,1,50.8562,50.8562,0.2
256,Improving,2,45.2553,46.3755,0.4
256,Improving,3,53.0965,50.8562,0.6
256,Improving,4,56.6908,54.1902,0.8
256,Improving,5,56.9214,55.5558,1.0
256,Improving,6,69.2508,61.6425,1.0
256,Improving,7,66.6097,63.8501,1.0
256,Improving,8,73.4448,68.1144,1.0
256,Improving,9,70.2645,69.07,1.0
256,Improving,10,71.7227,70.249,1.0
256,Improving,11,69.0012,69.6944,1.0
256,Improving,12,76.1123,72.5468,1.0
256,Improving,13,78.4863,75.1866,1.0
256,Improving,14,73.9539,74.6387,1.0
256,Improving,15,80.4603,77.2261,1.0
256,Improving,16,83.9099,80.1967,1.0
256,Improving,17,89.9621,84.5369,1.0
256,Improving,18,92.5699,88.1071,1.0
256,Improving,19,89.725,88.8262,1.0
256,Improving,20,97.3443,92.612,1.0
257,Improving,1,49.0896,49.0896,0.2
257,Improving,2,38.0203,40.2342,0.4
257,Improving,3,52.3133,48.2869,0.6
257,Improving,4,62.5002,56.4088,0.8
257,Improving,5,51.0647,53.7367,1.0
257,Improving,6,62.4056,57.5895,1.0
257,Improving,7,72.1368,64.055,1.0
257,Improving,8,62.7759,63.4865,1.0
257,Improving,9,68.9581,65.9183,1.0
257,Improving,10,64.7957,65.4194,1.0
257,Improving,11,81.8204,72.7087,1.0
257,Improving,12,75.636,74.0097,1.0
257,Improving,13,78.6542,76.0739,1.0
257,Improving,14,87.561,81.1793,1.0
257,Improving,15,86.4653,83.5286,1.0
257,Improving,16,81.1482,82.4706,1.0
257,Improving,17,84.6583,83.443,1.0
257,Improving,18,92.7378,87.574,1.0
257,Improving,19,89.511,88.4349,1.0
257,Improving,20,84.4138,86.6477,1.0
258,Improving,1,49.7338,49.7338,0.2
258,Improving,2,44.9674,45.9206,0.4
258,Improving,3,62.8183,57.1857,0.6
258,Improving,4,57.9892,57.6449,0.8
258,Improving,5,54.9478,56.2963,1.0
258,Improving,6,58.3489,57.2086,1.0
258,Improving,7,54.7635,56.1219,1.0
258,Improving,8,61.0816,58.3262,1.0
258,Improving,9,74.029,65.3052,1.0
258,Improving,10,82.4747,72.9361,1.0
258,Improving,11,77.3162,74.8828,1.0
258,Improving,12,75.5924,75.1982,1.0
258,Improving,13,76.2613,75.6707,1.0
258,Improving,14,76.007,75.8201,1.0
258,Improving,15,93.4567,83.6586,1.0
258,Improving,16,84.5826,84.0693,1.0
258,Improving,17,98.4729,90.4709,1.0
258,Improving,18,97.2308,93.4753,1.0
258,Improving,19,83.9276,89.2319,1.0
258,Improving,20,91.6702,90.3156,1.0
259,Improving,1,46.6548,46.6548,0.2
259,Improving,2,51.9692,50.9063,0.4
259,Improving,3,54.4353,53.2589,0.6
259,Improving,4,72.0865,64.0175,0.8
259,Improving,5,54.0875,59.0525,1.0
259,Improving,6,62.987,60.8012,1.0
259,Improving,7,67.2931,63.6865,1.0
259,Improving,8,66.5711,64.9685,1.0
259,Improving,9,69.4983,66.9817,1.0
259,Improving,10,66.0917,66.5862,1.0
259,Improving,11,74.2166,69.9775,1.0
259,Improving,12,78.6096,73.814,1.0
259,Improving,13,80.0591,76.5896,1.0
259,Improving,14,83.6405,79.7233,1.0
259,Improving,15,90.2209,84.3889,1.0
259,Improving,16,90.2111,86.9766,1.0
259,Improving,17,88.2512,87.5431,1.0
259,Improving,18,84.4044,86.1481,1.0
259,Improving,19,89.6316,87.6963,1.0
259,Improving,20,93.9018,90.4543,1.0
260,Improving,1,51.2617,51.2617,0.2
260,Improving,2,49.9768,50.2338,0.4
260,Improving,3,50.0582,50.1167,0.6
260,Improving,4,51.1643,50.7153,0.8
260,Improving,5,51.2178,50.9666,1.0
260,Improving,6,60.6674,55.278,1.0
260,Improving,7,56.8622,55.9821,1.0
260,Improving,8,61.5763,58.4684,1.0
260,Improving,9,66.9779,62.2504,1.0
260,Improving,10,64.6362,63.3108,1.0
260,Improving,11,75.583,68.7651,1.0
260,Improving,12,79.7537,73.6489,1.0
260,Improving,13,75.6739,74.5489,1.0
260,Improving,14,78.6043,76.3513,1.0
260,Improving,15,85.845,80.5708,1.0
260,Improving,16,81.9563,81.1866,1.0
260,Improving,17,83.9811,82.4286,1.0
260,Improving,18,96.2457,88.5695,1.0
260,Improving,19,97.0525,92.3397,1.0
260,Improving,20,98.0078,94.8588,1.0
261,Improving,1,54.6282,54.6282,0.2
261,Improving,2,42.482,44.9113,0.4
261,Improving,3,61.506,55.9744,0.6
261,Improving,4,59.0656,57.7408,0.8
261,Improving,5,64.5276,61.1342,1.0
261,Improving,6,63.7779,62.3092,1.0
261,Improving,7,64.4552,63.2629,1.0
261,Improving,8,65.2024,64.1249,1.0
261,Improving,9,70.7831,67.0841,1.0
261,Improving,10,69.757,68.2721,1.0
261,Improving,11,78.0236,72.6061,1.0
261,Improving,12,68.1203,70.6124,1.0
261,Improving,13,75.7132,72.8794,1.0
261,Improving,14,91.0136,80.9391,1.0
261,Improving,15,80.0275,80.5339,1.0
261,Improving,16,84.3329,82.2224,1.0
261,Improving,17,83.4818,82.7821,1.0
261,Improving,18,91.9424,86.8533,1.0
261,Improving,19,88.9503,87.7853,1.0
261,Improving,20,94.0719,90.5794,1.0
262,Improving,1,54.2443,54.2443,0.2
262,Improving,2,48.8746,49.9485,0.4
262,Improving,3,58.6799,55.7694,0.6
262,Improving,4,61.2164,58.882,0.8
262,Improving,5,64.7485,61.8152,1.0
262,Improving,6,62.5448,62.1395,1.0
262,Improving,7,80.4168,70.2627,1.0
262,Improving,8,71.8516,70.9689,1.0
262,Improving,9,70.5718,70.7924,1.0
262,Improving,10,66.9362,69.0785,1.0
262,Improving,11,73.1989,70.9098,1.0
262,Improving,12,83.1843,76.3651,1.0
262,Improving,13,86.9687,81.0778,1.0
262,Improving,14,88.1811,84.2348,1.0
262,Improving,15,87.0839,85.5011,1.0
262,Improving,16,79.248,82.7219,1.0
262,Improving,17,90.3305,86.1035,1.0
262,Improving,18,84.0561,85.1936,1.0
262,Improving,19,85.1942,85.1939,1.0
262,Improving,20,96.1958,90.0836,1.0
263,Improving,1,52.616,52.616,0.2
263,Improving,2,56.8853,56.0314,0.4
263,Improving,3,57.2225,56.8255,0.6
263,Improving,4,59.7632,58.5042,0.8
263,Improving,5,54.5504,56.5273,1.0
263,Improving,6,61.3172,58.6562,1.0
263,Improving,7,56.6749,57.7756,1.0
263,Improving,8,56.5621,57.2363,1.0
263,Improving,9,72.6506,64.0871,1.0
263,Improving,10,67.5502,65.6262,1.0
263,Improving,11,78.0467,71.1464,1.0
263,Improving,12,81.5944,75.79,1.0
263,Improving,13,75.3245,75.5831,1.0
263,Improving,14,83.741,79.2088,1.0
263,Improving,15,79.8521,79.4947,1.0
263,Improving,16,76.2969,78.0735,1.0
263,Improving,17,88.5113,82.7125,1.0
263,Improving,18,87.9088,85.022,1.0
263,Improving,19,90.4311,87.426,1.0
263,Improving,20,100.0,93.0145,1.0
264,Improving,1,42.3707,42.3707,0.2
264,Improving,2,54.2828,51.9004,0.4
264,Improving,3,49.7628,50.4753,0.6
264,Improving,4,61.6466,56.8589,0.8
264,Improving,5,60.9658,58.9124,1.0
264,Improving,6,63.7388,61.0575,1.0
264,Improving,7,59.4861,60.3591,1.0
264,Improving,8,62.751,61.4222,1.0
264,Improving,9,73.5836,66.8272,1.0
264,Improving,10,80.1698,72.7573,1.0
264,Improving,11,76.0857,74.2366,1.0
264,Improving,12,71.5655,73.0495,1.0
264,Improving,13,80.1157,76.19,1.0
264,Improving,14,92.9268,83.6286,1.0
264,Improving,15,83.67,83.647,1.0
264,Improving,16,92.8355,87.7308,1.0
264,Improving,17,84.1931,86.1585,1.0
264,Improving,18,90.0527,87.8893,1.0
264,Improving,19,95.7294,91.3738,1.0
264,Improving,20,96.9866,93.8684,1.0
265,Improving,1,46.1681,46.1681,0.2
265,Improving,2,48.3208,47.8903,0.4
265,Improving,3,59.6783,55.7489,0.6
265,Improving,4,63.063,59.9284,0.8
265,Improving,5,67.0344,63.4814,1.0
265,Improving,6,70.8618,66.7616,1.0
265,Improving,7,64.8836,65.9269,1.0
265,Improving,8,65.023,65.5252,1.0
265,Improving,9,75.7023,70.0483,1.0
265,Improving,10,74.8811,72.1963,1.0
265,Improving,11,68.7719,70.6743,1.0
265,Improving,12,70.8845,70.7677,1.0
265,Improving,13,80.8807,75.2624,1.0
265,Improving,14,79.9031,77.3249,1.0
265,Improving,15,83.0257,79.8586,1.0
265,Improving,16,90.889,84.761,1.0
265,Improving,17,91.6899,87.8405,1.0
265,Improving,18,96.9125,91.8725,1.0
265,Improving,19,82.9739,87.9176,1.0
265,Improving,20,96.267,91.6284,1.0
266,Improving,1,53.4734,53.4734,0.2
266,Improving,2,44.7355,46.4831,0.4
266,Improving,3,51.4624,49.8026,0.6
266,Improving,4,52.9028,51.5742,0.8
266,Improving,5,59.5822,55.5782,1.0
266,Improving,6,69.9814,61.9796,1.0
266,Improving,7,74.3235,67.4658,1.0
266,Improving,8,62.5075,65.2621,1.0
266,Improving,9,71.5802,68.0701,1.0
266,Improving,10,74.1098,70.7544,1.0
266,Improving,11,75.6223,72.9179,1.0
266,Improving,12,78.0475,75.1978,1.0
266,Improving,13,79.9398,77.3053,1.0
266,Improving,14,89.2273,82.604,1.0
266,Improving,15,88.6702,85.3001,1.0
266,Improving,16,80.2255,83.0447,1.0
266,Improving,17,91.8733,86.9686,1.0
266,Improving,18,94.725,90.4159,1.0
266,Improving,19,94.2064,92.1006,1.0
266,Improving,20,100.0,95.6114,1.0
267,Improving,1,50.9404,50.9404,0.2
267,Improving,2,53.3708,52.8847,0.4
267,Improving,3,55.343,54.5236,0.6
267,Improving,4,47.014,50.2324,0.8
267,Improving,5,59.0717,54.6521,1.0
267,Improving,6,58.5009,56.3626,1.0
267,Improving,7,58.2783,57.214,1.0
267,Improving,8,73.749,64.5629,1.0
267,Improving,9,71.4684,67.632,1.0
267,Improving,10,71.1666,69.203,1.0
267,Improving,11,70.8602,69.9395,1.0
267,Improving,12,77.5335,73.3146,1.0
267,Improving,13,83.3782,77.7873,1.0
267,Improving,14,76.6546,77.2839,1.0
267,Improving,15,83.1338,79.8838,1.0
267,Improving,16,89.8666,84.3206,1.0
267,Improving,17,78.2147,81.6069,1.0
267,Improving,18,89.9753,85.3262,1.0
267,Improving,19,90.4851,87.6191,1.0
267,Improving,20,94.3309,90.6021,1.0
268,Improving,1,47.4919,47.4919,0.2
268,Improving,2,53.0565,51.9436,0.4
268,Improving,3,64.355,60.2179,0.6
268,Improving,4,55.4857,57.5137,0.8
268,Improving,5,60.9322,59.223,1.0
268,Improving,6,71.8158,64.8198,1.0
268,Improving,7,61.4604,63.3268,1.0
268,Improving,8,75.6523,68.8048,1.0
268,Improving,9,68.974,68.88,1.0
268,Improving,10,80.2253,73.9223,1.0
268,Improving,11,77.4352,75.4836,1.0
268,Improving,12,77.5882,76.419,1.0
268,Improving,13,78.0929,77.1629,1.0
268,Improving,14,77.6693,77.388,1.0
268,Improving,15,83.5369,80.1208,1.0
268,Improving,16,90.0131,84.5174,1.0
268,Improving,17,87.8292,85.9893,1.0
268,Improving,18,88.68,87.1852,1.0
268,Improving,19,91.3777,89.0485,1.0
268,Improving,20,99.9624,93.8991,1.0
269,Improving,1,56.1258,56.1258,0.2
269,Improving,2,49.0327,50.4513,0.4
269,Improving,3,51.3939,51.0797,0.6
269,Improving,4,59.0021,55.6068,0.8
269,Improving,5,67.1113,61.3591,1.0
269,Improving,6,67.5721,64.1204,1.0
269,Improving,7,57.9513,61.3786,1.0
269,Improving,8,65.2586,63.103,1.0
269,Improving,9,64.2944,63.6325,1.0
269,Improving,10,69.9782,66.4528,1.0
269,Improving,11,81.7063,73.2321,1.0
269,Improving,12,68.9396,71.3243,1.0
269,Improving,13,70.3267,70.881,1.0
269,Improving,14,76.6467,73.4435,1.0
269,Improving,15,84.5944,78.3995,1.0
269,Improving,16,88.6301,82.9464,1.0
269,Improving,17,90.082,86.1178,1.0
269,Improving,18,96.1416,90.5728,1.0
269,Improving,19,83.8162,87.5698,1.0
269,Improving,20,100.0,93.0944,1.0
270,Improving,1,48.4395,48.4395,0.2
270,Improving,2,56.0259,54.5086,0.4
270,Improving,3,48.1197,50.2493,0.6
270,Improving,4,57.13,54.1812,0.8
270,Improving,5,60.655,57.4181,1.0
270,Improving,6,67.6209,61.9527,1.0
270,Improving,7,56.2843,59.4334,1.0
270,Improving,8,66.7327,62.6775,1.0
270,Improving,9,63.5212,63.0525,1.0
270,Improving,10,73.8433,67.8484,1.0
270,Improving,11,77.5703,72.1692,1.0
270,Improving,12,82.4885,76.7556,1.0
270,Improving,13,75.7459,76.3068,1.0
270,Improving,14,85.4256,80.3596,1.0
270,Improving,15,89.9624,84.6275,1.0
270,Improving,16,77.3101,81.3753,1.0
270,Improving,17,90.9565,85.6336,1.0
270,Improving,18,95.0557,89.8212,1.0
270,Improving,19,91.3379,90.4953,1.0
270,Improving,20,88.9461,89.8068,1.0
271,Improving,1,54.7148,54.7148,0.2
271,Improving,2,46.3709,48.0397,0.4
271,Improving,3,53.8451,51.9099,0.6
271,Improving,4,56.9046,54.7641,0.8
271,Improving,5,63.0514,58.9077,1.0
271,Improving,6,58.7089,58.8194,1.0
271,Improving,7,60.7876,59.6941,1.0
271,Improving,8,67.0735,62.9739,1.0
271,Improving,9,73.9793,67.8652,1.0
271,Improving,10,82.753,74.482,1.0
271,Improving,11,66.1468,70.7775,1.0
271,Improving,12,77.6293,73.8227,1.0
271,Improving,13,72.9884,73.4519,1.0
271,Improving,14,85.8835,78.9771,1.0
271,Improving,15,78.4652,78.7496,1.0
271,Improving,16,82.1531,80.2622,1.0
271,Improving,17,84.9484,82.345,1.0
271,Improving,18,89.8822,85.6948,1.0
271,Improving,19,94.2476,89.496,1.0
271,Improving,20,97.4185,93.0171,1.0
272,Improving,1,49.9712,49.9712,0.2
272,Improving,2,45.719,46.5694,0.4
272,Improving,3,58.3758,54.4403,0.6
272,Improving,4,56.8405,55.8118,0.8
272,Improving,5,65.2824,60.5471,1.0
272,Improving,6,58.3034,59.5499,1.0
272,Improving,7,56.1992,58.0607,1.0
272,Improving,8,66.4088,61.771,1.0
272,Improving,9,75.4271,67.8404,1.0
272,Improving,10,72.1205,69.7427,1.0
272,Improving,11,72.6859,71.0507,1.0
272,Improving,12,71.7009,71.3397,1.0
272,Improving,13,87.2099,78.3931,1.0
272,Improving,14,75.6415,77.1702,1.0
272,Improving,15,79.5309,78.2194,1.0
272,Improving,16,88.3765,82.7337,1.0
272,Improving,17,78.6146,80.903,1.0
272,Improving,18,96.6361,87.8955,1.0
272,Improving,19,95.7525,91.3875,1.0
272,Improving,20,99.4962,94.9914,1.0
273,Improving,1,52.7906,52.7906,0.2
273,Improving,2,51.5628,51.8084,0.4
273,Improving,3,49.4211,50.2169,0.6
273,Improving,4,56.4049,53.7529,0.8
273,Improving,5,54.5975,54.1752,1.0
273,Improving,6,64.2729,58.6631,1.0
273,Improving,7,68.2444,62.9214,1.0
273,Improving,8,73.963,67.8288,1.0
273,Improving,9,70.8062,69.1521,1.0
273,Improving,10,75.9387,72.1683,1.0
273,Improving,11,72.1985,72.1817,1.0
273,Improving,12,73.6612,72.8393,1.0
273,Improving,13,80.7894,76.3727,1.0
273,Improving,14,78.8571,77.4769,1.0
273,Improving,15,84.5038,80.6,1.0
273,Improving,16,80.2204,80.4312,1.0
273,Improving,17,83.4866,81.7892,1.0
273,Improving,18,93.4402,86.9674,1.0
273,Improving,19,97.065,91.4552,1.0
273,Improving,20,90.0717,90.8403,1.0
274,Improving,1,53.3531,53.3531,0.2
274,Improving,2,49.7047,50.4344,0.4
274,Improving,3,54.8194,53.3577,0.6
274,Improving,4,64.19,59.5476,0.8
274,Improving,5,63.5111,61.5294,1.0
274,Improving,6,65.8215,63.437,1.0
274,Improving,7,73.7545,68.0225,1.0
274,Improving,8,63.0596,65.8168,1.0
274,Improving,9,64.018,65.0173,1.0
274,Improving,10,67.7052,66.2119,1.0
274,Improving,11,72.4117,68.9674,1.0
274,Improving,12,64.2799,66.884,1.0
274,Improving,13,77.3839,71.5507,1.0
274,Improving,14,78.0666,74.4466,1.0
274,Improving,15,87.0767,80.06,1.0
274,Improving,16,87.2884,83.2726,1.0
274,Improving,17,84.8913,83.992,1.0
274,Improving,18,93.213,88.0902,1.0
274,Improving,19,96.2479,91.7158,1.0
274,Improving,20,91.1573,91.4676,1.0
275,Improving,1,47.5349,47.5349,0.2
275,Improving,2,41.2416,42.5003,0.4
275,Improving,3,49.2835,47.0224,0.6
275,Improving,4,53.3929,50.6627,0.8
275,Improving,5,59.8445,55.2536,1.0
275,Improving,6,57.1152,56.081,1.0
275,Improving,7,61.6433,58.5531,1.0
275,Improving,8,60.4523,59.3972,1.0
275,Improving,9,69.8029,64.022,1.0
275,Improving,10,73.4444,68.2097,1.0
275,Improving,11,75.696,71.537,1.0
275,Improving,12,76.1144,73.5714,1.0
275,Improving,13,70.7157,72.3022,1.0
275,Improving,14,77.6897,74.6966,1.0
275,Improving,15,81.1214,77.5521,1.0
275,Improving,16,83.5098,80.2,1.0
275,Improving,17,88.2696,83.7865,1.0
275,Improving,18,97.3909,89.8329,1.0
275,Improving,19,96.6921,92.8814,1.0
275,Improving,20,90.0624,91.6285,1.0
276,Improving,1,53.392,53.392,0.2
276,Improving,2,55.5699,55.1343,0.4
276,Improving,3,50.7065,52.1825,0.6
276,Improving,4,61.3496,57.4208,0.8
276,Improving,5,58.6718,58.0463,1.0
276,Improving,6,54.7923,56.6001,1.0
276,Improving,7,66.4865,60.9941,1.0
276,Improving,8,67.6638,63.9584,1.0
276,Improving,9,67.809,65.6698,1.0
276,Improving,10,71.1285,68.0959,1.0
276,Improving,11,70.0888,68.9816,1.0
276,Improving,12,79.1033,73.4801,1.0
276,Improving,13,78.2038,75.5795,1.0
276,Improving,14,81.6217,78.265,1.0
276,Improving,15,84.9436,81.2332,1.0
276,Improving,16,79.7534,80.5755,1.0
276,Improving,17,83.4233,81.8412,1.0
276,Improving,18,79.2134,80.6733,1.0
276,Improving,19,95.4553,87.2431,1.0
276,Improving,20,88.9389,87.9968,1.0
277,Improving,1,50.6628,50.6628,0.2
277,Improving,2,54.2234,53.5113,0.4
277,Improving,3,57.7486,56.3362,0.6
277,Improving,4,51.0852,53.3356,0.8
277,Improving,5,59.1479,56.2417,1.0
277,Improving,6,70.1935,62.4425,1.0
277,Improving,7,72.7821,67.0379,1.0
277,Improving,8,71.5156,69.028,1.0
277,Improving,9,70.6348,69.7421,1.0
277,Improving,10,66.2903,68.208,1.0
277,Improving,11,77.2773,72.2388,1.0
277,Improving,12,75.2625,73.5827,1.0
277,Improving,13,81.2237,76.9787,1.0
277,Improving,14,77.6253,77.266,1.0
277,Improving,15,82.2932,79.5004,1.0
277,Improving,16,86.3471,82.5433,1.0
277,Improving,17,89.1261,85.469,1.0
277,Improving,18,92.7318,88.6969,1.0
277,Improving,19,89.7356,89.1586,1.0
277,Improving,20,88.2836,88.7697,1.0
278,Improving,1,58.1239,58.1239,0.2
278,Improving,2,64.8147,63.4765,0.4
278,Improving,3,56.9739,59.1415,0.6
278,Improving,4,50.4853,54.1951,0.8
278,Improving,5,55.6077,54.9014,1.0
278,Improving,6,64.3877,59.1175,1.0
278,Improving,7,70.9161,64.3613,1.0
278,Improving,8,60.5145,62.6516,1.0
278,Improving,9,68.3257,65.1734,1.0
278,Improving,10,72.2954,68.3388,1.0
278,Improving,11,78.0071,72.6358,1.0
278,Improving,12,74.3346,73.3908,1.0
278,Improving,13,70.602,72.1513,1.0
278,Improving,14,83.8955,77.371,1.0
278,Improving,15,88.7819,82.4425,1.0
278,Improving,16,85.1134,83.6295,1.0
278,Improving,17,89.9209,86.4257,1.0
278,Improving,18,87.8907,87.0768,1.0
278,Improving,19,88.4027,87.6661,1.0
278,Improving,20,100.0,93.1478,1.0
279,Improving,1,51.9375,51.9375,0.2
279,Improving,2,54.8203,54.2437,0.4
279,Improving,3,62.2474,59.5795,0.6
279,Improving,4,51.8311,55.1518,0.8
279,Improving,5,56.7136,55.9327,1.0
279,Improving,6,62.6318,58.9101,1.0
279,Improving,7,61.389,60.0118,1.0
279,Improving,8,70.4946,64.6708,1.0
279,Improving,9,68.0104,66.1551,1.0
279,Improving,10,66.3531,66.2431,1.0
279,Improving,11,74.0131,69.6964,1.0
279,Improving,12,76.9043,72.8999,1.0
279,Improving,13,83.0945,77.4308,1.0
279,Improving,14,82.7552,79.7972,1.0
279,Improving,15,85.4636,82.3156,1.0
279,Improving,16,87.1278,84.4544,1.0
279,Improving,17,86.9536,85.5651,1.0
279,Improving,18,86.6821,86.0616,1.0
279,Improving,19,94.0758,89.6234,1.0
279,Improving,20,93.3344,91.2727,1.0
280,Improving,1,58.4491,58.4491,0.2
280,Improving,2,59.0793,58.9533,0.4
280,Improving,3,57.901,58.2518,0.6
280,Improving,4,58.9976,58.678,0.8
280,Improving,5,59.0339,58.8559,1.0
280,Improving,6,55.5365,57.3806,1.0
280,Improving,7,63.1297,59.9358,1.0
280,Improving,8,67.0859,63.1136,1.0
280,Improving,9,70.0947,66.2163,1.0
280,Improving,10,73.6635,69.5262,1.0
280,Improving,11,78.2909,73.4216,1.0
280,Improving,12,72.5919,73.0528,1.0
280,Improving,13,75.0057,73.9208,1.0
280,Improving,14,88.0438,80.1976,1.0
280,Improving,15,87.0128,83.2266,1.0
280,Improving,16,83.5725,83.3803,1.0
280,Improving,17,87.3587,85.1485,1.0
280,Improving,18,89.7496,87.1934,1.0
280,Improving,19,92.7894,89.6805,1.0
280,Improving,20,97.3634,93.0952,1.0
281,Improving,1,62.675,62.675,0.2
281,Improving,2,53.3172,55.1888,0.4
281,Improving,3,58.0498,57.0961,0.6
281,Improving,4,48.6729,52.2828,0.8
281,Improving,5,57.0492,54.666,1.0
281,Improving,6,67.9862,60.5861,1.0
281,Improving,7,66.2221,63.091,1.0
281,Improving,8,44.6334,54.8876,1.0
281,Improving,9,72.3175,62.6342,1.0
281,Improving,10,80.9066,70.7553,1.0
281,Improving,11,63.7047,67.6217,1.0
281,Improving,12,83.6496,74.7452,1.0
281,Improving,13,64.5613,70.219,1.0
281,Improving,14,85.4795,77.0014,1.0
281,Improving,15,83.1147,79.7184,1.0
281,Improving,16,73.7765,77.0775,1.0
281,Improving,17,90.1254,82.8766,1.0
281,Improving,18,96.0174,88.7169,1.0
281,Improving,19,94.451,91.2654,1.0
281,Improving,20,97.9241,94.2248,1.0
282,Improving,1,47.9416,47.9416,0.2
282,Improving,2,43.0615,44.0375,0.4
282,Improving,3,58.1962,53.4766,0.6
282,Improving,4,65.854,60.5494,0.8
282,Improving,5,65.1216,62.8355,1.0
282,Improving,6,51.9027,57.9765,1.0
282,Improving,7,56.6361,57.3807,1.0
282,Improving,8,62.3491,59.5889,1.0
282,Improving,9,60.9825,60.2083,1.0
282,Improving,10,71.5367,65.2431,1.0
282,Improving,11,75.6513,69.869,1.0
282,Improving,12,68.9014,69.4389,1.0
282,Improving,13,82.3067,75.1579,1.0
282,Improving,14,83.795,78.9966,1.0
282,Improving,15,80.4171,79.6279,1.0
282,Improving,16,84.6637,81.8661,1.0
282,Improving,17,78.1457,80.2126,1.0
282,Improving,18,88.6018,83.9411,1.0
282,Improving,19,92.6685,87.82,1.0
282,Improving,20,95.8437,91.3861,1.0
283,Improving,1,51.8944,51.8944,0.2
283,Improving,2,53.5896,53.2506,0.4
283,Improving,3,53.4151,53.3603,0.6
283,Improving,4,58.5362,56.318,0.8
283,Improving,5,64.4838,60.4009,1.0
283,Improving,6,61.3646,60.8292,1.0
283,Improving,7,65.7985,63.0378,1.0
283,Improving,8,65.6481,64.1979,1.0
283,Improving,9,65.7136,64.8715,1.0
283,Improving,10,73.9302,68.8976,1.0
283,Improving,11,70.9081,69.7912,1.0
283,Improving,12,77.9834,73.4321,1.0
283,Improving,13,78.5623,75.7122,1.0
283,Improving,14,79.2698,77.2934,1.0
283,Improving,15,81.5172,79.1706,1.0
283,Improving,16,82.9857,80.8662,1.0
283,Improving,17,79.6657,80.3327,1.0
283,Improving,18,92.1776,85.5971,1.0
283,Improving,19,93.7893,89.2381,1.0
283,Improving,20,99.2484,93.6871,1.0
284,Improving,1,47.3427,47.3427,0.2
284,Improving,2,61.8453,58.9448,0.4
284,Improving,3,52.8382,54.8737,0.6
284,Improving,4,52.7297,53.6486,0.8
284,Improving,5,54.5053,54.0769,1.0
284,Improving,6,53.1725,53.675,1.0
284,Improving,7,71.8737,61.7633,1.0
284,Improving,8,73.4343,66.9504,1.0
284,Improving,9,71.9511,69.1729,1.0
284,Improving,10,66.8353,68.134,1.0
284,Improving,11,82.7405,74.6258,1.0
284,Improving,12,74.294,74.4783,1.0
284,Improving,13,77.0759,75.6328,1.0
284,Improving,14,87.9758,81.1186,1.0
284,Improving,15,86.4524,83.4892,1.0
284,Improving,16,96.5318,89.2859,1.0
284,Improving,17,89.1383,89.2203,1.0
284,Improving,18,88.278,88.8015,1.0
284,Improving,19,89.5726,89.1442,1.0
284,Improving,20,85.765,87.6423,1.0
285,Improving,1,48.607,48.607,0.2
285,Improving,2,58.0914,56.1945,0.4
285,Improving,3,57.731,57.2188,0.6
285,Improving,4,57.2068,57.212,0.8
285,Improving,5,54.499,55.8555,1.0
285,Improving,6,62.9765,59.0204,1.0
285,Improving,7,69.2746,63.5778,1.0
285,Improving,8,68.7325,65.8688,1.0
285,Improving,9,69.781,67.6076,1.0
285,Improving,10,67.331,67.4847,1.0
285,Improving,11,78.0201,72.1671,1.0
285,Improving,12,60.3931,66.9342,1.0
285,Improving,13,80.3353,72.8902,1.0
285,Improving,14,93.6411,82.1128,1.0
285,Improving,15,75.616,79.2254,1.0
285,Improving,16,84.3195,81.4894,1.0
285,Improving,17,87.8552,84.3186,1.0
285,Improving,18,87.9502,85.9327,1.0
285,Improving,19,97.8135,91.213,1.0
285,Improving,20,97.3623,93.946,1.0
286,Improving,1,50.7615,50.7615,0.2
286,Improving,2,56.3548,55.2361,0.4
286,Improving,3,54.8206,54.9591,0.6
286,Improving,4,73.0046,65.2708,0.8
286,Improving,5,60.2304,62.7506,1.0
286,Improving,6,62.8185,62.7808,1.0
286,Improving,7,55.6582,59.6152,1.0
286,Improving,8,63.8617,61.5025,1.0
286,Improving,9,74.6843,67.3611,1.0
286,Improving,10,64.6385,66.151,1.0
286,Improving,11,62.8964,64.7045,1.0
286,Improving,12,76.2142,69.82,1.0
286,Improving,13,85.2748,76.6888,1.0
286,Improving,14,81.0014,78.6055,1.0
286,Improving,15,81.4773,79.8818,1.0
286,Improving,16,76.2339,78.2605,1.0
286,Improving,17,90.156,83.5474,1.0
286,Improving,18,93.5695,88.0017,1.0
286,Improving,19,83.7229,86.1,1.0
286,Improving,20,100.0,92.2778,1.0
287,Improving,1,53.8285,53.8285,0.2
287,Improving,2,58.03,57.1897,0.4
287,Improving,3,57.6545,57.4995,0.6
287,Improving,4,60.3737,59.1419,0.8
287,Improving,5,62.0773,60.6096,1.0
287,Improving,6,66.1845,63.0873,1.0
287,Improving,7,55.1167,59.5448,1.0
287,Improving,8,59.0737,59.3354,1.0
287,Improving,9,65.2673,61.9718,1.0
287,Improving,10,70.6667,65.8362,1.0
287,Improving,11,75.6249,70.1867,1.0
287,Improving,12,77.676,73.5153,1.0
287,Improving,13,84.0066,78.1781,1.0
287,Improving,14,86.532,81.8909,1.0
287,Improving,15,78.796,80.5154,1.0
287,Improving,16,86.7192,83.2726,1.0
287,Improving,17,83.6556,83.4428,1.0
287,Improving,18,89.3219,86.0558,1.0
287,Improving,19,94.2405,89.6934,1.0
287,Improving,20,77.9564,84.477,1.0
288,Improving,1,62.0562,62.0562,0.2
288,Improving,2,55.2005,56.5716,0.4
288,Improving,3,51.7583,53.3628,0.6
288,Improving,4,66.7421,61.0081,0.8
288,Improving,5,57.7365,59.3723,1.0
288,Improving,6,62.5047,60.7645,1.0
288,Improving,7,61.7749,61.2136,1.0
288,Improving,8,74.8389,67.2693,1.0
288,Improving,9,68.4224,67.7818,1.0
288,Improving,10,72.0632,69.6846,1.0
288,Improving,11,79.7031,74.1373,1.0
288,Improving,12,78.9783,76.2889,1.0
288,Improving,13,78.1493,77.1157,1.0
288,Improving,14,86.3414,81.216,1.0
288,Improving,15,95.8503,87.7202,1.0
288,Improving,16,87.1134,87.4505,1.0
288,Improving,17,88.4785,87.9074,1.0
288,Improving,18,91.1163,89.3336,1.0
288,Improving,19,99.1837,93.7114,1.0
288,Improving,20,92.004,92.9526,1.0
289,Improving,1,48.6084,48.6084,0.2
289,Improving,2,44.6812,45.4666,0.4
289,Improving,3,48.8175,47.7006,0.6
289,Improving,4,54.5163,51.5952,0.8
289,Improving,5,59.194,55.3946,1.0
289,Improving,6,70.6875,62.1915,1.0
289,Improving,7,66.8905,64.2799,1.0
289,Improving,8,62.0186,63.2749,1.0
289,Improving,9,65.3075,64.1782,1.0
289,Improving,10,78.1895,70.4055,1.0
289,Improving,11,79.3173,74.3663,1.0
289,Improving,12,76.1934,75.1783,1.0
289,Improving,13,76.2084,75.6361,1.0
289,Improving,14,86.4141,80.4264,1.0
289,Improving,15,78.1913,79.433,1.0
289,Improving,16,87.4865,83.0123,1.0
289,Improving,17,99.258,90.2326,1.0
289,Improving,18,91.2899,90.7025,1.0
289,Improving,19,88.7535,89.8363,1.0
289,Improving,20,97.0518,93.0432,1.0
290,Improving,1,47.65,47.65,0.2
290,Improving,2,45.3978,45.8483,0.4
290,Improving,3,58.242,54.1108,0.6
290,Improving,4,62.6944,59.0157,0.8
290,Improving,5,57.9192,58.4674,1.0
290,Improving,6,59.9559,59.129,1.0
290,Improving,7,59.4027,59.2506,1.0
290,Improving,8,65.8293,62.1745,1.0
290,Improving,9,66.1355,63.9349,1.0
290,Improving,10,66.2606,64.9686,1.0
290,Improving,11,83.1451,73.047,1.0
290,Improving,12,78.3851,75.4195,1.0
290,Improving,13,81.283,78.0255,1.0
290,Improving,14,85.2065,81.217,1.0
290,Improving,15,87.0131,83.7931,1.0
290,Improving,16,83.4608,83.6454,1.0
290,Improving,17,89.2575,86.1397,1.0
290,Improving,18,88.918,87.3745,1.0
290,Improving,19,94.8239,90.6853,1.0
290,Improving,20,96.7085,93.3623,1.0
291,Improving,1,48.0867,48.0867,0.2
291,Improving,2,45.7219,46.1949,0.4
291,Improving,3,55.468,52.377,0.6
291,Improving,4,56.0839,54.4952,0.8
291,Improving,5,50.0218,52.2585,1.0
291,Improving,6,64.3804,57.646,1.0
291,Improving,7,69.0372,62.7088,1.0
291,Improving,8,79.2207,70.0474,1.0
291,Improving,9,66.9914,68.6892,1.0
291,Improving,10,68.6222,68.6594,1.0
291,Improving,11,68.1371,68.4273,1.0
291,Improving,12,77.0958,72.28,1.0
291,Improving,13,79.4326,75.4589,1.0
291,Improving,14,76.733,76.0252,1.0
291,Improving,15,82.2832,78.8065,1.0
291,Improving,16,75.633,77.3961,1.0
291,Improving,17,92.5266,84.1208,1.0
291,Improving,18,86.4098,85.1381,1.0
291,Improving,19,92.4583,88.3915,1.0
291,Improving,20,87.8665,88.1582,1.0
292,Improving,1,47.0882,47.0882,0.2
292,Improving,2,50.9705,50.194,0.4
292,Improving,3,54.6804,53.1849,0.6
292,Improving,4,59.5039,56.7958,0.8
292,Improving,5,66.6691,61.7324,1.0
292,Improving,6,65.5057,63.4094,1.0
292,Improving,7,69.0213,65.9036,1.0
292,Improving,8,73.8095,69.4173,1.0
292,Improving,9,71.7959,70.4745,1.0
292,Improving,10,71.1323,70.7668,1.0
292,Improving,11,78.7298,74.3059,1.0
292,Improving,12,81.4177,77.4667,1.0
292,Improving,13,81.6639,79.3321,1.0
292,Improving,14,73.5163,76.7473,1.0
292,Improving,15,78.9506,77.7266,1.0
292,Improving,16,84.152,80.5823,1.0
292,Improving,17,91.7928,85.5648,1.0
292,Improving,18,90.1564,87.6055,1.0
292,Improving,19,98.3159,92.3657,1.0
292,Improving,20,100.0,95.7587,1.0
293,Improving,1,55.9959,55.9959,0.2
293,Improving,2,58.3961,57.9161,0.4
293,Improving,3,49.5519,52.3399,0.6
293,Improving,4,59.5184,56.4419,0.8
293,Improving,5,56.436,56.439,1.0
293,Improving,6,53.5968,55.1758,1.0
293,Improving,7,62.7732,58.5524,1.0
293,Improving,8,73.2026,65.0636,1.0
293,Improving,9,71.2511,67.8136,1.0
293,Improving,10,81.4048,73.8541,1.0
293,Improving,11,74.5704,74.1725,1.0
293,Improving,12,88.2916,80.4477,1.0
293,Improving,13,79.3087,79.9414,1.0
293,Improving,14,80.9019,80.3683,1.0
293,Improving,15,76.7609,78.765,1.0
293,Improving,16,91.0791,84.238,1.0
293,Improving,17,85.3841,84.7474,1.0
293,Improving,18,87.0279,85.7609,1.0
293,Improving,19,99.0377,91.6617,1.0
293,Improving,20,100.0,95.3676,1.0
294,Improving,1,55.6603,55.6603,0.2
294,Improving,2,50.5575,51.578,0.4
294,Improving,3,54.482,53.514,0.6
294,Improving,4,56.806,55.3951,0.8
294,Improving,5,63.3863,59.3907,1.0
294,Improving,6,69.6099,63.9326,1.0
294,Improving,7,66.0513,64.8742,1.0
294,Improving,8,76.4534,70.0205,1.0
294,Improving,9,73.4333,71.5373,1.0
294,Improving,10,70.1418,70.9171,1.0
294,Improving,11,77.8278,73.9885,1.0
294,Improving,12,84.5823,78.6969,1.0
294,Improving,13,88.4125,83.0149,1.0
294,Improving,14,86.7239,84.6634,1.0
294,Improving,15,83.2863,84.0513,1.0
294,Improving,16,84.4428,84.2253,1.0
294,Improving,17,90.7751,87.1363,1.0
294,Improving,18,98.633,92.246,1.0
294,Improving,19,94.8004,93.3813,1.0
294,Improving,20,97.2727,95.1108,1.0
295,Improving,1,50.257,50.257,0.2
295,Improving,2,50.729,50.6346,0.4
295,Improving,3,53.9262,52.829,0.6
295,Improving,4,57.7824,55.6595,0.8
295,Improving,5,68.0642,61.8618,1.0
295,Improving,6,60.6435,61.3204,1.0
295,Improving,7,64.4736,62.7218,1.0
295,Improving,8,62.2521,62.513,1.0
295,Improving,9,72.5305,66.9652,1.0
295,Improving,10,78.1492,71.9359,1.0
295,Improving,11,81.8067,76.3229,1.0
295,Improving,12,77.0695,76.6547,1.0
295,Improving,13,81.2928,78.7161,1.0
295,Improving,14,80.0217,79.2964,1.0
295,Improving,15,85.798,82.186,1.0
295,Improving,16,87.0961,84.3683,1.0
295,Improving,17,88.1861,86.0651,1.0
295,Improving,18,90.9519,88.237,1.0
295,Improving,19,94.8912,91.1944,1.0
295,Improving,20,93.5292,92.2321,1.0
296,Improving,1,48.7875,48.7875,0.2
296,Improving,2,60.9052,58.4817,0.4
296,Improving,3,68.2896,65.0203,0.6
296,Improving,4,51.0834,57.0564,0.8
296,Improving,5,53.1763,55.1163,1.0
296,Improving,6,57.0563,55.9786,1.0
296,Improving,7,63.6941,59.4077,1.0
296,Improving,8,71.0578,64.5855,1.0
296,Improving,9,71.9036,67.838,1.0
296,Improving,10,72.1759,69.766,1.0
296,Improving,11,76.3289,72.6828,1.0
296,Improving,12,72.5922,72.6426,1.0
296,Improving,13,77.2004,74.6683,1.0
296,Improving,14,80.689,77.3442,1.0
296,Improving,15,75.2368,76.4076,1.0
296,Improving,16,79.7198,77.8797,1.0
296,Improving,17,82.2869,79.8384,1.0
296,Improving,18,94.0837,86.1697,1.0
296,Improving,19,93.8584,89.5869,1.0
296,Improving,20,98.0553,93.3506,1.0
297,Improving,1,40.8017,40.8017,0.2
297,Improving,2,44.9506,44.1208,0.4
297,Improving,3,58.0529,53.4089,0.6
297,Improving,4,43.2119,47.582,0.8
297,Improving,5,65.5968,56.5894,1.0
297,Improving,6,52.7255,54.8721,1.0
297,Improving,7,68.4273,60.8966,1.0
297,Improving,8,62.136,61.4475,1.0
297,Improving,9,74.1919,67.1117,1.0
297,Improving,10,87.3566,76.1094,1.0
297,Improving,11,62.3183,69.98,1.0
297,Improving,12,79.5295,74.2243,1.0
297,Improving,13,69.3802,72.0714,1.0
297,Improving,14,82.9233,76.8945,1.0
297,Improving,15,82.124,79.2187,1.0
297,Improving,16,86.1752,82.3105,1.0
297,Improving,17,83.3363,82.7664,1.0
297,Improving,18,94.1659,87.8328,1.0
297,Improving,19,85.3898,86.747,1.0
297,Improving,20,100.0,92.6372,1.0
298,Improving,1,47.9537,47.9537,0.2
298,Improving,2,45.355,45.8747,0.4
298,Improving,3,62.7115,57.0993,0.6
298,Improving,4,56.7685,56.9103,0.8
298,Improving,5,69.0119,62.9611,1.0
298,Improving,6,67.9489,65.1779,1.0
298,Improving,7,60.2198,62.9743,1.0
298,Improving,8,66.154,64.3875,1.0
298,Improving,9,69.5526,66.6831,1.0
298,Improving,10,78.9473,72.1338,1.0
298,Improving,11,75.8718,73.7952,1.0
298,Improving,12,76.9341,75.1902,1.0
298,Improving,13,77.4217,76.182,1.0
298,Improving,14,80.5367,78.1174,1.0
298,Improving,15,89.6809,83.2567,1.0
298,Improving,16,85.5448,84.2737,1.0
298,Improving,17,85.9198,85.0053,1.0
298,Improving,18,87.4406,86.0876,1.0
298,Improving,19,89.8628,87.7655,1.0
298,Improving,20,87.9895,87.865,1.0
299,Improving,1,46.2481,46.2481,0.2
299,Improving,2,59.8605,57.138,0.4
299,Improving,3,53.7038,54.8486,0.6
299,Improving,4,60.6273,58.1507,0.8
299,Improving,5,47.0799,52.6153,1.0
299,Improving,6,64.6837,57.979,1.0
299,Improving,7,63.4038,60.39,1.0
299,Improving,8,64.1717,62.0708,1.0
299,Improving,9,69.8522,65.5292,1.0
299,Improving,10,68.8367,66.9992,1.0
299,Improving,11,63.0648,65.2506,1.0
299,Improving,12,80.6639,72.1009,1.0
299,Improving,13,79.6361,75.4499,1.0
299,Improving,14,79.2198,77.1254,1.0
299,Improving,15,78.327,77.6594,1.0
299,Improving,16,78.177,77.8895,1.0
299,Improving,17,89.0142,82.8338,1.0
299,Improving,18,98.3304,89.7212,1.0
299,Improving,19,93.6474,91.4662,1.0
299,Improving,20,88.0862,89.964,1.0
300,Improving,1,51.1256,51.1256,0.2
300,Improving,2,52.1017,51.9065,0.4
300,Improving,3,59.0571,56.6735,0.6
300,Improving,4,60.1389,58.6538,0.8
300,Improving,5,44.5446,51.5992,1.0
300,Improving,6,64.5683,57.3632,1.0
300,Improving,7,59.1931,58.1765,1.0
300,Improving,8,59.4703,58.7515,1.0
300,Improving,9,68.005,62.8642,1.0
300,Improving,10,73.3706,67.5337,1.0
300,Improving,11,65.4805,66.6212,1.0
300,Improving,12,79.5755,72.3787,1.0
300,Improving,13,82.2377,76.7605,1.0
300,Improving,14,81.0244,78.6555,1.0
300,Improving,15,78.8198,78.7285,1.0
300,Improving,16,80.6294,79.5734,1.0
300,Improving,17,93.0244,85.5516,1.0
300,Improving,18,82.707,84.2874,1.0
300,Improving,19,97.9539,90.3614,1.0
300,Improving,20,94.174,92.0559,1.0
301,Improving,1,49.5208,49.5208,0.2
301,Improving,2,43.828,44.9666,0.4
301,Improving,3,54.0033,50.991,0.6
301,Improving,4,60.1732,56.238,0.8
301,Improving,5,52.7916,54.5148,1.0
301,Improving,6,64.3353,58.8795,1.0
301,Improving,7,64.6556,61.4466,1.0
301,Improving,8,63.3602,62.2971,1.0
301,Improving,9,73.2207,67.152,1.0
301,Improving,10,60.3045,64.1087,1.0
301,Improving,11,75.4176,69.1349,1.0
301,Improving,12,84.1498,75.8082,1.0
301,Improving,13,85.6208,80.1693,1.0
301,Improving,14,82.7385,81.3112,1.0
301,Improving,15,81.6495,81.4615,1.0
301,Improving,16,82.3473,81.8552,1.0
301,Improving,17,86.3801,83.8663,1.0
301,Improving,18,92.9822,87.9178,1.0
301,Improving,19,88.5954,88.2189,1.0
301,Improving,20,98.7871,92.9159,1.0
302,Improving,1,60.6658,60.6658,0.2
302,Improving,2,52.059,53.7804,0.4
302,Improving,3,48.0149,49.9367,0.6
302,Improving,4,50.3815,50.1909,0.8
302,Improving,5,63.3565,56.7737,1.0
302,Improving,6,61.5434,58.8936,1.0
302,Improving,7,68.5947,63.2052,1.0
302,Improving,8,63.9108,63.5188,1.0
302,Improving,9,73.1005,67.7773,1.0
302,Improving,10,70.5243,68.9982,1.0
302,Improving,11,70.0217,69.4531,1.0
302,Improving,12,74.0476,71.4951,1.0
302,Improving,13,72.4358,71.9132,1.0
302,Improving,14,90.7363,80.279,1.0
302,Improving,15,82.676,81.3443,1.0
302,Improving,16,88.7489,84.6352,1.0
302,Improving,17,85.2104,84.8909,1.0
302,Improving,18,85.0035,84.9409,1.0
302,Improving,19,91.4622,87.8393,1.0
302,Improving,20,100.0,93.244,1.0
303,Improving,1,47.3963,47.3963,0.2
303,Improving,2,48.0158,47.8919,0.4
303,Improving,3,55.5142,52.9734,0.6
303,Improving,4,59.6004,56.7602,0.8
303,Improving,5,67.6879,62.2241,1.0
303,Improving,6,63.6109,62.8404,1.0
303,Improving,7,67.4305,64.8805,1.0
303,Improving,8,70.1753,67.2337,1.0
303,Improving,9,63.1823,65.4331,1.0
303,Improving,10,66.4991,65.9069,1.0
303,Improving,11,68.2647,66.9548,1.0
303,Improving,12,69.3919,68.038,1.0
303,Improving,13,82.3984,74.4204,1.0
303,Improving,14,82.2397,77.8956,1.0
303,Improving,15,83.5554,80.4111,1.0
303,Improving,16,72.5627,76.9229,1.0
303,Improving,17,98.1721,86.367,1.0
303,Improving,18,85.7918,86.1114,1.0
303,Improving,19,100.0,92.2841,1.0
303,Improving,20,87.7538,90.2706,1.0
304,Improving,1,45.938,45.938,0.2
304,Improving,2,41.3542,42.2709,0.4
304,Improving,3,56.5475,51.7886,0.6
304,Improving,4,51.599,51.6803,0.8
304,Improving,5,54.1087,52.8945,1.0
304,Improving,6,54.9795,53.8212,1.0
304,Improving,7,68.0973,60.1661,1.0
304,Improving,8,70.1363,64.5973,1.0
304,Improving,9,78.0075,70.5574,1.0
304,Improving,10,67.8873,69.3707,1.0
304,Improving,11,74.7783,71.7741,1.0
304,Improving,12,69.606,70.8105,1.0
304,Improving,13,76.7459,73.4484,1.0
304,Improving,14,78.1952,75.5581,1.0
304,Improving,15,85.4801,79.9679,1.0
304,Improving,16,90.6114,84.6984,1.0
304,Improving,17,92.8501,88.3213,1.0
304,Improving,18,86.0491,87.3115,1.0
304,Improving,19,97.6239,91.8948,1.0
304,Improving,20,94.7796,93.1769,1.0
305,Improving,1,48.377,48.377,0.2
305,Improving,2,48.8259,48.7361,0.4
305,Improving,3,51.9372,50.8701,0.6
305,Improving,4,65.8168,59.4111,0.8
305,Improving,5,61.0107,60.2109,1.0
305,Improving,6,62.7152,61.3239,1.0
305,Improving,7,62.8993,62.0241,1.0
305,Improving,8,78.8088,69.484,1.0
305,Improving,9,75.4724,72.1455,1.0
305,Improving,10,67.7105,70.1744,1.0
305,Improving,11,72.3161,71.1263,1.0
305,Improving,12,74.9814,72.8397,1.0
305,Improving,13,79.1504,75.6444,1.0
305,Improving,14,77.2833,76.3728,1.0
305,Improving,15,85.352,80.3636,1.0
305,Improving,16,92.7868,85.885,1.0
305,Improving,17,81.3266,83.859,1.0
305,Improving,18,84.6224,84.1983,1.0
305,Improving,19,90.2158,86.8727,1.0
305,Improving,20,92.816,89.5142,1.0
306,Improving,1,59.9923,59.9923,0.2
306,Improving,2,57.377,57.9,0.4
306,Improving,3,59.4585,58.939,0.6
306,Improving,4,55.7834,57.1358,0.8
306,Improving,5,58.0421,57.589,1.0
306,Improving,6,54.5836,56.2532,1.0
306,Improving,7,68.1192,61.527,1.0
306,Improving,8,69.0342,64.8635,1.0
306,Improving,9,75.3774,69.5364,1.0
306,Improving,10,70.2616,69.8587,1.0
306,Improving,11,72.9753,71.2439,1.0
306,Improving,12,76.9029,73.759,1.0
306,Improving,13,82.8805,77.813,1.0
306,Improving,14,73.4384,75.8687,1.0
306,Improving,15,86.8382,80.744,1.0
306,Improving,16,85.4238,82.824,1.0
306,Improving,17,82.6016,82.7251,1.0
306,Improving,18,79.8401,81.4429,1.0
306,Improving,19,91.9492,86.1124,1.0
306,Improving,20,100.0,92.2846,1.0
307,Improving,1,58.3734,58.3734,0.2
307,Improving,2,54.1453,54.9909,0.4
307,Improving,3,64.5469,61.3616,0.6
307,Improving,4,56.8906,58.8067,0.8
307,Improving,5,64.2402,61.5235,1.0
307,Improving,6,59.586,60.6623,1.0
307,Improving,7,61.6375,61.0958,1.0
307,Improving,8,63.1914,62.0272,1.0
307,Improving,9,58.6447,60.5239,1.0
307,Improving,10,77.7513,68.1805,1.0
307,Improving,11,70.476,69.2007,1.0
307,Improving,12,72.0454,70.465,1.0
307,Improving,13,72.5212,71.3789,1.0
307,Improving,14,79.7677,75.1072,1.0
307,Improving,15,91.9754,82.6042,1.0
307,Improving,16,95.9952,88.5557,1.0
307,Improving,17,79.5904,84.5712,1.0
307,Improving,18,88.4909,86.3133,1.0
307,Improving,19,87.4598,86.8228,1.0
307,Improving,20,99.9417,92.6534,1.0
308,Improving,1,51.433,51.433,0.2
308,Improving,2,49.1856,49.6351,0.4
308,Improving,3,55.0997,53.2782,0.6
308,Improving,4,54.7182,54.101,0.8
308,Improving,5,67.5449,60.823,1.0
308,Improving,6,64.5769,62.4914,1.0
308,Improving,7,67.5596,64.7439,1.0
308,Improving,8,53.2444,59.633,1.0
308,Improving,9,68.6134,63.6243,1.0
308,Improving,10,81.7318,71.6721,1.0
308,Improving,11,80.3149,75.5133,1.0
308,Improving,12,66.8172,71.6484,1.0
308,Improving,13,76.8539,73.962,1.0
308,Improving,14,74.7819,74.3264,1.0
308,Improving,15,91.7134,82.0539,1.0
308,Improving,16,86.7477,84.1401,1.0
308,Improving,17,84.0558,84.1026,1.0
308,Improving,18,90.4339,86.9165,1.0
308,Improving,19,79.5948,83.6624,1.0
308,Improving,20,89.5752,86.2903,1.0
309,Improving,1,50.1822,50.1822,0.2
309,Improving,2,56.5968,55.3139,0.4
309,Improving,3,45.0303,48.4581,0.6
309,Improving,4,55.1995,52.3103,0.8
309,Improving,5,64.5221,58.4162,1.0
309,Improving,6,54.5848,56.7134,1.0
309,Improving,7,65.3564,60.5547,1.0
309,Improving,8,66.9088,63.3788,1.0
309,Improving,9,77.5193,69.6634,1.0
309,Improving,10,70.1651,69.8864,1.0
309,Improving,11,72.8262,71.193,1.0
309,Improving,12,80.3274,75.2527,1.0
309,Improving,13,71.7893,73.7134,1.0
309,Improving,14,79.6851,76.3675,1.0
309,Improving,15,80.8793,78.3727,1.0
309,Improving,16,84.8318,81.2434,1.0
309,Improving,17,92.1368,86.0849,1.0
309,Improving,18,93.034,89.1734,1.0
309,Improving,19,88.8882,89.0466,1.0
309,Improving,20,95.6835,91.9963,1.0
310,Improving,1,57.4522,57.4522,0.2
310,Improving,2,48.2116,50.0597,0.4
310,Improving,3,55.4627,53.6617,0.6
310,Improving,4,56.1395,55.0776,0.8
310,Improving,5,59.1587,57.1181,1.0
310,Improving,6,53.6888,55.594,1.0
310,Improving,7,71.2643,62.5586,1.0
310,Improving,8,62.7072,62.6246,1.0
310,Improving,9,74.0777,67.7149,1.0
310,Improving,10,68.2089,67.9345,1.0
310,Improving,11,70.5567,69.0999,1.0
310,Improving,12,82.1182,74.8858,1.0
310,Improving,13,83.3905,78.6657,1.0
310,Improving,14,81.8328,80.0733,1.0
310,Improving,15,86.9636,83.1357,1.0
310,Improving,16,84.0836,83.557,1.0
310,Improving,17,87.8529,85.4663,1.0
310,Improving,18,86.955,86.1279,1.0
310,Improving,19,97.1519,91.0275,1.0
310,Improving,20,91.5329,91.2521,1.0
311,Improving,1,57.4258,57.4258,0.2
311,Improving,2,50.7893,52.1166,0.4
311,Improving,3,54.8394,53.9318,0.6
311,Improving,4,60.8989,57.913,0.8
311,Improving,5,59.593,58.753,1.0
311,Improving,6,60.3526,59.4639,1.0
311,Improving,7,64.0604,61.5068,1.0
311,Improving,8,71.048,65.7474,1.0
311,Improving,9,65.6331,65.6966,1.0
311,Improving,10,70.6846,67.9135,1.0
311,Improving,11,73.7356,70.5011,1.0
311,Improving,12,80.3756,74.8898,1.0
311,Improving,13,77.9218,76.2373,1.0
311,Improving,14,89.831,82.279,1.0
311,Improving,15,82.3752,82.3217,1.0
311,Improving,16,84.3379,83.2178,1.0
311,Improving,17,87.0396,84.9164,1.0
311,Improving,18,83.68,84.3669,1.0
311,Improving,19,87.4479,85.7362,1.0
311,Improving,20,92.3467,88.6742,1.0
312,Improving,1,55.6791,55.6791,0.2
312,Improving,2,52.2028,52.8981,0.4
312,Improving,3,52.3136,52.5084,0.6
312,Improving,4,63.2379,58.6396,0.8
312,Improving,5,67.2296,62.9346,1.0
312,Improving,6,68.119,65.2388,1.0
312,Improving,7,59.9451,62.886,1.0
312,Improving,8,64.1027,63.4268,1.0
312,Improving,9,78.016,69.9109,1.0
312,Improving,10,72.5215,71.0712,1.0
312,Improving,11,72.3461,71.6378,1.0
312,Improving,12,79.6444,75.1963,1.0
312,Improving,13,83.4575,78.8679,1.0
312,Improving,14,77.9322,78.4521,1.0
312,Improving,15,84.2551,81.0312,1.0
312,Improving,16,90.1591,85.088,1.0
312,Improving,17,82.0933,83.757,1.0
312,Improving,18,90.3249,86.6761,1.0
312,Improving,19,87.0596,86.8466,1.0
312,Improving,20,90.0821,88.2846,1.0
313,Improving,1,47.1845,47.1845,0.2
313,Improving,2,54.754,53.2401,0.4
313,Improving,3,53.1267,53.1645,0.6
313,Improving,4,53.8632,53.5638,0.8
313,Improving,5,59.7315,56.6476,1.0
313,Improving,6,56.1073,56.4075,1.0
313,Improving,7,66.3545,60.8284,1.0
313,Improving,8,72.2359,65.8984,1.0
313,Improving,9,68.5513,67.0775,1.0
313,Improving,10,70.3025,68.5108,1.0
313,Improving,11,75.5514,71.64,1.0
313,Improving,12,65.9103,69.0935,1.0
313,Improving,13,81.1051,74.432,1.0
313,Improving,14,96.2989,84.1506,1.0
313,Improving,15,82.5445,83.4368,1.0
313,Improving,16,84.9307,84.1007,1.0
313,Improving,17,91.6128,87.4394,1.0
313,Improving,18,98.4898,92.3507,1.0
313,Improving,19,97.5064,94.6421,1.0
313,Improving,20,84.222,90.0109,1.0
314,Improving,1,52.817,52.817,0.2
314,Improving,2,65.2281,62.7459,0.4
314,Improving,3,57.849,59.4813,0.6
314,Improving,4,51.3323,54.8247,0.8
314,Improving,5,60.8828,57.8538,1.0
314,Improving,6,55.4387,56.7804,1.0
314,Improving,7,70.3745,62.8222,1.0
314,Improving,8,61.7995,62.3677,1.0
314,Improving,9,69.3186,65.457,1.0
314,Improving,10,67.0269,66.1547,1.0
314,Improving,11,70.952,68.2868,1.0
314,Improving,12,83.4834,75.0409,1.0
314,Improving,13,78.9383,76.7731,1.0
314,Improving,14,77.9935,77.3155,1.0
314,Improving,15,77.4318,77.3671,1.0
314,Improving,16,76.1678,76.8341,1.0
314,Improving,17,81.6383,78.9693,1.0
314,Improving,18,90.823,84.2376,1.0
314,Improving,19,97.5327,90.1466,1.0
314,Improving,20,92.1982,91.0584,1.0
315,Improving,1,57.8527,57.8527,0.2
315,Improving,2,48.7809,50.5953,0.4
315,Improving,3,53.5468,52.5629,0.6
315,Improving,4,51.7074,52.0741,0.8
315,Improving,5,64.4275,58.2508,1.0
315,Improving,6,72.3297,64.5081,1.0
315,Improving,7,55.4014,60.4607,1.0
315,Improving,8,64.8481,62.4107,1.0
315,Improving,9,75.2713,68.1265,1.0
315,Improving,10,64.0811,66.3285,1.0
315,Improving,11,76.5176,70.857,1.0
315,Improving,12,82.16,75.8806,1.0
315,Improving,13,78.8122,77.1835,1.0
315,Improving,14,83.5408,80.009,1.0
315,Improving,15,91.9624,85.3216,1.0
315,Improving,16,95.2684,89.7424,1.0
315,Improving,17,87.5849,88.7835,1.0
315,Improving,18,87.6013,88.2581,1.0
315,Improving,19,88.0317,88.1575,1.0
315,Improving,20,99.8848,93.3696,1.0
316,Improving,1,43.1411,43.1411,0.2
316,Improving,2,51.1056,49.5127,0.4
316,Improving,3,55.2503,53.3377,0.6
316,Improving,4,54.5903,54.0535,0.8
316,Improving,5,60.8728,57.4631,1.0
316,Improving,6,74.6647,65.1083,1.0
316,Improving,7,63.6025,64.439,1.0
316,Improving,8,64.4019,64.4225,1.0
316,Improving,9,74.024,68.6899,1.0
316,Improving,10,72.5137,70.3894,1.0
316,Improving,11,80.8809,75.0523,1.0
316,Improving,12,76.8761,75.8628,1.0
316,Improving,13,77.1789,76.4478,1.0
316,Improving,14,71.8708,74.4136,1.0
316,Improving,15,75.0592,74.7005,1.0
316,Improving,16,76.3478,75.4327,1.0
316,Improving,17,89.7914,81.8143,1.0
316,Improving,18,83.4519,82.5421,1.0
316,Improving,19,98.9095,89.8165,1.0
316,Improving,20,95.1512,92.1875,1.0
317,Improving,1,48.7791,48.7791,0.2
317,Improving,2,48.1491,48.2751,0.4
317,Improving,3,57.8481,54.6571,0.6
317,Improving,4,53.0828,53.7575,0.8
317,Improving,5,54.5468,54.1521,1.0
317,Improving,6,67.7839,60.2107,1.0
317,Improving,7,65.9836,62.7764,1.0
317,Improving,8,65.4043,63.9444,1.0
317,Improving,9,72.1545,67.5933,1.0
317,Improving,10,71.3604,69.2676,1.0
317,Improving,11,75.5993,72.0817,1.0
317,Improving,12,71.9684,72.0313,1.0
317,Improving,13,88.773,79.4721,1.0
317,Improving,14,77.8914,78.7696,1.0
317,Improving,15,90.938,84.1777,1.0
317,Improving,16,84.582,84.3574,1.0
317,Improving,17,91.9302,87.7231,1.0
317,Improving,18,93.9343,90.4836,1.0
317,Improving,19,98.3658,93.9868,1.0
317,Improving,20,90.7969,92.5691,1.0
318,Improving,1,55.3782,55.3782,0.2
318,Improving,2,61.6006,60.3561,0.4
318,Improving,3,53.4434,55.7476,0.6
318,Improving,4,57.2788,56.6226,0.8
318,Improving,5,56.8565,56.7395,1.0
318,Improving,6,60.1099,58.2375,1.0
318,Improving,7,72.7676,64.6953,1.0
318,Improving,8,61.5578,63.3009,1.0
318,Improving,9,64.2368,63.7168,1.0
318,Improving,10,79.3703,70.6739,1.0
318,Improving,11,76.807,73.3997,1.0
318,Improving,12,86.6545,79.2907,1.0
318,Improving,13,76.1689,77.9032,1.0
318,Improving,14,81.4209,79.4666,1.0
318,Improving,15,79.8545,79.639,1.0
318,Improving,16,86.2428,82.574,1.0
318,Improving,17,79.0243,80.9964,1.0
318,Improving,18,93.6879,86.6371,1.0
318,Improving,19,94.2489,90.0201,1.0
318,Improving,20,94.7122,92.1055,1.0
319,Improving,1,48.0482,48.0482,0.2
319,Improving,2,47.8947,47.9254,0.4
319,Improving,3,58.3754,54.8921,0.6
319,Improving,4,51.2498,52.8108,0.8
319,Improving,5,62.0332,57.422,1.0
319,Improving,6,72.2144,63.9964,1.0
319,Improving,7,71.6381,67.3927,1.0
319,Improving,8,59.0533,63.6863,1.0
319,Improving,9,66.2637,64.8318,1.0
319,Improving,10,73.423,68.6501,1.0
319,Improving,11,73.3328,70.7313,1.0
319,Improving,12,69.0556,69.9866,1.0
319,Improving,13,80.3476,74.5915,1.0
319,Improving,14,80.7394,77.3239,1.0
319,Improving,15,92.7295,84.1708,1.0
319,Improving,16,84.2602,84.2105,1.0
319,Improving,17,93.7348,88.4435,1.0
319,Improving,18,83.9277,86.4365,1.0
319,Improving,19,87.4915,86.9054,1.0
319,Improving,20,98.6083,92.1067,1.0
320,Improving,1,55.4187,55.4187,0.2
320,Improving,2,47.5815,49.1489,0.4
320,Improving,3,54.8572,52.9545,0.6
320,Improving,4,50.1974,51.379,0.8
320,Improving,5,58.5676,54.9733,1.0
320,Improving,6,66.0267,59.8859,1.0
320,Improving,7,62.0357,60.8414,1.0
320,Improving,8,65.3338,62.838,1.0
320,Improving,9,63.2984,63.0426,1.0
320,Improving,10,68.074,65.2788,1.0
320,Improving,11,82.4748,72.9214,1.0
320,Improving,12,76.4173,74.4751,1.0
320,Improving,13,73.4095,74.0015,1.0
320,Improving,14,79.2156,76.3189,1.0
320,Improving,15,75.1708,75.8086,1.0
320,Improving,16,80.4555,77.8739,1.0
320,Improving,17,94.6964,85.3506,1.0
320,Improving,18,89.5507,87.2173,1.0
320,Improving,19,100.0,92.8985,1.0
320,Improving,20,94.5233,93.6206,1.0
321,Improving,1,49.8201,49.8201,0.2
321,Improving,2,55.5729,54.4223,0.4
321,Improving,3,41.3739,45.7234,0.6
321,Improving,4,58.13,52.8129,0.8
321,Improving,5,59.2288,56.0208,1.0
321,Improving,6,69.2723,61.9104,1.0
321,Improving,7,69.0339,65.0764,1.0
321,Improving,8,60.9105,63.2249,1.0
321,Improving,9,75.1581,68.5285,1.0
321,Improving,10,70.0042,69.1844,1.0
321,Improving,11,69.1619,69.1744,1.0
321,Improving,12,77.0381,72.6694,1.0
321,Improving,13,77.4072,74.7751,1.0
321,Improving,14,88.4818,80.867,1.0
321,Improving,15,84.861,82.6421,1.0
321,Improving,16,86.5546,84.381,1.0
321,Improving,17,92.398,87.9441,1.0
321,Improving,18,95.7275,91.4034,1.0
321,Improving,19,96.5496,93.6906,1.0
321,Improving,20,100.0,96.4948,1.0
322,Improving,1,53.0434,53.0434,0.2
322,Improving,2,53.2067,53.174,0.4
322,Improving,3,60.9327,58.3465,0.6
322,Improving,4,56.6508,57.3775,0.8
322,Improving,5,59.6399,58.5087,1.0
322,Improving,6,70.45,63.8159,1.0
322,Improving,7,72.3201,67.5956,1.0
322,Improving,8,66.5381,67.1256,1.0
322,Improving,9,66.6796,66.9274,1.0
322,Improving,10,78.6317,72.1293,1.0
322,Improving,11,77.6863,74.5991,1.0
322,Improving,12,77.6305,75.9464,1.0
322,Improving,13,76.8117,76.331,1.0
322,Improving,14,82.448,79.0496,1.0
322,Improving,15,83.0494,80.8273,1.0
322,Improving,16,82.2046,81.4394,1.0
322,Improving,17,88.5399,84.5952,1.0
322,Improving,18,91.5903,87.7041,1.0
322,Improving,19,90.7546,89.0599,1.0
322,Improving,20,99.5191,93.7084,1.0
323,Improving,1,56.4442,56.4442,0.2
323,Improving,2,57.2179,57.0632,0.4
323,Improving,3,53.3556,54.5915,0.6
323,Improving,4,60.8844,58.1874,0.8
323,Improving,5,59.8635,59.0254,1.0
323,Improving,6,55.6634,57.5312,1.0
323,Improving,7,67.5742,61.9947,1.0
323,Improving,8,67.3096,64.3569,1.0
323,Improving,9,81.9151,72.1605,1.0
323,Improving,10,78.6021,75.0235,1.0
323,Improving,11,77.24,76.0086,1.0
323,Improving,12,77.2985,76.5819,1.0
323,Improving,13,79.2397,77.7631,1.0
323,Improving,14,75.771,76.8777,1.0
323,Improving,15,74.463,75.8045,1.0
323,Improving,16,81.1635,78.1863,1.0
323,Improving,17,87.6562,82.3951,1.0
323,Improving,18,79.7355,81.213,1.0
323,Improving,19,89.91,85.0783,1.0
323,Improving,20,93.7619,88.9377,1.0
324,Improving,1,48.9229,48.9229,0.2
324,Improving,2,49.0598,49.0324,0.4
324,Improving,3,53.0293,51.697,0.6
324,Improving,4,65.7247,59.7128,0.8
324,Improving,5,62.7844,61.2486,1.0
324,Improving,6,59.0406,60.2673,1.0
324,Improving,7,63.8688,61.868,1.0
324,Improving,8,66.4374,63.8988,1.0
324,Improving,9,65.1076,64.436,1.0
324,Improving,10,67.4701,65.7845,1.0
324,Improving,11,78.7368,71.5411,1.0
324,Improving,12,73.9537,72.6134,1.0
324,Improving,13,72.9476,72.7619,1.0
324,Improving,14,80.5738,76.2338,1.0
324,Improving,15,83.7479,79.5734,1.0
324,Improving,16,75.6628,77.8354,1.0
324,Improving,17,87.691,82.2157,1.0
324,Improving,18,94.6031,87.7212,1.0
324,Improving,19,94.8877,90.9063,1.0
324,Improving,20,100.0,94.9479,1.0
325,Improving,1,56.2555,56.2555,0.2
325,Improving,2,59.6131,58.9416,0.4
325,Improving,3,68.7373,65.472,0.6
325,Improving,4,60.896,62.8572,0.8
325,Improving,5,60.289,61.5731,1.0
325,Improving,6,66.7108,63.8565,1.0
325,Improving,7,61.4143,62.7711,1.0
325,Improving,8,67.1174,64.7028,1.0
325,Improving,9,65.7087,65.1499,1.0
325,Improving,10,73.3057,68.7747,1.0
325,Improving,11,70.4247,69.508,1.0
325,Improving,12,72.618,70.8902,1.0
325,Improving,13,80.4884,75.1561,1.0
325,Improving,14,80.1009,77.3538,1.0
325,Improving,15,73.5203,75.65,1.0
325,Improving,16,78.2485,76.8049,1.0
325,Improving,17,82.1584,79.1842,1.0
325,Improving,18,85.8483,82.146,1.0
325,Improving,19,94.7037,87.7272,1.0
325,Improving,20,96.0947,91.4461,1.0
326,Improving,1,55.3264,55.3264,0.2
326,Improving,2,56.1324,55.9712,0.4
326,Improving,3,60.0964,58.7213,0.6
326,Improving,4,60.1472,59.5361,0.8
326,Improving,5,60.5221,60.0291,1.0
326,Improving,6,67.3389,63.2779,1.0
326,Improving,7,68.8076,65.7355,1.0
326,Improving,8,68.4594,66.9462,1.0
326,Improving,9,75.3027,70.6602,1.0
326,Improving,10,59.5868,65.7387,1.0
326,Improving,11,72.2319,68.6246,1.0
326,Improving,12,74.5237,71.2464,1.0
326,Improving,13,84.1845,76.9966,1.0
326,Improving,14,88.6464,82.1743,1.0
326,Improving,15,75.907,79.3889,1.0
326,Improving,16,92.5822,85.2525,1.0
326,Improving,17,82.0375,83.8236,1.0
326,Improving,18,84.5571,84.1496,1.0
326,Improving,19,91.4602,87.3987,1.0
326,Improving,20,93.409,90.07,1.0
327,Improving,1,42.2079,42.2079,0.2
327,Improving,2,55.6178,52.9358,0.4
327,Improving,3,58.1339,56.4012,0.6
327,Improving,4,62.3755,59.8151,0.8
327,Improving,5,57.3064,58.5607,1.0
327,Improving,6,61.6442,59.9312,1.0
327,Improving,7,64.0584,61.7655,1.0
327,Improving,8,75.0189,67.6559,1.0
327,Improving,9,54.7761,61.9316,1.0
327,Improving,10,66.5311,63.9758,1.0
327,Improving,11,73.7119,68.303,1.0
327,Improving,12,70.6248,69.3349,1.0
327,Improving,13,77.1295,72.7991,1.0
327,Improving,14,80.1591,76.0702,1.0
327,Improving,15,79.8695,77.7588,1.0
327,Improving,16,85.8487,81.3543,1.0
327,Improving,17,91.0355,85.657,1.0
327,Improving,18,89.0818,87.1792,1.0
327,Improving,19,90.3656,88.5954,1.0
327,Improving,20,94.1712,91.0735,1.0
328,Improving,1,49.9628,49.9628,0.2
328,Improving,2,43.6668,44.926,0.4
328,Improving,3,57.0446,53.0051,0.6
328,Improving,4,54.8503,54.0595,0.8
328,Improving,5,65.7814,59.9204,1.0
328,Improving,6,64.7974,62.088,1.0
328,Improving,7,70.0609,65.6315,1.0
328,Improving,8,61.5239,63.8059,1.0
328,Improving,9,67.0904,65.2657,1.0
328,Improving,10,65.1035,65.1936,1.0
328,Improving,11,70.1583,67.4001,1.0
328,Improving,12,82.3132,74.0281,1.0
328,Improving,13,85.8585,79.2861,1.0
328,Improving,14,75.0488,77.4028,1.0
328,Improving,15,80.8665,78.9423,1.0
328,Improving,16,85.1453,81.6992,1.0
328,Improving,17,90.8228,85.7541,1.0
328,Improving,18,81.4641,83.8474,1.0
328,Improving,19,84.6166,84.1893,1.0
328,Improving,20,97.4481,90.0821,1.0
329,Improving,1,40.2548,40.2548,0.2
329,Improving,2,50.1344,48.1585,0.4
329,Improving,3,55.5473,53.0844,0.6
329,Improving,4,59.1836,56.5696,0.8
329,Improving,5,58.7651,57.6674,1.0
329,Improving,6,60.0133,58.71,1.0
329,Improving,7,68.4334,63.0315,1.0
329,Improving,8,68.005,65.2419,1.0
329,Improving,9,65.7123,65.451,1.0
329,Improving,10,71.5044,68.1414,1.0
329,Improving,11,75.6001,71.4564,1.0
329,Improving,12,84.6438,77.3174,1.0
329,Improving,13,82.3527,79.5553,1.0
329,Improving,14,86.8623,82.8029,1.0
329,Improving,15,80.1049,81.6037,1.0
329,Improving,16,82.9054,82.1823,1.0
329,Improving,17,86.7178,84.1981,1.0
329,Improving,18,89.5453,86.5746,1.0
329,Improving,19,87.5915,87.0265,1.0
329,Improving,20,100.0,92.7925,1.0
330,Improving,1,54.4168,54.4168,0.2
330,Improving,2,50.84,51.5554,0.4
330,Improving,3,57.9454,55.8154,0.6
330,Improving,4,58.2198,57.1893,0.8
330,Improving,5,63.0728,60.1311,1.0
330,Improving,6,55.1206,57.9042,1.0
330,Improving,7,63.4822,60.3833,1.0
330,Improving,8,66.2888,63.008,1.0
330,Improving,9,72.0656,67.0336,1.0
330,Improving,10,68.1736,67.5402,1.0
330,Improving,11,61.1846,64.7155,1.0
330,Improving,12,70.6441,67.3504,1.0
330,Improving,13,78.1158,72.1351,1.0
330,Improving,14,81.1089,76.1234,1.0
330,Improving,15,91.5766,82.9915,1.0
330,Improving,16,88.44,85.4131,1.0
330,Improving,17,88.3024,86.6972,1.0
330,Improving,18,90.1012,88.2101,1.0
330,Improving,19,98.1525,92.6289,1.0
330,Improving,20,92.0494,92.3714,1.0
331,Improving,1,49.2986,49.2986,0.2
331,Improving,2,46.9221,47.3974,0.4
331,Improving,3,61.8314,57.0201,0.6
331,Improving,4,59.0678,58.1902,0.8
331,Improving,5,55.9361,57.0631,1.0
331,Improving,6,61.2698,58.9328,1.0
331,Improving,7,66.7588,62.411,1.0
331,Improving,8,65.3254,63.7063,1.0
331,Improving,9,66.275,64.8479,1.0
331,Improving,10,68.0444,66.2686,1.0
331,Improving,11,75.379,70.3177,1.0
331,Improving,12,74.2624,72.0709,1.0
331,Improving,13,76.1523,73.8848,1.0
331,Improving,14,74.1092,73.9845,1.0
331,Improving,15,83.5461,78.2341,1.0
331,Improving,16,84.6202,81.0724,1.0
331,Improving,17,86.2865,83.3898,1.0
331,Improving,18,91.257,86.8863,1.0
331,Improving,19,96.3716,91.102,1.0
331,Improving,20,98.5078,94.3935,1.0
332,Improving,1,52.7636,52.7636,0.2
332,Improving,2,51.1651,51.4848,0.4
332,Improving,3,51.9019,51.7628,0.6
332,Improving,4,51.8857,51.833,0.8
332,Improving,5,56.5079,54.1705,1.0
332,Improving,6,61.9404,57.6238,1.0
332,Improving,7,60.2791,58.8039,1.0
332,Improving,8,67.0592,62.4729,1.0
332,Improving,9,64.1201,63.205,1.0
332,Improving,10,63.0108,63.1187,1.0
332,Improving,11,77.7812,69.6354,1.0
332,Improving,12,73.6806,71.4332,1.0
332,Improving,13,74.2359,72.6789,1.0
332,Improving,14,75.3202,73.8528,1.0
332,Improving,15,85.2731,78.9285,1.0
332,Improving,16,92.4009,84.9162,1.0
332,Improving,17,85.8794,85.3443,1.0
332,Improving,18,89.1853,87.0514,1.0
332,Improving,19,97.9897,91.9129,1.0
332,Improving,20,85.9478,89.2617,1.0
333,Improving,1,59.8343,59.8343,0.2
333,Improving,2,64.5889,63.638,0.4
333,Improving,3,41.2052,48.6828,0.6
333,Improving,4,56.6177,53.217,0.8
333,Improving,5,55.8789,54.548,1.0
333,Improving,6,60.5182,57.2014,1.0
333,Improving,7,62.1186,59.3868,1.0
333,Improving,8,70.6377,64.3872,1.0
333,Improving,9,68.3845,66.1638,1.0
333,Improving,10,66.7613,66.4293,1.0
333,Improving,11,72.8233,69.2711,1.0
333,Improving,12,78.6266,73.4291,1.0
333,Improving,13,72.5024,73.0172,1.0
333,Improving,14,72.5583,72.8133,1.0
333,Improving,15,93.1216,81.8392,1.0
333,Improving,16,82.3142,82.0503,1.0
333,Improving,17,87.208,84.3426,1.0
333,Improving,18,88.2742,86.09,1.0
333,Improving,19,95.372,90.2153,1.0
333,Improving,20,100.0,94.5641,1.0
334,Consistent,1,77.8997,77.8997,0.2
334,Consistent,2,67.4082,69.5065,0.4
334,Consistent,3,68.0794,68.5551,0.6
334,Consistent,4,73.0052,71.098,0.8
334,Consistent,5,73.6588,72.3784,1.0
334,Consistent,6,66.3902,69.717,1.0
334,Consistent,7,79.0967,73.8858,1.0
334,Consistent,8,69.5684,71.9669,1.0
334,Consistent,9,82.4665,76.6334,1.0
334,Consistent,10,84.1032,79.9533,1.0
334,Consistent,11,73.7587,77.2002,1.0
334,Consistent,12,77.1949,77.1978,1.0
334,Consistent,13,68.8403,73.4833,1.0
334,Consistent,14,78.1184,75.5434,1.0
334,Consistent,15,72.509,74.1948,1.0
334,Consistent,16,69.5638,72.1366,1.0
334,Consistent,17,73.5533,72.7662,1.0
334,Consistent,18,72.6713,72.724,1.0
334,Consistent,19,73.3742,73.013,1.0
334,Consistent,20,79.7484,76.0065,1.0
335,Consistent,1,71.0735,71.0735,0.2
335,Consistent,2,83.6751,81.1548,0.4
335,Consistent,3,68.3747,72.6347,0.6
335,Consistent,4,83.0772,78.6018,0.8
335,Consistent,5,69.9174,74.2596,1.0
335,Consistent,6,74.9949,74.5864,1.0
335,Consistent,7,72.549,73.6809,1.0
335,Consistent,8,73.2814,73.5033,1.0
335,Consistent,9,79.0068,75.9493,1.0
335,Consistent,10,82.4991,78.8603,1.0
335,Consistent,11,80.9526,79.7902,1.0
335,Consistent,12,72.9757,76.7616,1.0
335,Consistent,13,75.9213,76.3881,1.0
335,Consistent,14,71.0896,74.0332,1.0
335,Consistent,15,70.0422,72.2595,1.0
335,Consistent,16,69.2685,70.9301,1.0
335,Consistent,17,72.8121,71.7666,1.0
335,Consistent,18,76.248,73.7583,1.0
335,Consistent,19,65.4409,70.0617,1.0
335,Consistent,20,74.7682,72.1535,1.0
336,Consistent,1,82.5801,82.5801,0.2
336,Consistent,2,80.6096,81.0037,0.4
336,Consistent,3,72.0741,75.0506,0.6
336,Consistent,4,68.0156,71.0306,0.8
336,Consistent,5,77.2992,74.1649,1.0
336,Consistent,6,63.4129,69.3862,1.0
336,Consistent,7,80.5508,74.3482,1.0
336,Consistent,8,73.9321,74.1633,1.0
336,Consistent,9,84.1565,78.6047,1.0
336,Consistent,10,66.3652,73.1649,1.0
336,Consistent,11,79.5907,76.0208,1.0
336,Consistent,12,74.4975,75.3438,1.0
336,Consistent,13,73.3447,74.4553,1.0
336,Consistent,14,68.1508,71.6533,1.0
336,Consistent,15,77.9787,74.4646,1.0
336,Consistent,16,78.3807,76.2051,1.0
336,Consistent,17,83.9256,79.6364,1.0
336,Consistent,18,80.0403,79.8159,1.0
336,Consistent,19,72.0305,76.3557,1.0
336,Consistent,20,69.9807,73.5224,1.0
337,Consistent,1,68.1575,68.1575,0.2
337,Consistent,2,82.3661,79.5244,0.4
337,Consistent,3,71.1091,73.9142,0.6
337,Consistent,4,82.4011,78.7639,0.8
337,Consistent,5,77.6254,78.1946,1.0
337,Consistent,6,76.6495,77.5079,1.0
337,Consistent,7,73.4657,75.7114,1.0
337,Consistent,8,78.3034,76.8634,1.0
337,Consistent,9,74.9226,76.0008,1.0
337,Consistent,10,73.1539,74.7355,1.0
337,Consistent,11,78.48,76.3998,1.0
337,Consistent,12,74.2801,75.4577,1.0
337,Consistent,13,71.0083,73.4802,1.0
337,Consistent,14,77.9991,75.4886,1.0
337,Consistent,15,74.6801,75.1293,1.0
337,Consistent,16,77.4446,76.1583,1.0
337,Consistent,17,72.7307,74.6349,1.0
337,Consistent,18,68.9544,72.1102,1.0
337,Consistent,19,83.6754,77.2503,1.0
337,Consistent,20,82.7331,79.6871,1.0
338,Consistent,1,79.4189,79.4189,0.2
338,Consistent,2,73.0609,74.3325,0.4
338,Consistent,3,73.4984,73.7765,0.6
338,Consistent,4,81.9116,78.4251,0.8
338,Consistent,5,73.2308,75.828,1.0
338,Consistent,6,71.8372,74.0543,1.0
338,Consistent,7,84.3612,78.6351,1.0
338,Consistent,8,74.7616,76.9136,1.0
338,Consistent,9,83.8421,79.9929,1.0
338,Consistent,10,68.008,74.6663,1.0
338,Consistent,11,77.5909,75.9661,1.0
338,Consistent,12,85.3554,80.1392,1.0
338,Consistent,13,75.1488,77.9212,1.0
338,Consistent,14,73.68,76.0362,1.0
338,Consistent,15,69.1612,72.9807,1.0
338,Consistent,16,80.4117,76.2834,1.0
338,Consistent,17,71.1494,74.0016,1.0
338,Consistent,18,74.526,74.2346,1.0
338,Consistent,19,68.8275,71.8315,1.0
338,Consistent,20,82.7845,76.6995,1.0
339,Consistent,1,80.7744,80.7744,0.2
339,Consistent,2,74.8421,76.0285,0.4
339,Consistent,3,69.2293,71.4957,0.6
339,Consistent,4,82.6795,77.8865,0.8
339,Consistent,5,73.1703,75.5284,1.0
339,Consistent,6,69.474,72.8375,1.0
339,Consistent,7,66.1894,69.8828,1.0
339,Consistent,8,71.7702,70.7216,1.0
339,Consistent,9,67.7268,69.3906,1.0
339,Consistent,10,71.8859,70.4996,1.0
339,Consistent,11,78.722,74.154,1.0
339,Consistent,12,73.123,73.6958,1.0
339,Consistent,13,76.7785,75.0659,1.0
339,Consistent,14,71.3833,73.4292,1.0
339,Consistent,15,75.3258,74.2721,1.0
339,Consistent,16,84.6045,78.8643,1.0
339,Consistent,17,73.2576,76.3724,1.0
339,Consistent,18,76.9221,76.6167,1.0
339,Consistent,19,67.1724,72.4192,1.0
339,Consistent,20,82.6005,76.9443,1.0
340,Consistent,1,72.614,72.614,0.2
340,Consistent,2,80.2527,78.7249,0.4
340,Consistent,3,74.3841,75.831,0.6
340,Consistent,4,78.0579,77.1035,0.8
340,Consistent,5,78.3551,77.7293,1.0
340,Consistent,6,72.7378,75.5109,1.0
340,Consistent,7,80.4595,77.7103,1.0
340,Consistent,8,71.2051,74.8191,1.0
340,Consistent,9,78.8897,76.6282,1.0
340,Consistent,10,73.049,75.0374,1.0
340,Consistent,11,76.7478,75.7976,1.0
340,Consistent,12,72.69,74.4165,1.0
340,Consistent,13,75.2499,74.7869,1.0
340,Consistent,14,69.6265,72.4934,1.0
340,Consistent,15,76.2378,74.1576,1.0
340,Consistent,16,75.2209,74.6302,1.0
340,Consistent,17,72.2992,73.5942,1.0
340,Consistent,18,74.7249,74.0967,1.0
340,Consistent,19,75.67,74.796,1.0
340,Consistent,20,71.9182,73.517,1.0
341,Consistent,1,74.3562,74.3562,0.2
341,Consistent,2,69.9722,70.849,0.4
341,Consistent,3,86.7287,81.4355,0.6
341,Consistent,4,80.2956,80.7841,0.8
341,Consistent,5,76.3655,78.5748,1.0
341,Consistent,6,80.8606,79.5907,1.0
341,Consistent,7,65.1037,73.152,1.0
341,Consistent,8,62.2116,68.2896,1.0
341,Consistent,9,73.0035,70.3847,1.0
341,Consistent,10,68.1072,69.3725,1.0
341,Consistent,11,73.817,71.3478,1.0
341,Consistent,12,76.0283,73.428,1.0
341,Consistent,13,79.6021,76.172,1.0
341,Consistent,14,69.3087,73.1217,1.0
341,Consistent,15,76.9982,74.8445,1.0
341,Consistent,16,75.0719,74.9456,1.0
341,Consistent,17,76.7375,75.742,1.0
341,Consistent,18,72.4011,74.2572,1.0
341,Consistent,19,81.9157,77.661,1.0
341,Consistent,20,74.4825,76.2483,1.0
342,Consistent,1,83.8709,83.8709,0.2
342,Consistent,2,71.0481,73.6126,0.4
342,Consistent,3,78.7141,77.0136,0.6
342,Consistent,4,74.7017,75.6925,0.8
342,Consistent,5,73.3613,74.5269,1.0
342,Consistent,6,78.1616,76.1423,1.0
342,Consistent,7,73.5041,74.9698,1.0
342,Consistent,8,61.6902,69.0677,1.0
342,Consistent,9,59.6857,64.8979,1.0
342,Consistent,10,81.3621,72.2153,1.0
342,Consistent,11,81.1513,76.1869,1.0
342,Consistent,12,84.4367,79.8535,1.0
342,Consistent,13,74.9124,77.6574,1.0
342,Consistent,14,68.5368,73.6038,1.0
342,Consistent,15,72.9021,73.2919,1.0
342,Consistent,16,75.0571,74.0765,1.0
342,Consistent,17,69.9648,72.2491,1.0
342,Consistent,18,83.2429,77.1352,1.0
342,Consistent,19,86.1975,81.1629,1.0
342,Consistent,20,77.3914,79.4867,1.0
343,Consistent,1,74.9457,74.9457,0.2
343,Consistent,2,68.5252,69.8093,0.4
343,Consistent,3,82.7322,78.4245,0.6
343,Consistent,4,75.3815,76.6857,0.8
343,Consistent,5,73.5542,75.1199,1.0
343,Consistent,6,77.4059,76.1359,1.0
343,Consistent,7,72.0714,74.3295,1.0
343,Consistent,8,75.7344,74.9539,1.0
343,Consistent,9,67.7877,71.7689,1.0
343,Consistent,10,80.4354,75.6207,1.0
343,Consistent,11,74.4779,75.1128,1.0
343,Consistent,12,80.794,77.6378,1.0
343,Consistent,13,73.9943,76.0185,1.0
343,Consistent,14,74.319,75.2631,1.0
343,Consistent,15,68.9384,72.4522,1.0
343,Consistent,16,78.7988,75.2729,1.0
343,Consistent,17,70.6208,73.2053,1.0
343,Consistent,18,72.5679,72.922,1.0
343,Consistent,19,75.0052,73.8479,1.0
343,Consistent,20,75.6061,74.6293,1.0
344,Consistent,1,66.4695,66.4695,0.2
344,Consistent,2,73.846,72.3707,0.4
344,Consistent,3,78.9762,76.7743,0.6
344,Consistent,4,73.1083,74.6795,0.8
344,Consistent,5,73.8763,74.2779,1.0
344,Consistent,6,75.812,74.9597,1.0
344,Consistent,7,74.3702,74.6977,1.0
344,Consistent,8,69.8474,72.542,1.0
344,Consistent,9,74.8183,73.5537,1.0
344,Consistent,10,79.9704,76.4055,1.0
344,Consistent,11,69.7441,73.4449,1.0
344,Consistent,12,73.1276,73.3039,1.0
344,Consistent,13,68.0918,70.9874,1.0
344,Consistent,14,79.7069,74.8627,1.0
344,Consistent,15,74.5382,74.7185,1.0
344,Consistent,16,70.749,72.9543,1.0
344,Consistent,17,75.4613,74.0685,1.0
344,Consistent,18,68.982,71.8078,1.0
344,Consistent,19,69.8325,70.9299,1.0
344,Consistent,20,67.6993,69.4941,1.0
345,Consistent,1,69.6661,69.6661,0.2
345,Consistent,2,81.7867,79.3626,0.4
345,Consistent,3,71.3344,74.0105,0.6
345,Consistent,4,77.3311,75.908,0.8
345,Consistent,5,70.8185,73.3632,1.0
345,Consistent,6,78.7977,75.7785,1.0
345,Consistent,7,69.8696,73.1523,1.0
345,Consistent,8,75.1961,74.0607,1.0
345,Consistent,9,75.2643,74.5956,1.0
345,Consistent,10,86.639,79.9482,1.0
345,Consistent,11,78.1521,79.15,1.0
345,Consistent,12,72.0355,75.988,1.0
345,Consistent,13,78.4252,77.0712,1.0
345,Consistent,14,85.6909,80.9022,1.0
345,Consistent,15,66.8518,74.6576,1.0
345,Consistent,16,70.7876,72.9376,1.0
345,Consistent,17,73.8155,73.3278,1.0
345,Consistent,18,72.9146,73.1441,1.0
345,Consistent,19,73.3362,73.2295,1.0
345,Consistent,20,68.4788,71.1181,1.0
346,Consistent,1,82.0198,82.0198,0.2
346,Consistent,2,67.887,70.7135,0.4
346,Consistent,3,73.9989,72.9038,0.6
346,Consistent,4,80.2292,77.0897,0.8
346,Consistent,5,74.8491,75.9694,1.0
346,Consistent,6,70.103,73.3621,1.0
346,Consistent,7,68.2566,71.093,1.0
346,Consistent,8,73.85,72.3183,1.0
346,Consistent,9,71.2149,71.8279,1.0
346,Consistent,10,76.0262,73.6938,1.0
346,Consistent,11,67.9927,71.16,1.0
346,Consistent,12,79.0652,74.6734,1.0
346,Consistent,13,75.5777,75.0753,1.0
346,Consistent,14,75.9492,75.4637,1.0
346,Consistent,15,82.2054,78.46,1.0
346,Consistent,16,72.811,75.9493,1.0
346,Consistent,17,71.3709,73.9145,1.0
346,Consistent,18,72.2612,73.1797,1.0
346,Consistent,19,74.0374,73.5609,1.0
346,Consistent,20,74.5452,73.9983,1.0
347,Consistent,1,70.8465,70.8465,0.2
347,Consistent,2,64.8846,66.077,0.4
347,Consistent,3,72.1954,70.1559,0.6
347,Consistent,4,76.7991,73.952,0.8
347,Consistent,5,75.6813,74.8167,1.0
347,Consistent,6,80.9978,77.5638,1.0
347,Consistent,7,84.7774,80.7699,1.0
347,Consistent,8,78.7967,79.8929,1.0
347,Consistent,9,81.9126,80.7905,1.0
347,Consistent,10,78.8339,79.9209,1.0
347,Consistent,11,83.5495,81.5336,1.0
347,Consistent,12,84.2543,82.7428,1.0
347,Consistent,13,79.7558,81.4153,1.0
347,Consistent,14,78.5319,80.1338,1.0
347,Consistent,15,73.9738,77.396,1.0
347,Consistent,16,74.7933,76.2393,1.0
347,Consistent,17,73.3108,74.9377,1.0
347,Consistent,18,78.1063,76.346,1.0
347,Consistent,19,71.3983,74.147,1.0
347,Consistent,20,74.0445,74.1014,1.0
348,Consistent,1,63.2242,63.2242,0.2
348,Consistent,2,83.6154,79.5372,0.4
348,Consistent,3,73.8976,75.7775,0.6
348,Consistent,4,77.2779,76.6349,0.8
348,Consistent,5,82.2889,79.4619,1.0
348,Consistent,6,76.5015,78.1462,1.0
348,Consistent,7,82.2217,79.9575,1.0
348,Consistent,8,68.7913,74.9948,1.0
348,Consistent,9,86.9869,80.3246,1.0
348,Consistent,10,80.4356,80.3739,1.0
348,Consistent,11,76.046,78.4504,1.0
348,Consistent,12,82.1254,80.0837,1.0
348,Consistent,13,69.1568,75.2273,1.0
348,Consistent,14,73.5569,74.4849,1.0
348,Consistent,15,82.2213,77.9233,1.0
348,Consistent,16,65.6647,72.475,1.0
348,Consistent,17,77.8023,74.8427,1.0
348,Consistent,18,77.6609,76.0952,1.0
348,Consistent,19,84.8461,79.9845,1.0
348,Consistent,20,67.0852,74.2515,1.0
349,Consistent,1,83.0482,83.0482,0.2
349,Consistent,2,72.2026,74.3717,0.4
349,Consistent,3,72.765,73.3006,0.6
349,Consistent,4,68.89,70.7802,0.8
349,Consistent,5,69.5607,70.1705,1.0
349,Consistent,6,77.0176,73.2137,1.0
349,Consistent,7,69.4383,71.5357,1.0
349,Consistent,8,78.7014,74.7205,1.0
349,Consistent,9,71.6852,73.3715,1.0
349,Consistent,10,68.9348,71.3996,1.0
349,Consistent,11,72.361,71.8269,1.0
349,Consistent,12,76.6835,73.9854,1.0
349,Consistent,13,73.6132,73.82,1.0
349,Consistent,14,75.1711,74.4205,1.0
349,Consistent,15,78.481,76.2252,1.0
349,Consistent,16,80.4121,78.086,1.0
349,Consistent,17,73.4495,76.0254,1.0
349,Consistent,18,69.7789,73.2492,1.0
349,Consistent,19,75.3805,74.1964,1.0
349,Consistent,20,77.3532,75.5994,1.0
350,Consistent,1,67.6964,67.6964,0.2
350,Consistent,2,70.547,69.9768,0.4
350,Consistent,3,71.4041,70.9283,0.6
350,Consistent,4,73.9609,72.6612,0.8
350,Consistent,5,71.1948,71.928,1.0
350,Consistent,6,78.5352,74.8645,1.0
350,Consistent,7,66.9743,71.3578,1.0
350,Consistent,8,67.1014,69.4661,1.0
350,Consistent,9,73.3306,71.1836,1.0
350,Consistent,10,74.1217,72.4894,1.0
350,Consistent,11,67.7268,70.3727,1.0
350,Consistent,12,71.9663,71.081,1.0
350,Consistent,13,72.9948,71.9315,1.0
350,Consistent,14,73.0335,72.4213,1.0
350,Consistent,15,75.7594,73.9049,1.0
350,Consistent,16,71.6921,72.9214,1.0
350,Consistent,17,82.3892,77.1293,1.0
350,Consistent,18,77.441,77.2679,1.0
350,Consistent,19,70.9644,74.4663,1.0
350,Consistent,20,75.4726,74.9135,1.0
351,Consistent,1,75.6201,75.6201,0.2
351,Consistent,2,81.0736,79.9829,0.4
351,Consistent,3,71.9981,74.6597,0.6
351,Consistent,4,78.8367,77.0466,0.8
351,Consistent,5,75.2093,76.1279,1.0
351,Consistent,6,82.4578,78.9412,1.0
351,Consistent,7,81.4545,80.0582,1.0
351,Consistent,8,75.9849,78.2478,1.0
351,Consistent,9,73.6886,76.2215,1.0
351,Consistent,10,77.533,76.8044,1.0
351,Consistent,11,74.0977,75.6014,1.0
351,Consistent,12,83.4015,79.0682,1.0
351,Consistent,13,75.3924,77.4345,1.0
351,Consistent,14,72.9718,75.4511,1.0
351,Consistent,15,72.7019,74.2292,1.0
351,Consistent,16,68.9348,71.8762,1.0
351,Consistent,17,77.7828,74.5013,1.0
351,Consistent,18,70.8999,72.9007,1.0
351,Consistent,19,80.4907,76.2741,1.0
351,Consistent,20,68.5353,72.8346,1.0
352,Consistent,1,75.6362,75.6362,0.2
352,Consistent,2,80.7511,79.7281,0.4
352,Consistent,3,64.2388,69.4019,0.6
352,Consistent,4,85.0913,78.3673,0.8
352,Consistent,5,72.8736,75.6204,1.0
352,Consistent,6,75.7055,75.6582,1.0
352,Consistent,7,77.8572,76.6356,1.0
352,Consistent,8,78.6306,77.5223,1.0
352,Consistent,9,76.3694,77.0099,1.0
352,Consistent,10,79.9869,78.333,1.0
352,Consistent,11,77.5954,78.0052,1.0
352,Consistent,12,83.8044,80.5826,1.0
352,Consistent,13,77.6116,79.2622,1.0
352,Consistent,14,84.8232,81.7337,1.0
352,Consistent,15,79.5054,80.7434,1.0
352,Consistent,16,65.9712,74.178,1.0
352,Consistent,17,88.0555,80.3458,1.0
352,Consistent,18,72.1283,76.6936,1.0
352,Consistent,19,82.4777,79.2643,1.0
352,Consistent,20,75.134,77.4286,1.0
353,Consistent,1,80.3055,80.3055,0.2
353,Consistent,2,71.5576,73.3072,0.4
353,Consistent,3,78.1287,76.5215,0.6
353,Consistent,4,73.734,74.9287,0.8
353,Consistent,5,82.895,78.9119,1.0
353,Consistent,6,77.1933,78.1481,1.0
353,Consistent,7,79.6797,78.8288,1.0
353,Consistent,8,64.1796,72.3181,1.0
353,Consistent,9,74.5721,73.3199,1.0
353,Consistent,10,77.0528,74.9789,1.0
353,Consistent,11,76.1181,75.4852,1.0
353,Consistent,12,79.8058,77.4055,1.0
353,Consistent,13,73.1705,75.5233,1.0
353,Consistent,14,75.2439,75.3991,1.0
353,Consistent,15,80.9061,77.8467,1.0
353,Consistent,16,63.6066,71.5177,1.0
353,Consistent,17,77.9468,74.3751,1.0
353,Consistent,18,73.3306,73.9109,1.0
353,Consistent,19,70.4384,72.3675,1.0
353,Consistent,20,76.6827,74.2854,1.0
354,Consistent,1,81.1373,81.1373,0.2
354,Consistent,2,80.1957,80.384,0.4
354,Consistent,3,74.3244,76.3443,0.6
354,Consistent,4,79.3787,78.0782,0.8
354,Consistent,5,79.3403,78.7093,1.0
354,Consistent,6,74.5631,76.8666,1.0
354,Consistent,7,71.5346,74.4968,1.0
354,Consistent,8,71.8238,73.3088,1.0
354,Consistent,9,79.1893,75.9223,1.0
354,Consistent,10,74.7893,75.4188,1.0
354,Consistent,11,69.7691,72.9078,1.0
354,Consistent,12,66.5757,70.0935,1.0
354,Consistent,13,79.1592,74.1227,1.0
354,Consistent,14,72.2661,73.2975,1.0
354,Consistent,15,76.6519,74.7884,1.0
354,Consistent,16,81.1985,77.6373,1.0
354,Consistent,17,68.4554,73.5565,1.0
354,Consistent,18,74.7743,74.0977,1.0
354,Consistent,19,74.1465,74.1194,1.0
354,Consistent,20,76.8987,75.3547,1.0
355,Consistent,1,81.1958,81.1958,0.2
355,Consistent,2,68.3527,70.9214,0.4
355,Consistent,3,77.849,75.5398,0.6
355,Consistent,4,80.1576,78.1785,0.8
355,Consistent,5,74.0681,76.1233,1.0
355,Consistent,6,74.3128,75.3186,1.0
355,Consistent,7,77.0922,76.1069,1.0
355,Consistent,8,76.7241,76.3812,1.0
355,Consistent,9,77.9118,77.0615,1.0
355,Consistent,10,77.8064,77.3925,1.0
355,Consistent,11,70.0901,74.147,1.0
355,Consistent,12,79.9513,76.7267,1.0
355,Consistent,13,80.8339,78.5521,1.0
355,Consistent,14,75.9304,77.3869,1.0
355,Consistent,15,67.5292,73.0057,1.0
355,Consistent,16,74.4263,73.6371,1.0
355,Consistent,17,75.972,74.6748,1.0
355,Consistent,18,69.277,72.2758,1.0
355,Consistent,19,73.1993,72.6862,1.0
355,Consistent,20,67.9532,70.5826,1.0
356,Consistent,1,78.0365,78.0365,0.2
356,Consistent,2,75.8298,76.2711,0.4
356,Consistent,3,66.7711,69.9378,0.6
356,Consistent,4,76.7573,73.8347,0.8
356,Consistent,5,74.7175,74.2761,1.0
356,Consistent,6,77.5821,75.7454,1.0
356,Consistent,7,73.0423,74.544,1.0
356,Consistent,8,70.9926,72.9656,1.0
356,Consistent,9,71.1458,72.1568,1.0
356,Consistent,10,72.3091,72.2245,1.0
356,Consistent,11,75.0941,73.4999,1.0
356,Consistent,12,75.7398,74.4954,1.0
356,Consistent,13,74.0464,74.2958,1.0
356,Consistent,14,72.8834,73.6681,1.0
356,Consistent,15,73.243,73.4792,1.0
356,Consistent,16,87.5386,79.7278,1.0
356,Consistent,17,71.1464,75.9138,1.0
356,Consistent,18,72.2101,74.2677,1.0
356,Consistent,19,91.4693,81.9129,1.0
356,Consistent,20,77.1051,79.7761,1.0
357,Consistent,1,68.1001,68.1001,0.2
357,Consistent,2,79.2134,76.9908,0.4
357,Consistent,3,70.4498,72.6301,0.6
357,Consistent,4,79.5453,76.5817,0.8
357,Consistent,5,73.9452,75.2634,1.0
357,Consistent,6,72.801,74.169,1.0
357,Consistent,7,83.0458,78.1143,1.0
357,Consistent,8,77.832,77.9888,1.0
357,Consistent,9,79.8649,78.8227,1.0
357,Consistent,10,77.1746,78.0902,1.0
357,Consistent,11,72.7778,75.7291,1.0
357,Consistent,12,78.0568,76.7636,1.0
357,Consistent,13,81.0461,78.6669,1.0
357,Consistent,14,75.6737,77.3366,1.0
357,Consistent,15,84.0082,80.3018,1.0
357,Consistent,16,79.2524,79.8354,1.0
357,Consistent,17,76.0599,78.1574,1.0
357,Consistent,18,76.2574,77.313,1.0
357,Consistent,19,75.6862,76.59,1.0
357,Consistent,20,68.7438,73.1028,1.0
358,Consistent,1,74.5496,74.5496,0.2
358,Consistent,2,76.1059,75.7947,0.4
358,Consistent,3,72.9196,73.8779,0.6
358,Consistent,4,76.6884,75.4839,0.8
358,Consistent,5,75.1065,75.2952,1.0
358,Consistent,6,78.8685,76.8833,1.0
358,Consistent,7,78.3156,77.5199,1.0
358,Consistent,8,75.8358,76.7714,1.0
358,Consistent,9,68.1639,72.9459,1.0
358,Consistent,10,83.9536,77.8382,1.0
358,Consistent,11,74.2905,76.2615,1.0
358,Consistent,12,74.5956,75.5211,1.0
358,Consistent,13,73.2874,74.5283,1.0
358,Consistent,14,72.5579,73.6526,1.0
358,Consistent,15,82.7203,77.6827,1.0
358,Consistent,16,81.9302,79.5705,1.0
358,Consistent,17,77.222,78.5267,1.0
358,Consistent,18,74.4625,76.7204,1.0
358,Consistent,19,78.0956,77.3316,1.0
358,Consistent,20,75.369,76.4593,1.0
359,Consistent,1,74.0489,74.0489,0.2
359,Consistent,2,76.6905,76.1622,0.4
359,Consistent,3,72.7942,73.9169,0.6
359,Consistent,4,76.2613,75.2566,0.8
359,Consistent,5,76.0211,75.6388,1.0
359,Consistent,6,78.0147,76.6948,1.0
359,Consistent,7,71.9043,74.5657,1.0
359,Consistent,8,78.5507,76.3368,1.0
359,Consistent,9,70.4684,73.7286,1.0
359,Consistent,10,72.1372,73.0213,1.0
359,Consistent,11,72.3554,72.7253,1.0
359,Consistent,12,69.6397,71.354,1.0
359,Consistent,13,80.0783,75.2315,1.0
359,Consistent,14,70.1547,72.9751,1.0
359,Consistent,15,71.5054,72.3219,1.0
359,Consistent,16,81.277,76.302,1.0
359,Consistent,17,72.1471,74.4554,1.0
359,Consistent,18,74.0593,74.2793,1.0
359,Consistent,19,69.9399,72.3507,1.0
359,Consistent,20,79.1648,75.3792,1.0
360,Consistent,1,79.2337,79.2337,0.2
360,Consistent,2,78.6947,78.8025,0.4
360,Consistent,3,77.6876,78.0593,0.6
360,Consistent,4,75.3679,76.5214,0.8
360,Consistent,5,72.3781,74.4497,1.0
360,Consistent,6,70.9252,72.8833,1.0
360,Consistent,7,81.4495,76.6905,1.0
360,Consistent,8,78.824,77.6387,1.0
360,Consistent,9,71.5335,74.9253,1.0
360,Consistent,10,75.1992,75.047,1.0
360,Consistent,11,73.4994,74.3592,1.0
360,Consistent,12,69.3589,72.1369,1.0
360,Consistent,13,75.8883,73.8041,1.0
360,Consistent,14,72.9225,73.4123,1.0
360,Consistent,15,70.2373,72.0012,1.0
360,Consistent,16,67.6043,70.047,1.0
360,Consistent,17,67.181,68.7732,1.0
360,Consistent,18,73.1429,70.7153,1.0
360,Consistent,19,74.5745,72.4305,1.0
360,Consistent,20,70.6235,71.6274,1.0
361,Consistent,1,78.2537,78.2537,0.2
361,Consistent,2,74.6723,75.3886,0.4
361,Consistent,3,77.8844,77.0525,0.6
361,Consistent,4,74.0854,75.357,0.8
361,Consistent,5,71.0644,73.2107,1.0
361,Consistent,6,75.5706,74.2595,1.0
361,Consistent,7,68.6866,71.7827,1.0
361,Consistent,8,77.6972,74.4114,1.0
361,Consistent,9,70.3143,72.5904,1.0
361,Consistent,10,79.5912,75.7019,1.0
361,Consistent,11,73.3077,74.6378,1.0
361,Consistent,12,80.3127,77.16,1.0
361,Consistent,13,69.3869,73.7053,1.0
361,Consistent,14,71.6112,72.7745,1.0
361,Consistent,15,76.9047,74.6102,1.0
361,Consistent,16,80.8525,77.3845,1.0
361,Consistent,17,83.333,80.0283,1.0
361,Consistent,18,75.2068,77.8854,1.0
361,Consistent,19,84.1887,80.6869,1.0
361,Consistent,20,73.5517,77.5157,1.0
362,Consistent,1,80.4938,80.4938,0.2
362,Consistent,2,70.2891,72.33,0.4
362,Consistent,3,77.101,75.5107,0.6
362,Consistent,4,63.2915,68.5283,0.8
362,Consistent,5,69.392,68.9602,1.0
362,Consistent,6,77.3334,72.6816,1.0
362,Consistent,7,68.4378,70.7955,1.0
362,Consistent,8,77.1347,73.6129,1.0
362,Consistent,9,79.5323,76.2438,1.0
362,Consistent,10,72.4934,74.5769,1.0
362,Consistent,11,70.1552,72.6117,1.0
362,Consistent,12,72.6291,72.6194,1.0
362,Consistent,13,70.1709,71.5312,1.0
362,Consistent,14,74.4939,72.848,1.0
362,Consistent,15,75.5105,74.0313,1.0
362,Consistent,16,73.4699,73.7818,1.0
362,Consistent,17,83.3718,78.044,1.0
362,Consistent,18,71.403,75.0925,1.0
362,Consistent,19,81.9572,78.1434,1.0
362,Consistent,20,69.7938,74.4325,1.0
363,Consistent,1,75.3639,75.3639,0.2
363,Consistent,2,80.9155,79.8052,0.4
363,Consistent,3,80.6568,80.3729,0.6
363,Consistent,4,72.8987,76.1019,0.8
363,Consistent,5,77.7753,76.9386,1.0
363,Consistent,6,77.1059,77.013,1.0
363,Consistent,7,72.3003,74.9185,1.0
363,Consistent,8,78.0797,76.3235,1.0
363,Consistent,9,84.3125,79.8741,1.0
363,Consistent,10,77.3585,78.7561,1.0
363,Consistent,11,77.8318,78.3453,1.0
363,Consistent,12,78.3608,78.3522,1.0
363,Consistent,13,67.6951,73.6157,1.0
363,Consistent,14,77.3011,75.2537,1.0
363,Consistent,15,69.9162,72.8815,1.0
363,Consistent,16,72.0506,72.5122,1.0
363,Consistent,17,85.8097,78.4222,1.0
363,Consistent,18,73.7337,76.3384,1.0
363,Consistent,19,71.2991,74.0987,1.0
363,Consistent,20,80.7629,77.0606,1.0
364,Consistent,1,70.2616,70.2616,0.2
364,Consistent,2,72.7629,72.2626,0.4
364,Consistent,3,81.2453,78.2511,0.6
364,Consistent,4,75.2138,76.5155,0.8
364,Consistent,5,67.192,71.8538,1.0
364,Consistent,6,77.7199,74.461,1.0
364,Consistent,7,73.0177,73.8195,1.0
364,Consistent,8,82.6993,77.7661,1.0
364,Consistent,9,71.9691,75.1896,1.0
364,Consistent,10,80.2561,77.4414,1.0
364,Consistent,11,83.8785,80.3023,1.0
364,Consistent,12,70.7453,76.0548,1.0
364,Consistent,13,74.0339,75.1566,1.0
364,Consistent,14,76.9431,75.9506,1.0
364,Consistent,15,70.7133,73.6229,1.0
364,Consistent,16,76.3515,74.8356,1.0
364,Consistent,17,73.8754,74.4088,1.0
364,Consistent,18,73.7747,74.127,1.0
364,Consistent,19,75.2447,74.6237,1.0
364,Consistent,20,75.3563,74.9493,1.0
365,Consistent,1,75.8194,75.8194,0.2
365,Consistent,2,72.0059,72.7686,0.4
365,Consistent,3,72.2241,72.4056,0.6
365,Consistent,4,74.4071,73.5493,0.8
365,Consistent,5,74.7762,74.1628,1.0
365,Consistent,6,72.8058,73.5596,1.0
365,Consistent,7,76.6197,74.9197,1.0
365,Consistent,8,65.9262,70.9226,1.0
365,Consistent,9,71.3477,71.1115,1.0
365,Consistent,10,73.6004,72.2177,1.0
365,Consistent,11,70.7194,71.5518,1.0
365,Consistent,12,83.146,76.7048,1.0
365,Consistent,13,75.0943,75.989,1.0
365,Consistent,14,75.8838,75.9423,1.0
365,Consistent,15,72.5838,74.4496,1.0
365,Consistent,16,74.9211,74.6592,1.0
365,Consistent,17,68.9237,72.1101,1.0
365,Consistent,18,74.1509,73.0171,1.0
365,Consistent,19,70.315,71.8162,1.0
365,Consistent,20,73.613,72.6147,1.0
366,Consistent,1,62.2004,62.2004,0.2
366,Consistent,2,69.36,67.9281,0.4
366,Consistent,3,82.3196,77.5224,0.6
366,Consistent,4,79.152,78.4536,0.8
366,Consistent,5,81.5952,80.0244,1.0
366,Consistent,6,81.9386,80.8752,1.0
366,Consistent,7,78.3649,79.7595,1.0
366,Consistent,8,72.7357,76.6378,1.0
366,Consistent,9,69.8137,73.6049,1.0
366,Consistent,10,80.7337,76.7733,1.0
366,Consistent,11,75.3228,76.1286,1.0
366,Consistent,12,87.4701,81.1693,1.0
366,Consistent,13,73.1745,77.6161,1.0
366,Consistent,14,84.8645,80.8376,1.0
366,Consistent,15,74.216,77.8947,1.0
366,Consistent,16,81.6802,79.5771,1.0
366,Consistent,17,83.4835,81.3133,1.0
366,Consistent,18,69.8853,76.2342,1.0
366,Consistent,19,72.575,74.6079,1.0
366,Consistent,20,69.8351,72.4866,1.0
367,Consistent,1,68.8503,68.8503,0.2
367,Consistent,2,78.3353,76.4383,0.4
367,Consistent,3,74.0169,74.824,0.6
367,Consistent,4,75.2618,75.0742,0.8
367,Consistent,5,77.7812,76.4277,1.0
367,Consistent,6,65.7131,71.6656,1.0
367,Consistent,7,81.4338,76.0071,1.0
367,Consistent,8,73.2545,74.7837,1.0
367,Consistent,9,77.662,76.063,1.0
367,Consistent,10,78.1036,76.9699,1.0
367,Consistent,11,81.854,79.1406,1.0
367,Consistent,12,74.4757,77.0673,1.0
367,Consistent,13,64.3818,71.4293,1.0
367,Consistent,14,75.2856,73.1432,1.0
367,Consistent,15,76.0035,74.4145,1.0
367,Consistent,16,69.8287,72.3764,1.0
367,Consistent,17,75.7375,73.8702,1.0
367,Consistent,18,73.1949,73.5701,1.0
367,Consistent,19,68.2862,71.2217,1.0
367,Consistent,20,78.3574,74.3931,1.0
368,Consistent,1,72.1814,72.1814,0.2
368,Consistent,2,72.9681,72.8108,0.4
368,Consistent,3,72.6871,72.7283,0.6
368,Consistent,4,81.1774,77.5564,0.8
368,Consistent,5,74.7954,76.1759,1.0
368,Consistent,6,75.3955,75.8291,1.0
368,Consistent,7,72.7968,74.4814,1.0
368,Consistent,8,77.3143,75.7405,1.0
368,Consistent,9,81.7466,78.4099,1.0
368,Consistent,10,78.2393,78.3341,1.0
368,Consistent,11,78.4343,78.3786,1.0
368,Consistent,12,78.0312,78.2242,1.0
368,Consistent,13,68.0988,73.724,1.0
368,Consistent,14,70.6194,72.3442,1.0
368,Consistent,15,73.9751,73.069,1.0
368,Consistent,16,71.3707,72.3142,1.0
368,Consistent,17,69.6773,71.1423,1.0
368,Consistent,18,65.6391,68.6964,1.0
368,Consistent,19,68.2674,68.5057,1.0
368,Consistent,20,73.7174,70.822,1.0
369,Consistent,1,74.6529,74.6529,0.2
369,Consistent,2,71.0347,71.7584,0.4
369,Consistent,3,75.3946,74.1825,0.6
369,Consistent,4,72.8308,73.4101,0.8
369,Consistent,5,80.4529,76.9315,1.0
369,Consistent,6,74.1919,75.7139,1.0
369,Consistent,7,78.4817,76.944,1.0
369,Consistent,8,76.0161,76.5316,1.0
369,Consistent,9,67.9896,72.7352,1.0
369,Consistent,10,74.5467,73.5403,1.0
369,Consistent,11,68.8219,71.4432,1.0
369,Consistent,12,74.4594,72.7837,1.0
369,Consistent,13,71.2743,72.1129,1.0
369,Consistent,14,76.9098,74.2449,1.0
369,Consistent,15,68.2882,71.5975,1.0
369,Consistent,16,75.0735,73.1424,1.0
369,Consistent,17,77.8621,75.24,1.0
369,Consistent,18,79.538,77.1502,1.0
369,Consistent,19,71.1792,74.4964,1.0
369,Consistent,20,75.0888,74.7597,1.0
370,Consistent,1,75.9207,75.9207,0.2
370,Consistent,2,82.7356,81.3727,0.4
370,Consistent,3,67.5933,72.1865,0.6
370,Consistent,4,70.4445,71.191,0.8
370,Consistent,5,89.0223,80.1067,1.0
370,Consistent,6,73.6345,77.2302,1.0
370,Consistent,7,65.545,72.0368,1.0
370,Consistent,8,72.0872,72.0592,1.0
370,Consistent,9,61.1556,67.2132,1.0
370,Consistent,10,76.2046,71.2094,1.0
370,Consistent,11,79.0489,74.6936,1.0
370,Consistent,12,70.4417,72.8039,1.0
370,Consistent,13,72.6464,72.7339,1.0
370,Consistent,14,79.6183,75.7936,1.0
370,Consistent,15,66.2489,71.5515,1.0
370,Consistent,16,68.3921,70.1474,1.0
370,Consistent,17,73.8594,71.7972,1.0
370,Consistent,18,71.2383,71.5488,1.0
370,Consistent,19,73.5307,72.4296,1.0
370,Consistent,20,68.6812,70.7637,1.0
371,Consistent,1,76.0716,76.0716,0.2
371,Consistent,2,74.2538,74.6174,0.4
371,Consistent,3,77.746,76.7031,0.6
371,Consistent,4,76.002,76.3025,0.8
371,Consistent,5,76.0335,76.168,1.0
371,Consistent,6,67.7685,72.4348,1.0
371,Consistent,7,77.463,74.6696,1.0
371,Consistent,8,73.3457,74.0812,1.0
371,Consistent,9,74.167,74.1193,1.0
371,Consistent,10,80.2413,76.8402,1.0
371,Consistent,11,71.4028,74.4236,1.0
371,Consistent,12,81.7559,77.6824,1.0
371,Consistent,13,82.2224,79.7002,1.0
371,Consistent,14,78.7639,79.2841,1.0
371,Consistent,15,70.0969,75.2009,1.0
371,Consistent,16,64.0685,70.2532,1.0
371,Consistent,17,80.3942,74.7603,1.0
371,Consistent,18,75.5569,75.1143,1.0
371,Consistent,19,71.274,73.4075,1.0
371,Consistent,20,80.8678,76.7232,1.0
372,Consistent,1,70.6922,70.6922,0.2
372,Consistent,2,72.8792,72.4418,0.4
372,Consistent,3,77.6245,75.8969,0.6
372,Consistent,4,69.432,72.2027,0.8
372,Consistent,5,74.4526,73.3276,1.0
372,Consistent,6,80.4457,76.4912,1.0
372,Consistent,7,76.0556,76.2976,1.0
372,Consistent,8,81.2371,78.4929,1.0
372,Consistent,9,80.668,79.4596,1.0
372,Consistent,10,75.0387,77.4948,1.0
372,Consistent,11,63.3163,71.1932,1.0
372,Consistent,12,69.4711,70.4279,1.0
372,Consistent,13,78.8167,74.1562,1.0
372,Consistent,14,67.2487,71.0862,1.0
372,Consistent,15,73.3665,72.0997,1.0
372,Consistent,16,76.6924,74.1409,1.0
372,Consistent,17,82.3479,77.7884,1.0
372,Consistent,18,72.1249,75.2713,1.0
372,Consistent,19,71.7826,73.7208,1.0
372,Consistent,20,74.7378,74.1728,1.0
373,Consistent,1,76.7546,76.7546,0.2
373,Consistent,2,74.2288,74.7339,0.4
373,Consistent,3,80.2463,78.4089,0.6
373,Consistent,4,71.0043,74.1777,0.8
373,Consistent,5,75.6008,74.8892,1.0
373,Consistent,6,77.2261,75.9278,1.0
373,Consistent,7,72.9988,74.6261,1.0
373,Consistent,8,79.1985,76.6583,1.0
373,Consistent,9,75.7448,76.2523,1.0
373,Consistent,10,78.9442,77.4487,1.0
373,Consistent,11,75.9705,76.7917,1.0
373,Consistent,12,76.882,76.8319,1.0
373,Consistent,13,71.838,74.6124,1.0
373,Consistent,14,71.8461,73.3829,1.0
373,Consistent,15,81.122,76.8225,1.0
373,Consistent,16,78.1776,77.4248,1.0
373,Consistent,17,69.8852,74.0738,1.0
373,Consistent,18,75.9043,74.8874,1.0
373,Consistent,19,63.1311,69.6624,1.0
373,Consistent,20,72.1303,70.7592,1.0
374,Consistent,1,79.8051,79.8051,0.2
374,Consistent,2,74.3743,75.4604,0.4
374,Consistent,3,75.5896,75.5465,0.6
374,Consistent,4,59.9181,66.616,0.8
374,Consistent,5,73.0387,69.8274,1.0
374,Consistent,6,76.6914,72.878,1.0
374,Consistent,7,77.3264,74.8551,1.0
374,Consistent,8,79.8118,77.0581,1.0
374,Consistent,9,73.9487,75.6761,1.0
374,Consistent,10,74.1717,75.0075,1.0
374,Consistent,11,68.3394,72.0439,1.0
374,Consistent,12,73.9774,72.9032,1.0
374,Consistent,13,68.6921,71.0316,1.0
374,Consistent,14,65.7606,68.689,1.0
374,Consistent,15,69.5741,69.0824,1.0
374,Consistent,16,82.5434,75.0651,1.0
374,Consistent,17,73.6472,74.4349,1.0
374,Consistent,18,76.0994,75.1747,1.0
374,Consistent,19,72.4325,73.9559,1.0
374,Consistent,20,66.0472,70.441,1.0
375,Consistent,1,79.6806,79.6806,0.2
375,Consistent,2,64.139,67.2473,0.4
375,Consistent,3,72.226,70.5665,0.6
375,Consistent,4,74.7269,72.9439,0.8
375,Consistent,5,76.1524,74.5482,1.0
375,Consistent,6,71.3677,73.1346,1.0
375,Consistent,7,65.8102,69.8793,1.0
375,Consistent,8,70.9945,70.375,1.0
375,Consistent,9,71.2562,70.7666,1.0
375,Consistent,10,71.1345,70.9301,1.0
375,Consistent,11,79.8503,74.8947,1.0
375,Consistent,12,68.932,72.2446,1.0
375,Consistent,13,76.5049,74.1381,1.0
375,Consistent,14,75.7915,74.8729,1.0
375,Consistent,15,79.8023,77.0637,1.0
375,Consistent,16,74.3343,75.8507,1.0
375,Consistent,17,78.9557,77.2307,1.0
375,Consistent,18,74.1389,75.8565,1.0
375,Consistent,19,77.172,76.4412,1.0
375,Consistent,20,67.4853,72.4608,1.0
376,Consistent,1,61.8086,61.8086,0.2
376,Consistent,2,76.8877,73.8719,0.4
376,Consistent,3,77.1559,76.0612,0.6
376,Consistent,4,77.3775,76.8134,0.8
376,Consistent,5,72.3753,74.5944,1.0
376,Consistent,6,82.4486,78.0851,1.0
376,Consistent,7,72.7006,75.692,1.0
376,Consistent,8,77.1044,76.3197,1.0
376,Consistent,9,77.9732,77.0546,1.0
376,Consistent,10,83.5937,79.9609,1.0
376,Consistent,11,73.4149,77.0515,1.0
376,Consistent,12,71.734,74.6882,1.0
376,Consistent,13,67.5093,71.4976,1.0
376,Consistent,14,82.7618,76.5039,1.0
376,Consistent,15,77.1071,76.772,1.0
376,Consistent,16,77.2653,76.9912,1.0
376,Consistent,17,90.5835,83.0322,1.0
376,Consistent,18,76.6252,80.1847,1.0
376,Consistent,19,68.4884,74.9863,1.0
376,Consistent,20,74.0205,74.5571,1.0
377,Consistent,1,70.1261,70.1261,0.2
377,Consistent,2,73.0207,72.4417,0.4
377,Consistent,3,72.9871,72.8053,0.6
377,Consistent,4,72.0649,72.3822,0.8
377,Consistent,5,68.0336,70.2079,1.0
377,Consistent,6,82.9625,75.8766,1.0
377,Consistent,7,76.4942,76.1511,1.0
377,Consistent,8,73.8726,75.1385,1.0
377,Consistent,9,78.7882,76.7606,1.0
377,Consistent,10,77.3553,77.0249,1.0
377,Consistent,11,76.3785,76.7376,1.0
377,Consistent,12,78.425,77.4875,1.0
377,Consistent,13,75.6697,76.6796,1.0
377,Consistent,14,78.3511,77.4225,1.0
377,Consistent,15,78.7656,78.0194,1.0
377,Consistent,16,75.8136,77.039,1.0
377,Consistent,17,73.898,75.643,1.0
377,Consistent,18,82.652,78.7581,1.0
377,Consistent,19,72.6105,76.0258,1.0
377,Consistent,20,76.9566,76.4395,1.0
378,Consistent,1,77.0695,77.0695,0.2
378,Consistent,2,71.9522,72.9757,0.4
378,Consistent,3,70.9609,71.6325,0.6
378,Consistent,4,73.2307,72.5458,0.8
378,Consistent,5,72.5389,72.5423,1.0
378,Consistent,6,67.7093,70.3943,1.0
378,Consistent,7,71.7425,70.9935,1.0
378,Consistent,8,76.3311,73.3658,1.0
378,Consistent,9,81.3297,76.9053,1.0
378,Consistent,10,77.772,77.2905,1.0
378,Consistent,11,62.0023,70.4958,1.0
378,Consistent,12,78.2065,73.9228,1.0
378,Consistent,13,72.2092,73.1612,1.0
378,Consistent,14,77.2654,74.9853,1.0
378,Consistent,15,74.9293,74.9604,1.0
378,Consistent,16,74.0366,74.5498,1.0
378,Consistent,17,74.4888,74.5227,1.0
378,Consistent,18,74.8879,74.685,1.0
378,Consistent,19,81.722,77.8126,1.0
378,Consistent,20,74.9017,76.5188,1.0
379,Consistent,1,80.4277,80.4277,0.2
379,Consistent,2,79.6995,79.8452,0.4
379,Consistent,3,78.3352,78.8385,0.6
379,Consistent,4,66.0669,71.5405,0.8
379,Consistent,5,80.5832,76.0618,1.0
379,Consistent,6,72.7105,74.5723,1.0
379,Consistent,7,78.5786,76.3529,1.0
379,Consistent,8,70.1373,73.5904,1.0
379,Consistent,9,69.0746,71.5834,1.0
379,Consistent,10,84.8819,77.4939,1.0
379,Consistent,11,70.2151,74.2589,1.0
379,Consistent,12,80.7305,77.1352,1.0
379,Consistent,13,75.5921,76.4494,1.0
379,Consistent,14,72.8994,74.8716,1.0
379,Consistent,15,74.7759,74.829,1.0
379,Consistent,16,68.4945,72.0137,1.0
379,Consistent,17,74.9312,73.3104,1.0
379,Consistent,18,69.5863,71.6552,1.0
379,Consistent,19,73.0228,72.263,1.0
379,Consistent,20,79.6265,75.5357,1.0
380,Consistent,1,76.271,76.271,0.2
380,Consistent,2,67.5891,69.3255,0.4
380,Consistent,3,79.2574,75.9468,0.6
380,Consistent,4,74.9645,75.3855,0.8
380,Consistent,5,72.2891,73.8373,1.0
380,Consistent,6,78.7334,76.0133,1.0
380,Consistent,7,74.164,75.1914,1.0
380,Consistent,8,69.1717,72.516,1.0
380,Consistent,9,84.239,77.7262,1.0
380,Consistent,10,74.9136,76.4762,1.0
380,Consistent,11,74.5931,75.6392,1.0
380,Consistent,12,72.9745,74.4549,1.0
380,Consistent,13,80.8998,77.3193,1.0
380,Consistent,14,72.3756,75.1221,1.0
380,Consistent,15,67.2751,71.6345,1.0
380,Consistent,16,71.6066,71.6221,1.0
380,Consistent,17,81.6339,76.0718,1.0
380,Consistent,18,79.1607,77.4446,1.0
380,Consistent,19,73.7249,75.7914,1.0
380,Consistent,20,81.8663,78.4914,1.0
381,Consistent,1,78.7397,78.7397,0.2
381,Consistent,2,73.6671,74.6816,0.4
381,Consistent,3,74.1705,74.3408,0.6
381,Consistent,4,76.6466,75.6584,0.8
381,Consistent,5,70.8406,73.2495,1.0
381,Consistent,6,75.0225,74.0375,1.0
381,Consistent,7,76.5426,75.1509,1.0
381,Consistent,8,66.5652,71.335,1.0
381,Consistent,9,74.0534,72.5432,1.0
381,Consistent,10,73.4847,72.9616,1.0
381,Consistent,11,80.1403,76.1522,1.0
381,Consistent,12,65.7775,71.5412,1.0
381,Consistent,13,73.0925,72.2307,1.0
381,Consistent,14,72.5912,72.3909,1.0
381,Consistent,15,79.8004,75.684,1.0
381,Consistent,16,74.7823,75.2832,1.0
381,Consistent,17,83.9805,79.1487,1.0
381,Consistent,18,78.3111,78.7764,1.0
381,Consistent,19,72.9489,76.1864,1.0
381,Consistent,20,76.1983,76.1917,1.0
382,Consistent,1,73.2297,73.2297,0.2
382,Consistent,2,79.297,78.0835,0.4
382,Consistent,3,68.339,71.5872,0.6
382,Consistent,4,70.8815,71.1839,0.8
382,Consistent,5,77.2784,74.2312,1.0
382,Consistent,6,81.1288,77.2968,1.0
382,Consistent,7,63.9902,71.3827,1.0
382,Consistent,8,81.8724,76.0448,1.0
382,Consistent,9,74.2993,75.269,1.0
382,Consistent,10,65.5806,70.9631,1.0
382,Consistent,11,59.9914,66.0868,1.0
382,Consistent,12,67.3531,66.6496,1.0
382,Consistent,13,74.9015,70.3171,1.0
382,Consistent,14,74.6705,72.2519,1.0
382,Consistent,15,78.166,74.8804,1.0
382,Consistent,16,72.2526,73.7125,1.0
382,Consistent,17,69.4598,71.8224,1.0
382,Consistent,18,72.9346,72.3167,1.0
382,Consistent,19,75.1681,73.584,1.0
382,Consistent,20,76.1539,74.7261,1.0
383,Consistent,1,71.0542,71.0542,0.2
383,Consistent,2,79.5072,77.8166,0.4
383,Consistent,3,71.893,73.8676,0.6
383,Consistent,4,70.6514,72.0298,0.8
383,Consistent,5,72.288,72.1589,1.0
383,Consistent,6,80.3742,75.8101,1.0
383,Consistent,7,74.336,75.155,1.0
383,Consistent,8,71.5274,73.5427,1.0
383,Consistent,9,79.6305,76.2484,1.0
383,Consistent,10,85.7137,80.4552,1.0
383,Consistent,11,76.0484,78.4966,1.0
383,Consistent,12,81.1692,79.6845,1.0
383,Consistent,13,80.1804,79.9049,1.0
383,Consistent,14,71.9718,76.3791,1.0
383,Consistent,15,75.1332,75.8253,1.0
383,Consistent,16,68.5873,72.6084,1.0
383,Consistent,17,73.9753,73.2159,1.0
383,Consistent,18,71.869,72.6173,1.0
383,Consistent,19,72.9856,72.781,1.0
383,Consistent,20,71.2505,72.1008,1.0
384,Consistent,1,73.5645,73.5645,0.2
384,Consistent,2,77.6612,76.8418,0.4
384,Consistent,3,74.4025,75.2156,0.6
384,Consistent,4,65.6781,69.7656,0.8
384,Consistent,5,71.2694,70.5175,1.0
384,Consistent,6,67.403,69.1333,1.0
384,Consistent,7,76.2203,72.2831,1.0
384,Consistent,8,77.5166,74.6091,1.0
384,Consistent,9,76.2827,75.3529,1.0
384,Consistent,10,71.063,73.4463,1.0
384,Consistent,11,76.2343,74.6854,1.0
384,Consistent,12,72.6494,73.7805,1.0
384,Consistent,13,69.3089,71.7931,1.0
384,Consistent,14,78.7096,74.8671,1.0
384,Consistent,15,79.0901,76.744,1.0
384,Consistent,16,79.7445,78.0776,1.0
384,Consistent,17,71.9583,75.3579,1.0
384,Consistent,18,80.8968,77.8196,1.0
384,Consistent,19,72.5321,75.4696,1.0
384,Consistent,20,78.2675,76.7131,1.0
385,Consistent,1,72.4454,72.4454,0.2
385,Consistent,2,73.8801,73.5932,0.4
385,Consistent,3,62.8941,66.4605,0.6
385,Consistent,4,73.4904,70.4776,0.8
385,Consistent,5,75.4554,72.9665,1.0
385,Consistent,6,72.9498,72.9591,1.0
385,Consistent,7,83.7809,77.7688,1.0
385,Consistent,8,69.1877,73.955,1.0
385,Consistent,9,72.1821,73.167,1.0
385,Consistent,10,70.4756,71.9708,1.0
385,Consistent,11,72.1811,72.0643,1.0
385,Consistent,12,80.1571,75.6611,1.0
385,Consistent,13,82.3902,78.6518,1.0
385,Consistent,14,71.496,75.4715,1.0
385,Consistent,15,71.385,73.6552,1.0
385,Consistent,16,69.2144,71.6815,1.0
385,Consistent,17,81.5314,76.0593,1.0
385,Consistent,18,80.605,78.0796,1.0
385,Consistent,19,74.4701,76.4754,1.0
385,Consistent,20,68.0195,72.7172,1.0
386,Consistent,1,68.4667,68.4667,0.2
386,Consistent,2,75.8531,74.3759,0.4
386,Consistent,3,77.7467,76.6231,0.6
386,Consistent,4,64.6693,69.7923,0.8
386,Consistent,5,73.3935,71.5929,1.0
386,Consistent,6,83.0915,76.7034,1.0
386,Consistent,7,73.9125,75.463,1.0
386,Consistent,8,82.4482,78.5675,1.0
386,Consistent,9,78.2452,78.4243,1.0
386,Consistent,10,69.5786,74.4929,1.0
386,Consistent,11,73.5366,74.0679,1.0
386,Consistent,12,74.3565,74.1962,1.0
386,Consistent,13,70.2374,72.4367,1.0
386,Consistent,14,70.1507,71.4207,1.0
386,Consistent,15,82.5338,76.3599,1.0
386,Consistent,16,70.1132,73.5836,1.0
386,Consistent,17,80.3922,76.6096,1.0
386,Consistent,18,72.8176,74.9243,1.0
386,Consistent,19,74.8718,74.901,1.0
386,Consistent,20,77.8092,76.1935,1.0
387,Consistent,1,72.0072,72.0072,0.2
387,Consistent,2,77.8395,76.6731,0.4
387,Consistent,3,64.7679,68.7363,0.6
387,Consistent,4,77.1985,73.5718,0.8
387,Consistent,5,62.6573,68.1146,1.0
387,Consistent,6,73.8658,70.6707,1.0
387,Consistent,7,79.2712,74.4931,1.0
387,Consistent,8,78.1115,76.1013,1.0
387,Consistent,9,68.5079,72.7265,1.0
387,Consistent,10,69.1517,71.1377,1.0
387,Consistent,11,71.5566,71.3239,1.0
387,Consistent,12,75.9311,73.3715,1.0
387,Consistent,13,64.8403,69.5799,1.0
387,Consistent,14,74.9339,71.9594,1.0
387,Consistent,15,76.5571,74.0029,1.0
387,Consistent,16,73.5848,73.8171,1.0
387,Consistent,17,77.6266,75.5102,1.0
387,Consistent,18,76.1186,75.7806,1.0
387,Consistent,19,72.2917,74.23,1.0
387,Consistent,20,65.3191,70.2696,1.0
388,Consistent,1,75.6671,75.6671,0.2
388,Consistent,2,70.2346,71.3211,0.4
388,Consistent,3,72.1083,71.8459,0.6
388,Consistent,4,77.3956,75.0172,0.8
388,Consistent,5,82.0867,78.5519,1.0
388,Consistent,6,74.8097,76.8887,1.0
388,Consistent,7,77.7703,77.2805,1.0
388,Consistent,8,67.7776,73.057,1.0
388,Consistent,9,76.2276,74.4662,1.0
388,Consistent,10,74.7005,74.5703,1.0
388,Consistent,11,81.1461,77.4929,1.0
388,Consistent,12,72.2977,75.1839,1.0
388,Consistent,13,73.7918,74.5652,1.0
388,Consistent,14,80.2941,77.1114,1.0
388,Consistent,15,74.5398,75.9685,1.0
388,Consistent,16,69.4558,73.0739,1.0
388,Consistent,17,87.7582,79.6003,1.0
388,Consistent,18,69.607,75.1588,1.0
388,Consistent,19,74.6765,74.9445,1.0
388,Consistent,20,76.7334,75.7396,1.0
389,Consistent,1,76.3381,76.3381,0.2
389,Consistent,2,74.0513,74.5086,0.4
389,Consistent,3,74.0762,74.2203,0.6
389,Consistent,4,73.8253,73.9946,0.8
389,Consistent,5,69.4203,71.7075,1.0
389,Consistent,6,85.7511,77.9491,1.0
389,Consistent,7,73.9,76.1495,1.0
389,Consistent,8,77.9847,76.9651,1.0
389,Consistent,9,73.3267,75.3481,1.0
389,Consistent,10,73.2262,74.405,1.0
389,Consistent,11,72.7228,73.6574,1.0
389,Consistent,12,67.2508,70.81,1.0
389,Consistent,13,74.1969,72.3153,1.0
389,Consistent,14,72.965,72.604,1.0
389,Consistent,15,80.8576,76.2723,1.0
389,Consistent,16,69.0165,73.0475,1.0
389,Consistent,17,72.1143,72.6327,1.0
389,Consistent,18,70.5078,71.6883,1.0
389,Consistent,19,82.2127,76.3658,1.0
389,Consistent,20,70.653,73.8268,1.0
390,Consistent,1,77.8115,77.8115,0.2
390,Consistent,2,79.8508,79.4429,0.4
390,Consistent,3,74.2694,75.9939,0.6
390,Consistent,4,68.1159,71.4922,0.8
390,Consistent,5,68.1792,69.8357,1.0
390,Consistent,6,79.2988,74.0415,1.0
390,Consistent,7,68.697,71.6662,1.0
390,Consistent,8,76.9601,74.0191,1.0
390,Consistent,9,75.5717,74.7091,1.0
390,Consistent,10,76.8857,75.6765,1.0
390,Consistent,11,77.3579,76.4238,1.0
390,Consistent,12,70.3316,73.7162,1.0
390,Consistent,13,70.1224,72.1189,1.0
390,Consistent,14,78.5746,74.9881,1.0
390,Consistent,15,71.8533,73.5949,1.0
390,Consistent,16,61.2493,68.1079,1.0
390,Consistent,17,78.2438,72.6127,1.0
390,Consistent,18,69.8187,71.3709,1.0
390,Consistent,19,77.3357,74.0219,1.0
390,Consistent,20,81.9641,77.5518,1.0
391,Consistent,1,75.0838,75.0838,0.2
391,Consistent,2,79.9788,78.9998,0.4
391,Consistent,3,75.769,76.8459,0.6
391,Consistent,4,82.9371,80.3266,0.8
391,Consistent,5,69.6895,75.008,1.0
391,Consistent,6,74.9589,74.9862,1.0
391,Consistent,7,78.3658,76.4883,1.0
391,Consistent,8,74.0479,75.4037,1.0
391,Consistent,9,80.7611,77.7847,1.0
391,Consistent,10,72.8398,75.587,1.0
391,Consistent,11,85.3469,79.9247,1.0
391,Consistent,12,85.611,82.4519,1.0
391,Consistent,13,76.4104,79.7668,1.0
391,Consistent,14,77.763,78.8762,1.0
391,Consistent,15,80.9584,79.8016,1.0
391,Consistent,16,69.064,75.0293,1.0
391,Consistent,17,68.44,72.1007,1.0
391,Consistent,18,81.2821,76.1813,1.0
391,Consistent,19,76.3699,76.2652,1.0
391,Consistent,20,73.8675,75.1995,1.0
392,Consistent,1,75.0556,75.0556,0.2
392,Consistent,2,63.0698,65.467,0.4
392,Consistent,3,74.0472,71.1871,0.6
392,Consistent,4,71.2348,71.2143,0.8
392,Consistent,5,79.5904,75.4024,1.0
392,Consistent,6,79.9752,77.4347,1.0
392,Consistent,7,77.8834,77.6341,1.0
392,Consistent,8,76.9773,77.3422,1.0
392,Consistent,9,67.5133,72.9738,1.0
392,Consistent,10,77.9532,75.1869,1.0
392,Consistent,11,78.147,76.5025,1.0
392,Consistent,12,81.226,78.6018,1.0
392,Consistent,13,85.591,81.7081,1.0
392,Consistent,14,66.5372,74.9655,1.0
392,Consistent,15,73.0576,74.1175,1.0
392,Consistent,16,71.2887,72.8603,1.0
392,Consistent,17,75.8625,74.1946,1.0
392,Consistent,18,75.067,74.5823,1.0
392,Consistent,19,73.8296,74.2478,1.0
392,Consistent,20,80.138,76.8657,1.0
393,Consistent,1,69.4929,69.4929,0.2
393,Consistent,2,69.7944,69.7341,0.4
393,Consistent,3,69.8789,69.8306,0.6
393,Consistent,4,73.1984,71.755,0.8
393,Consistent,5,68.857,70.306,1.0
393,Consistent,6,74.7571,72.2843,1.0
393,Consistent,7,74.1725,73.1235,1.0
393,Consistent,8,71.0674,72.2097,1.0
393,Consistent,9,79.3688,75.3915,1.0
393,Consistent,10,74.7025,75.0853,1.0
393,Consistent,11,80.3132,77.4088,1.0
393,Consistent,12,74.0248,75.9048,1.0
393,Consistent,13,74.879,75.4489,1.0
393,Consistent,14,72.1861,73.9988,1.0
393,Consistent,15,74.9648,74.4281,1.0
393,Consistent,16,78.5612,76.265,1.0
393,Consistent,17,72.9433,74.7887,1.0
393,Consistent,18,77.5921,76.0346,1.0
393,Consistent,19,70.9363,73.7687,1.0
393,Consistent,20,78.7953,76.0027,1.0
394,Consistent,1,72.1005,72.1005,0.2
394,Consistent,2,79.2584,77.8268,0.4
394,Consistent,3,75.3049,76.1455,0.6
394,Consistent,4,82.6048,79.8365,0.8
394,Consistent,5,69.2297,74.5331,1.0
394,Consistent,6,67.6191,71.4602,1.0
394,Consistent,7,71.9189,71.6641,1.0
394,Consistent,8,68.0769,70.0698,1.0
394,Consistent,9,68.0863,69.1883,1.0
394,Consistent,10,78.1078,73.1525,1.0
394,Consistent,11,74.9791,73.9643,1.0
394,Consistent,12,72.6016,73.3587,1.0
394,Consistent,13,73.0652,73.2282,1.0
394,Consistent,14,72.0138,72.6885,1.0
394,Consistent,15,83.2518,77.3833,1.0
394,Consistent,16,71.3225,74.6896,1.0
394,Consistent,17,68.3893,71.8895,1.0
394,Consistent,18,78.9803,75.0409,1.0
394,Consistent,19,73.9212,74.5433,1.0
394,Consistent,20,85.1939,79.2769,1.0
395,Consistent,1,72.369,72.369,0.2
395,Consistent,2,79.2299,77.8577,0.4
395,Consistent,3,80.411,79.5599,0.6
395,Consistent,4,72.3933,75.4647,0.8
395,Consistent,5,71.2854,73.3751,1.0
395,Consistent,6,78.7068,75.7447,1.0
395,Consistent,7,77.8745,76.6913,1.0
395,Consistent,8,67.9469,72.8049,1.0
395,Consistent,9,69.3578,71.2729,1.0
395,Consistent,10,62.3178,67.2929,1.0
395,Consistent,11,77.9769,72.0413,1.0
395,Consistent,12,73.6909,72.7745,1.0
395,Consistent,13,74.1892,73.4033,1.0
395,Consistent,14,66.5428,70.3542,1.0
395,Consistent,15,69.5095,69.9787,1.0
395,Consistent,16,72.6102,71.1483,1.0
395,Consistent,17,71.6384,71.3661,1.0
395,Consistent,18,75.5892,73.243,1.0
395,Consistent,19,77.9173,75.3205,1.0
395,Consistent,20,86.3481,80.2216,1.0
396,Consistent,1,74.8999,74.8999,0.2
396,Consistent,2,80.577,79.4416,0.4
396,Consistent,3,70.8501,73.714,0.6
396,Consistent,4,66.6253,69.6633,0.8
396,Consistent,5,73.2385,71.4509,1.0
396,Consistent,6,67.0114,69.4778,1.0
396,Consistent,7,75.0734,71.9647,1.0
396,Consistent,8,71.0977,71.5794,1.0
396,Consistent,9,65.2286,68.7568,1.0
396,Consistent,10,83.6801,75.3894,1.0
396,Consistent,11,72.3122,74.0218,1.0
396,Consistent,12,66.8119,70.8174,1.0
396,Consistent,13,79.4909,74.6723,1.0
396,Consistent,14,71.3569,73.1988,1.0
396,Consistent,15,80.4508,76.4219,1.0
396,Consistent,16,71.333,74.1602,1.0
396,Consistent,17,72.2955,73.3314,1.0
396,Consistent,18,76.7242,74.8393,1.0
396,Consistent,19,77.9661,76.229,1.0
396,Consistent,20,78.8424,77.3905,1.0
397,Consistent,1,74.5513,74.5513,0.2
397,Consistent,2,77.6431,77.0247,0.4
397,Consistent,3,78.7281,78.1603,0.6
397,Consistent,4,76.0028,76.9275,0.8
397,Consistent,5,74.2867,75.6071,1.0
397,Consistent,6,67.7735,72.1255,1.0
397,Consistent,7,77.9959,74.7346,1.0
397,Consistent,8,75.2109,74.9463,1.0
397,Consistent,9,72.9319,74.051,1.0
397,Consistent,10,81.3888,77.3123,1.0
397,Consistent,11,67.8608,73.1116,1.0
397,Consistent,12,83.2202,77.6043,1.0
397,Consistent,13,74.8886,76.3973,1.0
397,Consistent,14,76.5876,76.4819,1.0
397,Consistent,15,73.0248,74.9454,1.0
397,Consistent,16,66.6646,71.2651,1.0
397,Consistent,17,74.302,72.6148,1.0
397,Consistent,18,76.6737,74.4188,1.0
397,Consistent,19,78.3811,76.1798,1.0
397,Consistent,20,74.0098,75.2154,1.0
398,Consistent,1,64.0373,64.0373,0.2
398,Consistent,2,67.2917,66.6408,0.4
398,Consistent,3,85.2601,79.0537,0.6
398,Consistent,4,69.5373,73.6158,0.8
398,Consistent,5,82.1352,77.8755,1.0
398,Consistent,6,70.3296,74.5218,1.0
398,Consistent,7,74.0877,74.3288,1.0
398,Consistent,8,78.126,76.0165,1.0
398,Consistent,9,70.899,73.7421,1.0
398,Consistent,10,82.9611,77.8394,1.0
398,Consistent,11,75.3786,76.7457,1.0
398,Consistent,12,77.3043,76.994,1.0
398,Consistent,13,73.662,75.5131,1.0
398,Consistent,14,78.2936,76.7489,1.0
398,Consistent,15,82.894,79.48,1.0
398,Consistent,16,74.3436,77.1972,1.0
398,Consistent,17,83.6486,80.0644,1.0
398,Consistent,18,71.942,76.4545,1.0
398,Consistent,19,78.8205,77.506,1.0
398,Consistent,20,77.4456,77.4792,1.0
399,Consistent,1,69.6571,69.6571,0.2
399,Consistent,2,76.069,74.7867,0.4
399,Consistent,3,75.0368,74.9534,0.6
399,Consistent,4,70.734,72.5424,0.8
399,Consistent,5,76.79,74.6662,1.0
399,Consistent,6,75.7314,75.1396,1.0
399,Consistent,7,74.6371,74.9163,1.0
399,Consistent,8,74.6571,74.8011,1.0
399,Consistent,9,74.5499,74.6895,1.0
399,Consistent,10,73.1615,74.0104,1.0
399,Consistent,11,75.6992,74.761,1.0
399,Consistent,12,71.7804,73.4363,1.0
399,Consistent,13,88.284,80.0353,1.0
399,Consistent,14,67.9533,74.6655,1.0
399,Consistent,15,72.0763,73.5148,1.0
399,Consistent,16,72.4713,73.051,1.0
399,Consistent,17,85.2025,78.4517,1.0
399,Consistent,18,68.3993,73.984,1.0
399,Consistent,19,77.1296,75.382,1.0
399,Consistent,20,76.242,75.7642,1.0
400,Consistent,1,76.668,76.668,0.2
400,Consistent,2,81.1817,80.279,0.4
400,Consistent,3,81.0791,80.8124,0.6
400,Consistent,4,72.7452,76.2026,0.8
400,Consistent,5,75.9701,76.0863,1.0
400,Consistent,6,65.6795,71.4611,1.0
400,Consistent,7,75.4955,73.2541,1.0
400,Consistent,8,71.0301,72.2657,1.0
400,Consistent,9,74.0681,73.0667,1.0
400,Consistent,10,66.5731,70.1807,1.0
400,Consistent,11,77.0244,73.2223,1.0
400,Consistent,12,66.5172,70.2422,1.0
400,Consistent,13,75.7414,72.6863,1.0
400,Consistent,14,68.8675,70.9891,1.0
400,Consistent,15,70.7518,70.8836,1.0
400,Consistent,16,80.7737,75.2792,1.0
400,Consistent,17,77.9396,76.4616,1.0
400,Consistent,18,80.746,78.3658,1.0
400,Consistent,19,82.7986,80.3359,1.0
400,Consistent,20,71.1358,76.247,1.0
401,Consistent,1,82.4949,82.4949,0.2
401,Consistent,2,67.6725,70.6369,0.4
401,Consistent,3,78.7305,76.0327,0.6
401,Consistent,4,72.5333,74.033,0.8
401,Consistent,5,70.3485,72.1908,1.0
401,Consistent,6,78.0723,74.8048,1.0
401,Consistent,7,79.7248,76.9914,1.0
401,Consistent,8,79.5763,78.1403,1.0
401,Consistent,9,76.0743,77.2221,1.0
401,Consistent,10,75.6598,76.5277,1.0
401,Consistent,11,77.6343,77.0195,1.0
401,Consistent,12,76.5188,76.797,1.0
401,Consistent,13,77.7068,77.2013,1.0
401,Consistent,14,76.02,76.6763,1.0
401,Consistent,15,79.2139,77.8041,1.0
401,Consistent,16,66.864,72.9418,1.0
401,Consistent,17,74.3436,73.5649,1.0
401,Consistent,18,68.0808,71.1275,1.0
401,Consistent,19,76.3835,73.4635,1.0
401,Consistent,20,83.2097,77.7951,1.0
402,Consistent,1,72.6296,72.6296,0.2
402,Consistent,2,75.6363,75.0349,0.4
402,Consistent,3,78.7824,77.5333,0.6
402,Consistent,4,64.6614,70.1779,0.8
402,Consistent,5,72.3894,71.2837,1.0
402,Consistent,6,76.8226,73.7454,1.0
402,Consistent,7,60.515,67.8652,1.0
402,Consistent,8,70.116,68.8656,1.0
402,Consistent,9,80.5043,74.0383,1.0
402,Consistent,10,80.015,76.6946,1.0
402,Consistent,11,76.8716,76.7733,1.0
402,Consistent,12,79.411,77.9456,1.0
402,Consistent,13,76.0755,77.1144,1.0
402,Consistent,14,77.777,77.4089,1.0
402,Consistent,15,73.4217,75.6368,1.0
402,Consistent,16,75.5791,75.6112,1.0
402,Consistent,17,71.8381,73.9343,1.0
402,Consistent,18,81.3174,77.2157,1.0
402,Consistent,19,82.6078,79.6122,1.0
402,Consistent,20,81.8996,80.6288,1.0
403,Consistent,1,72.9595,72.9595,0.2
403,Consistent,2,70.2311,70.7768,0.4
403,Consistent,3,81.3849,77.8488,0.6
403,Consistent,4,77.7195,77.775,0.8
403,Consistent,5,76.6429,77.2089,1.0
403,Consistent,6,71.8318,74.8191,1.0
403,Consistent,7,77.1283,75.8454,1.0
403,Consistent,8,69.5736,73.058,1.0
403,Consistent,9,78.1703,75.3301,1.0
403,Consistent,10,81.8944,78.2476,1.0
403,Consistent,11,83.1552,80.4288,1.0
403,Consistent,12,78.5426,79.5905,1.0
403,Consistent,13,68.0899,74.4791,1.0
403,Consistent,14,75.9867,75.1491,1.0
403,Consistent,15,85.6984,79.8377,1.0
403,Consistent,16,70.6569,75.7574,1.0
403,Consistent,17,74.7041,75.2892,1.0
403,Consistent,18,82.0676,78.3019,1.0
403,Consistent,19,78.0857,78.2058,1.0
403,Consistent,20,87.4008,82.2924,1.0
404,Consistent,1,71.3357,71.3357,0.2
404,Consistent,2,70.0512,70.3081,0.4
404,Consistent,3,81.1206,77.5165,0.6
404,Consistent,4,69.0206,72.6617,0.8
404,Consistent,5,74.0162,73.3389,1.0
404,Consistent,6,74.6718,73.9313,1.0
404,Consistent,7,80.1799,76.7085,1.0
404,Consistent,8,78.0713,77.3142,1.0
404,Consistent,9,77.2853,77.3014,1.0
404,Consistent,10,72.9878,75.3842,1.0
404,Consistent,11,81.075,77.9135,1.0
404,Consistent,12,95.1291,85.5649,1.0
404,Consistent,13,78.4564,82.4056,1.0
404,Consistent,14,75.4984,79.3357,1.0
404,Consistent,15,68.5107,74.5246,1.0
404,Consistent,16,71.8126,73.3193,1.0
404,Consistent,17,73.9314,73.5913,1.0
404,Consistent,18,72.327,73.0294,1.0
404,Consistent,19,74.9196,73.8695,1.0
404,Consistent,20,83.8901,78.3231,1.0
405,Consistent,1,81.2358,81.2358,0.2
405,Consistent,2,74.2058,75.6118,0.4
405,Consistent,3,68.9586,71.1763,0.6
405,Consistent,4,81.6868,77.1823,0.8
405,Consistent,5,74.7547,75.9685,1.0
405,Consistent,6,66.3675,71.7014,1.0
405,Consistent,7,78.5622,74.7506,1.0
405,Consistent,8,80.1284,77.1408,1.0
405,Consistent,9,62.8705,70.7984,1.0
405,Consistent,10,70.8772,70.8334,1.0
405,Consistent,11,74.4477,72.4398,1.0
405,Consistent,12,78.6726,75.2099,1.0
405,Consistent,13,72.4213,73.9705,1.0
405,Consistent,14,70.8393,72.5789,1.0
405,Consistent,15,78.6358,75.2709,1.0
405,Consistent,16,72.6584,74.1098,1.0
405,Consistent,17,77.7103,75.71,1.0
405,Consistent,18,69.4424,72.9244,1.0
405,Consistent,19,68.2383,70.8417,1.0
405,Consistent,20,78.7763,74.3682,1.0
406,Consistent,1,76.2626,76.2626,0.2
406,Consistent,2,79.6123,78.9423,0.4
406,Consistent,3,72.337,74.5388,0.6
406,Consistent,4,71.0245,72.5306,0.8
406,Consistent,5,81.8036,77.1671,1.0
406,Consistent,6,67.3852,72.8196,1.0
406,Consistent,7,81.2573,76.5697,1.0
406,Consistent,8,81.6025,78.8065,1.0
406,Consistent,9,79.3004,79.026,1.0
406,Consistent,10,71.561,75.7082,1.0
406,Consistent,11,70.9174,73.579,1.0
406,Consistent,12,73.9497,73.7437,1.0
406,Consistent,13,68.5248,71.4242,1.0
406,Consistent,14,70.1915,70.8764,1.0
406,Consistent,15,78.2237,74.1418,1.0
406,Consistent,16,78.2467,75.9662,1.0
406,Consistent,17,69.7521,73.2044,1.0
406,Consistent,18,78.3806,75.5049,1.0
406,Consistent,19,77.2715,76.2901,1.0
406,Consistent,20,82.5494,79.072,1.0
407,Consistent,1,77.8457,77.8457,0.2
407,Consistent,2,80.2929,79.8035,0.4
407,Consistent,3,77.3854,78.1914,0.6
407,Consistent,4,79.8996,79.1675,0.8
407,Consistent,5,68.5644,73.866,1.0
407,Consistent,6,74.3913,74.0994,1.0
407,Consistent,7,74.8051,74.4131,1.0
407,Consistent,8,73.7813,74.1323,1.0
407,Consistent,9,77.2194,75.5043,1.0
407,Consistent,10,78.1719,76.6899,1.0
407,Consistent,11,76.9613,76.8105,1.0
407,Consistent,12,74.1153,75.6126,1.0
407,Consistent,13,71.3213,73.7054,1.0
407,Consistent,14,80.4859,76.719,1.0
407,Consistent,15,76.7487,76.7322,1.0
407,Consistent,16,69.9069,73.6987,1.0
407,Consistent,17,74.0316,73.8467,1.0
407,Consistent,18,66.2835,70.4853,1.0
407,Consistent,19,75.1769,72.5704,1.0
407,Consistent,20,74.0081,73.2094,1.0
408,Consistent,1,72.1277,72.1277,0.2
408,Consistent,2,82.923,80.7639,0.4
408,Consistent,3,69.2192,73.0675,0.6
408,Consistent,4,78.532,76.19,0.8
408,Consistent,5,85.9335,81.0618,1.0
408,Consistent,6,80.3863,80.7616,1.0
408,Consistent,7,74.8423,78.1308,1.0
408,Consistent,8,69.3297,74.2192,1.0
408,Consistent,9,68.1897,71.5394,1.0
408,Consistent,10,72.9422,72.1629,1.0
408,Consistent,11,71.565,71.8972,1.0
408,Consistent,12,71.4023,71.6772,1.0
408,Consistent,13,73.3684,72.4289,1.0
408,Consistent,14,74.4888,73.3444,1.0
408,Consistent,15,77.4261,75.1585,1.0
408,Consistent,16,68.811,72.3374,1.0
408,Consistent,17,71.5888,72.0047,1.0
408,Consistent,18,74.2016,72.9811,1.0
408,Consistent,19,74.0226,73.444,1.0
408,Consistent,20,84.1821,78.2165,1.0
409,Consistent,1,76.1612,76.1612,0.2
409,Consistent,2,66.9321,68.7779,0.4
409,Consistent,3,77.0909,74.3199,0.6
409,Consistent,4,77.7283,76.2676,0.8
409,Consistent,5,74.3744,75.321,1.0
409,Consistent,6,68.933,72.4819,1.0
409,Consistent,7,83.7903,77.5078,1.0
409,Consistent,8,69.6506,74.0157,1.0
409,Consistent,9,78.3039,75.9216,1.0
409,Consistent,10,76.0003,75.9565,1.0
409,Consistent,11,78.0041,76.8665,1.0
409,Consistent,12,83.5343,79.83,1.0
409,Consistent,13,77.8082,78.9314,1.0
409,Consistent,14,72.2067,75.9426,1.0
409,Consistent,15,80.53,77.9815,1.0
409,Consistent,16,71.8445,75.2539,1.0
409,Consistent,17,75.8178,75.5045,1.0
409,Consistent,18,68.5346,72.4068,1.0
409,Consistent,19,69.8336,71.2631,1.0
409,Consistent,20,75.2569,73.0382,1.0
410,Consistent,1,76.8404,76.8404,0.2
410,Consistent,2,66.488,68.5585,0.4
410,Consistent,3,77.4864,74.5105,0.6
410,Consistent,4,70.9029,72.449,0.8
410,Consistent,5,81.3984,76.9237,1.0
410,Consistent,6,73.2402,75.2866,1.0
410,Consistent,7,69.3819,72.6623,1.0
410,Consistent,8,75.379,73.8697,1.0
410,Consistent,9,70.4188,72.336,1.0
410,Consistent,10,81.3447,76.3399,1.0
410,Consistent,11,75.0027,75.7456,1.0
410,Consistent,12,74.2416,75.0771,1.0
410,Consistent,13,77.959,76.358,1.0
410,Consistent,14,69.9753,73.5212,1.0
410,Consistent,15,68.5542,71.3137,1.0
410,Consistent,16,77.0418,73.8595,1.0
410,Consistent,17,69.5016,71.9227,1.0
410,Consistent,18,69.4999,70.8459,1.0
410,Consistent,19,79.1838,74.5516,1.0
410,Consistent,20,77.6253,75.9177,1.0
411,Consistent,1,68.7309,68.7309,0.2
411,Consistent,2,71.9043,71.2696,0.4
411,Consistent,3,70.4813,70.7441,0.6
411,Consistent,4,83.8816,78.2512,0.8
411,Consistent,5,79.5301,78.8906,1.0
411,Consistent,6,72.8958,76.2263,1.0
411,Consistent,7,77.881,76.9617,1.0
411,Consistent,8,68.2191,73.0761,1.0
411,Consistent,9,71.6368,72.4364,1.0
411,Consistent,10,75.5243,73.8088,1.0
411,Consistent,11,77.2612,75.3432,1.0
411,Consistent,12,74.5127,74.9741,1.0
411,Consistent,13,76.2401,75.5367,1.0
411,Consistent,14,75.3917,75.4723,1.0
411,Consistent,15,74.1821,74.8989,1.0
411,Consistent,16,73.5193,74.2857,1.0
411,Consistent,17,72.8687,73.6559,1.0
411,Consistent,18,76.1597,74.7687,1.0
411,Consistent,19,77.0541,75.7844,1.0
411,Consistent,20,75.9918,75.8766,1.0
412,Consistent,1,69.107,69.107,0.2
412,Consistent,2,70.0054,69.8257,0.4
412,Consistent,3,76.9944,74.6048,0.6
412,Consistent,4,82.3584,79.0354,0.8
412,Consistent,5,75.7621,77.3988,1.0
412,Consistent,6,72.9417,75.4178,1.0
412,Consistent,7,76.1217,75.7307,1.0
412,Consistent,8,69.3159,72.8797,1.0
412,Consistent,9,81.5447,76.7308,1.0
412,Consistent,10,75.933,76.3762,1.0
412,Consistent,11,71.6527,74.2769,1.0
412,Consistent,12,74.166,74.2276,1.0
412,Consistent,13,72.3648,73.3997,1.0
412,Consistent,14,81.5583,77.0258,1.0
412,Consistent,15,73.9888,75.676,1.0
412,Consistent,16,75.7768,75.7208,1.0
412,Consistent,17,77.8686,76.6754,1.0
412,Consistent,18,71.2962,74.2846,1.0
412,Consistent,19,75.9685,75.033,1.0
412,Consistent,20,76.3722,75.6282,1.0
413,Consistent,1,67.2296,67.2296,0.2
413,Consistent,2,76.2635,74.4567,0.4
413,Consistent,3,74.7712,74.6664,0.6
413,Consistent,4,75.6498,75.2283,0.8
413,Consistent,5,75.1781,75.2032,1.0
413,Consistent,6,76.2958,75.6888,1.0
413,Consistent,7,81.6867,78.3546,1.0
413,Consistent,8,69.1025,74.2425,1.0
413,Consistent,9,73.2892,73.8188,1.0
413,Consistent,10,78.3331,75.8252,1.0
413,Consistent,11,77.4046,76.5272,1.0
413,Consistent,12,77.297,76.8693,1.0
413,Consistent,13,88.7679,82.1576,1.0
413,Consistent,14,78.0707,80.3412,1.0
413,Consistent,15,80.6547,80.4805,1.0
413,Consistent,16,73.4646,77.3623,1.0
413,Consistent,17,70.0354,74.1059,1.0
413,Consistent,18,73.4284,73.8048,1.0
413,Consistent,19,78.5598,75.9181,1.0
413,Consistent,20,77.0341,76.4141,1.0
414,Consistent,1,77.0163,77.0163,0.2
414,Consistent,2,73.9283,74.5459,0.4
414,Consistent,3,73.131,73.6026,0.6
414,Consistent,4,74.1007,73.8872,0.8
414,Consistent,5,78.6224,76.2548,1.0
414,Consistent,6,79.2036,77.5654,1.0
414,Consistent,7,69.9688,74.1891,1.0
414,Consistent,8,78.8117,76.2436,1.0
414,Consistent,9,71.7464,74.2448,1.0
414,Consistent,10,77.3446,75.6225,1.0
414,Consistent,11,74.0402,74.9193,1.0
414,Consistent,12,82.8289,78.4347,1.0
414,Consistent,13,72.9096,75.9791,1.0
414,Consistent,14,75.8931,75.9409,1.0
414,Consistent,15,78.033,76.8707,1.0
414,Consistent,16,70.6302,74.0971,1.0
414,Consistent,17,74.6357,74.3365,1.0
414,Consistent,18,73.6671,74.039,1.0
414,Consistent,19,72.4309,73.3243,1.0
414,Consistent,20,72.8014,73.0919,1.0
415,Consistent,1,80.5601,80.5601,0.2
415,Consistent,2,72.0072,73.7178,0.4
415,Consistent,3,77.832,76.4606,0.6
415,Consistent,4,76.573,76.5248,0.8
415,Consistent,5,68.0151,72.27,1.0
415,Consistent,6,77.5958,74.637,1.0
415,Consistent,7,67.9324,71.6572,1.0
415,Consistent,8,78.1405,74.5387,1.0
415,Consistent,9,72.464,73.6166,1.0
415,Consistent,10,75.0418,74.25,1.0
415,Consistent,11,68.5286,71.7072,1.0
415,Consistent,12,75.6119,73.4426,1.0
415,Consistent,13,79.6348,76.1947,1.0
415,Consistent,14,70.9652,73.8705,1.0
415,Consistent,15,71.9642,73.0232,1.0
415,Consistent,16,77.2731,74.9121,1.0
415,Consistent,17,77.3981,76.017,1.0
415,Consistent,18,62.8291,70.1557,1.0
415,Consistent,19,85.077,76.7874,1.0
415,Consistent,20,77.6428,77.1676,1.0
416,Consistent,1,78.4846,78.4846,0.2
416,Consistent,2,74.2823,75.1228,0.4
416,Consistent,3,65.7232,68.8564,0.6
416,Consistent,4,78.3736,74.2948,0.8
416,Consistent,5,72.1741,73.2344,1.0
416,Consistent,6,77.7197,75.2279,1.0
416,Consistent,7,73.906,74.6404,1.0
416,Consistent,8,76.1902,75.3292,1.0
416,Consistent,9,71.125,73.4607,1.0
416,Consistent,10,79.3219,76.0657,1.0
416,Consistent,11,69.0581,72.9512,1.0
416,Consistent,12,86.2278,78.8519,1.0
416,Consistent,13,86.1897,82.1132,1.0
416,Consistent,14,83.1635,82.58,1.0
416,Consistent,15,81.3774,82.0455,1.0
416,Consistent,16,74.5773,78.7263,1.0
416,Consistent,17,80.8327,79.6625,1.0
416,Consistent,18,74.5191,77.3765,1.0
416,Consistent,19,67.2324,72.868,1.0
416,Consistent,20,82.516,77.156,1.0
417,Consistent,1,80.6441,80.6441,0.2
417,Consistent,2,74.8433,76.0035,0.4
417,Consistent,3,68.8741,71.2505,0.6
417,Consistent,4,72.069,71.7182,0.8
417,Consistent,5,65.8943,68.8063,1.0
417,Consistent,6,79.7254,73.6592,1.0
417,Consistent,7,66.9835,70.6922,1.0
417,Consistent,8,76.4342,73.2442,1.0
417,Consistent,9,70.7815,72.1497,1.0
417,Consistent,10,67.8665,70.246,1.0
417,Consistent,11,76.1918,72.8886,1.0
417,Consistent,12,73.331,73.0852,1.0
417,Consistent,13,79.1909,75.7989,1.0
417,Consistent,14,68.662,72.6269,1.0
417,Consistent,15,71.2134,71.9987,1.0
417,Consistent,16,63.0618,68.0267,1.0
417,Consistent,17,64.0783,66.2719,1.0
417,Consistent,18,83.991,74.147,1.0
417,Consistent,19,85.418,79.1563,1.0
417,Consistent,20,75.4636,77.5151,1.0
418,Consistent,1,70.8809,70.8809,0.2
418,Consistent,2,73.5078,72.9824,0.4
418,Consistent,3,79.3679,77.2394,0.6
418,Consistent,4,72.4281,74.49,0.8
418,Consistent,5,76.1882,75.3391,1.0
418,Consistent,6,74.9362,75.16,1.0
418,Consistent,7,72.1559,73.8249,1.0
418,Consistent,8,72.369,73.1778,1.0
418,Consistent,9,76.4666,74.6395,1.0
418,Consistent,10,70.1156,72.6289,1.0
418,Consistent,11,77.2586,74.6865,1.0
418,Consistent,12,72.6421,73.7779,1.0
418,Consistent,13,75.6368,74.6041,1.0
418,Consistent,14,81.9198,77.8555,1.0
418,Consistent,15,74.159,76.2126,1.0
418,Consistent,16,79.599,77.7177,1.0
418,Consistent,17,66.0398,72.5275,1.0
418,Consistent,18,72.6482,72.5812,1.0
418,Consistent,19,75.1384,73.7177,1.0
418,Consistent,20,84.6167,78.5617,1.0
419,Consistent,1,65.2002,65.2002,0.2
419,Consistent,2,74.519,72.6552,0.4
419,Consistent,3,82.2834,79.074,0.6
419,Consistent,4,71.0749,74.5031,0.8
419,Consistent,5,73.9358,74.2195,1.0
419,Consistent,6,76.6587,75.3036,1.0
419,Consistent,7,75.9225,75.5787,1.0
419,Consistent,8,82.8289,78.801,1.0
419,Consistent,9,77.2424,78.1083,1.0
419,Consistent,10,81.6389,79.6774,1.0
419,Consistent,11,73.2,76.7985,1.0
419,Consistent,12,71.2974,74.3536,1.0
419,Consistent,13,73.8714,74.1393,1.0
419,Consistent,14,69.2045,71.946,1.0
419,Consistent,15,77.4176,74.3778,1.0
419,Consistent,16,73.0706,73.7968,1.0
419,Consistent,17,71.6411,72.8387,1.0
419,Consistent,18,77.4933,74.9074,1.0
419,Consistent,19,69.2814,72.407,1.0
419,Consistent,20,78.8525,75.2717,1.0
420,Consistent,1,72.6083,72.6083,0.2
420,Consistent,2,80.7955,79.158,0.4
420,Consistent,3,73.0363,75.0769,0.6
420,Consistent,4,78.1595,76.8384,0.8
420,Consistent,5,75.8978,76.3681,1.0
420,Consistent,6,78.7195,77.4132,1.0
420,Consistent,7,75.5497,76.585,1.0
420,Consistent,8,66.683,72.1841,1.0
420,Consistent,9,80.044,75.6774,1.0
420,Consistent,10,74.5616,75.1815,1.0
420,Consistent,11,78.9476,76.8553,1.0
420,Consistent,12,78.4512,77.5646,1.0
420,Consistent,13,71.1335,74.7063,1.0
420,Consistent,14,70.426,72.804,1.0
420,Consistent,15,78.2768,75.2363,1.0
420,Consistent,16,73.4838,74.4574,1.0
420,Consistent,17,79.6821,76.7795,1.0
420,Consistent,18,74.109,75.5926,1.0
420,Consistent,19,80.117,77.6035,1.0
420,Consistent,20,77.1165,77.3871,1.0
421,Consistent,1,76.4399,76.4399,0.2
421,Consistent,2,73.1299,73.7919,0.4
421,Consistent,3,76.1621,75.3721,0.6
421,Consistent,4,80.9643,78.5676,0.8
421,Consistent,5,74.7289,76.6483,1.0
421,Consistent,6,77.6559,77.0961,1.0
421,Consistent,7,75.2318,76.2675,1.0
421,Consistent,8,75.623,75.9811,1.0
421,Consistent,9,83.6171,79.3748,1.0
421,Consistent,10,81.0087,80.101,1.0
421,Consistent,11,75.397,78.0103,1.0
421,Consistent,12,76.0723,77.149,1.0
421,Consistent,13,71.4906,74.6342,1.0
421,Consistent,14,74.1351,74.4124,1.0
421,Consistent,15,76.547,75.3611,1.0
421,Consistent,16,79.2531,77.0909,1.0
421,Consistent,17,78.7461,77.8265,1.0
421,Consistent,18,69.4537,74.1053,1.0
421,Consistent,19,79.8849,76.674,1.0
421,Consistent,20,74.5561,75.7327,1.0
422,Consistent,1,70.065,70.065,0.2
422,Consistent,2,81.6819,79.3585,0.4
422,Consistent,3,82.3164,81.3304,0.6
422,Consistent,4,76.3187,78.4666,0.8
422,Consistent,5,78.544,78.5053,1.0
422,Consistent,6,78.8372,78.6528,1.0
422,Consistent,7,81.9789,80.1311,1.0
422,Consistent,8,78.6403,79.4685,1.0
422,Consistent,9,68.3616,74.5321,1.0
422,Consistent,10,85.049,79.2063,1.0
422,Consistent,11,80.3283,79.705,1.0
422,Consistent,12,72.4524,76.4816,1.0
422,Consistent,13,69.8519,73.535,1.0
422,Consistent,14,77.5241,75.3079,1.0
422,Consistent,15,73.6087,74.5527,1.0
422,Consistent,16,76.65,75.4848,1.0
422,Consistent,17,78.717,76.9214,1.0
422,Consistent,18,72.1678,74.8087,1.0
422,Consistent,19,69.4195,72.4135,1.0
422,Consistent,20,76.9291,74.4204,1.0
423,Consistent,1,72.3331,72.3331,0.2
423,Consistent,2,75.7305,75.051,0.4
423,Consistent,3,68.2834,70.5392,0.6
423,Consistent,4,73.7391,72.3677,0.8
423,Consistent,5,78.5748,75.4712,1.0
423,Consistent,6,78.0297,76.6083,1.0
423,Consistent,7,71.0582,74.1416,1.0
423,Consistent,8,69.1587,71.927,1.0
423,Consistent,9,75.0788,73.3278,1.0
423,Consistent,10,77.8052,75.3177,1.0
423,Consistent,11,77.0259,76.0769,1.0
423,Consistent,12,72.4392,74.4601,1.0
423,Consistent,13,76.4891,75.3619,1.0
423,Consistent,14,82.5118,78.5396,1.0
423,Consistent,15,76.0257,77.4223,1.0
423,Consistent,16,66.8343,72.7165,1.0
423,Consistent,17,76.016,74.183,1.0
423,Consistent,18,85.2198,79.0882,1.0
423,Consistent,19,68.563,74.4104,1.0
423,Consistent,20,75.1486,74.7385,1.0
424,Consistent,1,73.8683,73.8683,0.2
424,Consistent,2,75.4794,75.1572,0.4
424,Consistent,3,75.9713,75.6999,0.6
424,Consistent,4,80.6999,78.557,0.8
424,Consistent,5,75.4239,76.9905,1.0
424,Consistent,6,81.3863,78.9442,1.0
424,Consistent,7,74.4117,76.9297,1.0
424,Consistent,8,73.2493,75.294,1.0
424,Consistent,9,71.6541,73.6763,1.0
424,Consistent,10,65.9146,70.2266,1.0
424,Consistent,11,76.3789,72.961,1.0
424,Consistent,12,85.27,78.4316,1.0
424,Consistent,13,77.2912,77.9248,1.0
424,Consistent,14,78.4337,78.151,1.0
424,Consistent,15,72.9348,75.8327,1.0
424,Consistent,16,73.7783,74.9196,1.0
424,Consistent,17,79.9232,77.1435,1.0
424,Consistent,18,85.0435,80.6546,1.0
424,Consistent,19,82.4397,81.448,1.0
424,Consistent,20,79.0262,80.3716,1.0
425,Consistent,1,75.1758,75.1758,0.2
425,Consistent,2,76.0486,75.874,0.4
425,Consistent,3,71.2325,72.7797,0.6
425,Consistent,4,67.7592,69.9108,0.8
425,Consistent,5,69.366,69.6384,1.0
425,Consistent,6,75.249,72.132,1.0
425,Consistent,7,73.54,72.7578,1.0
425,Consistent,8,67.6528,70.4889,1.0
425,Consistent,9,74.8134,72.4109,1.0
425,Consistent,10,73.4078,72.854,1.0
425,Consistent,11,69.1358,71.2014,1.0
425,Consistent,12,73.1491,72.0671,1.0
425,Consistent,13,73.3952,72.6574,1.0
425,Consistent,14,71.9168,72.3282,1.0
425,Consistent,15,79.6334,75.575,1.0
425,Consistent,16,65.4855,71.0907,1.0
425,Consistent,17,65.071,68.4153,1.0
425,Consistent,18,75.0164,71.3491,1.0
425,Consistent,19,75.4806,73.1854,1.0
425,Consistent,20,77.0211,74.8901,1.0
426,Consistent,1,72.3051,72.3051,0.2
426,Consistent,2,70.4104,70.7893,0.4
426,Consistent,3,74.9634,73.5721,0.6
426,Consistent,4,72.7921,73.1264,0.8
426,Consistent,5,82.7554,77.9409,1.0
426,Consistent,6,73.3789,75.9133,1.0
426,Consistent,7,74.7341,75.3892,1.0
426,Consistent,8,87.3771,80.7172,1.0
426,Consistent,9,74.0262,77.7434,1.0
426,Consistent,10,77.7808,77.76,1.0
426,Consistent,11,78.2315,77.9696,1.0
426,Consistent,12,78.657,78.2751,1.0
426,Consistent,13,76.4474,77.4628,1.0
426,Consistent,14,75.9692,76.799,1.0
426,Consistent,15,75.5017,76.2224,1.0
426,Consistent,16,72.12,74.3991,1.0
426,Consistent,17,76.6276,75.3896,1.0
426,Consistent,18,85.1432,79.7245,1.0
426,Consistent,19,81.0534,80.3151,1.0
426,Consistent,20,76.5196,78.6282,1.0
427,Consistent,1,79.2791,79.2791,0.2
427,Consistent,2,70.6541,72.3791,0.4
427,Consistent,3,73.6974,73.258,0.6
427,Consistent,4,79.7392,76.9616,0.8
427,Consistent,5,82.4358,79.6987,1.0
427,Consistent,6,71.1457,75.8974,1.0
427,Consistent,7,72.5821,74.4239,1.0
427,Consistent,8,85.9069,79.5274,1.0
427,Consistent,9,75.4813,77.7292,1.0
427,Consistent,10,84.1168,80.5681,1.0
427,Consistent,11,76.0343,78.5531,1.0
427,Consistent,12,76.2309,77.521,1.0
427,Consistent,13,73.4725,75.7217,1.0
427,Consistent,14,79.7128,77.4955,1.0
427,Consistent,15,81.7889,79.4037,1.0
427,Consistent,16,69.825,75.1465,1.0
427,Consistent,17,73.2377,74.2982,1.0
427,Consistent,18,79.5754,76.6436,1.0
427,Consistent,19,74.3523,75.6252,1.0
427,Consistent,20,72.5331,74.2509,1.0
428,Consistent,1,80.0477,80.0477,0.2
428,Consistent,2,80.5173,80.4234,0.4
428,Consistent,3,72.7518,75.309,0.6
428,Consistent,4,76.0618,75.7392,0.8
428,Consistent,5,68.9576,72.3484,1.0
428,Consistent,6,70.5226,71.5369,1.0
428,Consistent,7,75.6208,73.352,1.0
428,Consistent,8,75.157,74.1542,1.0
428,Consistent,9,70.1656,72.3815,1.0
428,Consistent,10,71.4201,71.9542,1.0
428,Consistent,11,69.6748,70.9411,1.0
428,Consistent,12,77.2753,73.7563,1.0
428,Consistent,13,65.1618,69.9365,1.0
428,Consistent,14,69.9421,69.939,1.0
428,Consistent,15,65.6853,68.0485,1.0
428,Consistent,16,77.0951,72.0692,1.0
428,Consistent,17,65.9863,69.3657,1.0
428,Consistent,18,75.1586,71.9403,1.0
428,Consistent,19,83.1976,76.9436,1.0
428,Consistent,20,83.3672,79.7985,1.0
429,Consistent,1,65.9705,65.9705,0.2
429,Consistent,2,76.492,74.3877,0.4
429,Consistent,3,70.0551,71.4993,0.6
429,Consistent,4,69.0343,70.0908,0.8
429,Consistent,5,74.4327,72.2617,1.0
429,Consistent,6,81.1415,76.2083,1.0
429,Consistent,7,77.9983,77.0038,1.0
429,Consistent,8,71.4243,74.524,1.0
429,Consistent,9,78.5252,76.3023,1.0
429,Consistent,10,63.7815,70.7375,1.0
429,Consistent,11,71.2353,70.9587,1.0
429,Consistent,12,70.8805,70.924,1.0
429,Consistent,13,75.3916,72.9096,1.0
429,Consistent,14,73.9859,73.3879,1.0
429,Consistent,15,74.2926,73.79,1.0
429,Consistent,16,74.1264,73.9395,1.0
429,Consistent,17,75.112,74.4606,1.0
429,Consistent,18,77.7007,75.9006,1.0
429,Consistent,19,75.7467,75.8322,1.0
429,Consistent,20,73.5782,74.8304,1.0
430,Consistent,1,77.0087,77.0087,0.2
430,Consistent,2,79.1306,78.7062,0.4
430,Consistent,3,72.2199,74.382,0.6
430,Consistent,4,74.703,74.5654,0.8
430,Consistent,5,80.8095,77.6875,1.0
430,Consistent,6,69.4862,74.0425,1.0
430,Consistent,7,84.0235,78.4785,1.0
430,Consistent,8,68.3042,73.9566,1.0
430,Consistent,9,73.2732,73.6529,1.0
430,Consistent,10,70.2491,72.1401,1.0
430,Consistent,11,85.9396,78.2732,1.0
430,Consistent,12,72.4832,75.6999,1.0
430,Consistent,13,72.4958,74.2758,1.0
430,Consistent,14,73.1463,73.7738,1.0
430,Consistent,15,75.478,74.5312,1.0
430,Consistent,16,73.3578,74.0097,1.0
430,Consistent,17,74.3356,74.1545,1.0
430,Consistent,18,57.354,66.6876,1.0
430,Consistent,19,75.2858,70.509,1.0
430,Consistent,20,75.089,72.5446,1.0
431,Consistent,1,80.1928,80.1928,0.2
431,Consistent,2,81.5453,81.2748,0.4
431,Consistent,3,74.0615,76.4659,0.6
431,Consistent,4,79.0811,77.9603,0.8
431,Consistent,5,69.4922,73.7262,1.0
431,Consistent,6,78.8367,75.9976,1.0
431,Consistent,7,72.1376,74.282,1.0
431,Consistent,8,69.0765,71.9685,1.0
431,Consistent,9,74.0721,72.9034,1.0
431,Consistent,10,82.0024,76.9474,1.0
431,Consistent,11,75.905,76.4841,1.0
431,Consistent,12,82.4824,79.15,1.0
431,Consistent,13,71.2563,75.6417,1.0
431,Consistent,14,80.2393,77.6851,1.0
431,Consistent,15,71.7392,75.0425,1.0
431,Consistent,16,76.1266,75.5243,1.0
431,Consistent,17,76.0834,75.7728,1.0
431,Consistent,18,78.3075,76.8993,1.0
431,Consistent,19,76.2537,76.6124,1.0
431,Consistent,20,71.3041,74.2531,1.0
432,Consistent,1,79.4015,79.4015,0.2
432,Consistent,2,83.6583,82.8069,0.4
432,Consistent,3,72.081,75.6563,0.6
432,Consistent,4,65.8238,70.0378,0.8
432,Consistent,5,77.4966,73.7672,1.0
432,Consistent,6,73.3441,73.5791,1.0
432,Consistent,7,74.3445,73.9193,1.0
432,Consistent,8,77.7809,75.6356,1.0
432,Consistent,9,72.718,74.3389,1.0
432,Consistent,10,73.6557,74.0353,1.0
432,Consistent,11,74.4994,74.2415,1.0
432,Consistent,12,82.3488,77.8448,1.0
432,Consistent,13,75.1503,76.6472,1.0
432,Consistent,14,68.8216,73.1692,1.0
432,Consistent,15,69.0206,71.3254,1.0
432,Consistent,16,75.6961,73.2679,1.0
432,Consistent,17,69.3529,71.5279,1.0
432,Consistent,18,67.1885,69.5993,1.0
432,Consistent,19,78.1777,73.4119,1.0
432,Consistent,20,78.4225,75.6388,1.0
433,Consistent,1,73.1593,73.1593,0.2
433,Consistent,2,76.4683,75.8065,0.4
433,Consistent,3,75.9406,75.8959,0.6
433,Consistent,4,78.0121,77.1052,0.8
433,Consistent,5,78.0237,77.5645,1.0
433,Consistent,6,61.9711,70.6341,1.0
433,Consistent,7,73.7975,72.04,1.0
433,Consistent,8,77.5895,74.5065,1.0
433,Consistent,9,72.9477,73.8137,1.0
433,Consistent,10,75.181,74.4214,1.0
433,Consistent,11,78.7535,76.3468,1.0
433,Consistent,12,75.4046,75.928,1.0
433,Consistent,13,82.5396,78.8665,1.0
433,Consistent,14,80.6349,79.6525,1.0
433,Consistent,15,74.4072,77.3212,1.0
433,Consistent,16,74.0098,75.8495,1.0
433,Consistent,17,60.7484,69.1379,1.0
433,Consistent,18,73.3675,71.0177,1.0
433,Consistent,19,68.2337,69.7803,1.0
433,Consistent,20,76.1061,72.5918,1.0
434,Consistent,1,75.7644,75.7644,0.2
434,Consistent,2,78.4793,77.9363,0.4
434,Consistent,3,81.9834,80.6343,0.6
434,Consistent,4,74.8687,77.3397,0.8
434,Consistent,5,86.4021,81.8709,1.0
434,Consistent,6,76.1623,79.3337,1.0
434,Consistent,7,68.4489,74.496,1.0
434,Consistent,8,72.1896,73.471,1.0
434,Consistent,9,73.1363,73.3222,1.0
434,Consistent,10,77.9606,75.3837,1.0
434,Consistent,11,70.2638,73.1082,1.0
434,Consistent,12,73.5101,73.2868,1.0
434,Consistent,13,74.1948,73.6904,1.0
434,Consistent,14,72.7594,73.2766,1.0
434,Consistent,15,79.0571,75.8457,1.0
434,Consistent,16,78.2066,76.895,1.0
434,Consistent,17,80.8328,78.6451,1.0
434,Consistent,18,73.3449,76.2895,1.0
434,Consistent,19,81.0126,78.3887,1.0
434,Consistent,20,68.18,73.8515,1.0
435,Consistent,1,68.0581,68.0581,0.2
435,Consistent,2,68.931,68.7564,0.4
435,Consistent,3,75.0461,72.9495,0.6
435,Consistent,4,81.0119,77.5566,0.8
435,Consistent,5,71.9893,74.7729,1.0
435,Consistent,6,72.6165,73.8145,1.0
435,Consistent,7,73.9199,73.8614,1.0
435,Consistent,8,77.8641,75.6404,1.0
435,Consistent,9,72.6119,74.2944,1.0
435,Consistent,10,72.3329,73.4226,1.0
435,Consistent,11,68.273,71.1339,1.0
435,Consistent,12,72.1414,71.5817,1.0
435,Consistent,13,80.8873,75.7175,1.0
435,Consistent,14,75.4546,75.6007,1.0
435,Consistent,15,71.3007,73.6896,1.0
435,Consistent,16,81.1807,77.019,1.0
435,Consistent,17,72.0739,74.8212,1.0
435,Consistent,18,82.0998,78.0561,1.0
435,Consistent,19,82.018,79.817,1.0
435,Consistent,20,75.2801,77.8006,1.0
436,Consistent,1,67.5073,67.5073,0.2
436,Consistent,2,86.4475,82.6595,0.4
436,Consistent,3,76.9364,78.8441,0.6
436,Consistent,4,73.3806,75.7221,0.8
436,Consistent,5,79.7806,77.7514,1.0
436,Consistent,6,78.5115,78.0892,1.0
436,Consistent,7,81.5547,79.6294,1.0
436,Consistent,8,71.6883,76.1,1.0
436,Consistent,9,76.5924,76.3188,1.0
436,Consistent,10,69.0706,73.0974,1.0
436,Consistent,11,78.3317,75.4238,1.0
436,Consistent,12,74.8853,75.1844,1.0
436,Consistent,13,76.405,75.7269,1.0
436,Consistent,14,74.2683,75.0786,1.0
436,Consistent,15,73.7451,74.4859,1.0
436,Consistent,16,70.6588,72.785,1.0
436,Consistent,17,78.9522,75.526,1.0
436,Consistent,18,82.4485,78.6027,1.0
436,Consistent,19,72.2167,75.7644,1.0
436,Consistent,20,77.7677,76.6548,1.0
437,Consistent,1,77.1609,77.1609,0.2
437,Consistent,2,75.0405,75.4646,0.4
437,Consistent,3,67.367,70.0662,0.6
437,Consistent,4,68.492,69.1667,0.8
437,Consistent,5,71.0951,70.1309,1.0
437,Consistent,6,64.305,67.5416,1.0
437,Consistent,7,82.0402,73.9854,1.0
437,Consistent,8,76.8385,75.2534,1.0
437,Consistent,9,74.8502,75.0742,1.0
437,Consistent,10,64.0488,70.174,1.0
437,Consistent,11,65.8806,68.2659,1.0
437,Consistent,12,74.9883,71.2536,1.0
437,Consistent,13,84.8524,77.2975,1.0
437,Consistent,14,71.5068,74.7239,1.0
437,Consistent,15,79.319,76.7661,1.0
437,Consistent,16,72.6005,74.9147,1.0
437,Consistent,17,75.2762,75.0754,1.0
437,Consistent,18,81.0734,77.7412,1.0
437,Consistent,19,73.2702,75.7541,1.0
437,Consistent,20,71.5495,73.8854,1.0
438,Consistent,1,82.0904,82.0904,0.2
438,Consistent,2,75.2278,76.6003,0.4
438,Consistent,3,80.456,79.1708,0.6
438,Consistent,4,71.5738,74.8296,0.8
438,Consistent,5,82.0334,78.4315,1.0
438,Consistent,6,76.3681,77.5144,1.0
438,Consistent,7,77.1739,77.3631,1.0
438,Consistent,8,75.6581,76.6053,1.0
438,Consistent,9,72.4726,74.7686,1.0
438,Consistent,10,74.9916,74.8677,1.0
438,Consistent,11,72.787,73.943,1.0
438,Consistent,12,79.7977,76.5451,1.0
438,Consistent,13,73.9847,75.4071,1.0
438,Consistent,14,67.5175,71.9006,1.0
438,Consistent,15,66.6029,69.5461,1.0
438,Consistent,16,66.3664,68.1329,1.0
438,Consistent,17,78.0899,72.5582,1.0
438,Consistent,18,69.2425,71.0845,1.0
438,Consistent,19,76.5004,73.4916,1.0
438,Consistent,20,75.6829,74.4655,1.0
439,Consistent,1,74.6765,74.6765,0.2
439,Consistent,2,77.192,76.6889,0.4
439,Consistent,3,75.7915,76.0906,0.6
439,Consistent,4,61.4514,67.7253,0.8
439,Consistent,5,73.3819,70.5536,1.0
439,Consistent,6,77.1255,73.4745,1.0
439,Consistent,7,83.2014,77.7975,1.0
439,Consistent,8,83.4323,80.3019,1.0
439,Consistent,9,68.1842,74.9163,1.0
439,Consistent,10,73.2514,74.1763,1.0
439,Consistent,11,67.1694,71.0621,1.0
439,Consistent,12,82.5994,76.1898,1.0
439,Consistent,13,80.0643,77.9118,1.0
439,Consistent,14,76.7529,77.3968,1.0
439,Consistent,15,75.8305,76.7006,1.0
439,Consistent,16,81.9032,79.0129,1.0
439,Consistent,17,81.0566,79.9212,1.0
439,Consistent,18,80.7902,80.3074,1.0
439,Consistent,19,77.2834,78.9634,1.0
439,Consistent,20,73.2539,76.4258,1.0
440,Consistent,1,78.8356,78.8356,0.2
440,Consistent,2,79.0802,79.0313,0.4
440,Consistent,3,74.0468,75.7083,0.6
440,Consistent,4,73.2438,74.3,0.8
440,Consistent,5,80.6666,77.4833,1.0
440,Consistent,6,83.3206,80.0776,1.0
440,Consistent,7,71.253,76.1556,1.0
440,Consistent,8,73.6831,75.0567,1.0
440,Consistent,9,76.7547,75.8114,1.0
440,Consistent,10,77.433,76.5321,1.0
440,Consistent,11,72.3882,74.6903,1.0
440,Consistent,12,84.4176,79.0136,1.0
440,Consistent,13,77.1105,78.1678,1.0
440,Consistent,14,77.6569,77.9407,1.0
440,Consistent,15,83.7944,80.5424,1.0
440,Consistent,16,72.7547,77.0812,1.0
440,Consistent,17,74.5578,75.9597,1.0
440,Consistent,18,68.7334,72.748,1.0
440,Consistent,19,74.1382,73.3659,1.0
440,Consistent,20,67.5554,70.7834,1.0
441,Consistent,1,78.7392,78.7392,0.2
441,Consistent,2,77.1,77.4278,0.4
441,Consistent,3,73.6147,74.8857,0.6
441,Consistent,4,74.4979,74.6641,0.8
441,Consistent,5,78.8073,76.7357,1.0
441,Consistent,6,69.321,73.4403,1.0
441,Consistent,7,76.0208,74.5872,1.0
441,Consistent,8,78.4975,76.3251,1.0
441,Consistent,9,66.0886,71.7756,1.0
441,Consistent,10,78.4247,74.7307,1.0
441,Consistent,11,66.6297,71.1303,1.0
441,Consistent,12,74.412,72.5888,1.0
441,Consistent,13,69.183,71.0751,1.0
441,Consistent,14,82.1562,76.0001,1.0
441,Consistent,15,69.2144,72.9842,1.0
441,Consistent,16,66.7491,70.213,1.0
441,Consistent,17,75.6668,72.6369,1.0
441,Consistent,18,72.9315,72.7678,1.0
441,Consistent,19,67.477,70.4163,1.0
441,Consistent,20,77.6291,73.622,1.0
442,Consistent,1,65.0425,65.0425,0.2
442,Consistent,2,69.8188,68.8635,0.4
442,Consistent,3,72.1239,71.0371,0.6
442,Consistent,4,79.0111,75.5937,0.8
442,Consistent,5,81.4773,78.5355,1.0
442,Consistent,6,80.5139,79.4148,1.0
442,Consistent,7,74.2336,77.1121,1.0
442,Consistent,8,62.8635,70.7793,1.0
442,Consistent,9,76.9543,73.5238,1.0
442,Consistent,10,82.3529,77.4478,1.0
442,Consistent,11,81.169,79.1016,1.0
442,Consistent,12,77.3147,78.3075,1.0
442,Consistent,13,69.0525,74.1941,1.0
442,Consistent,14,72.3735,73.385,1.0
442,Consistent,15,84.6691,78.4001,1.0
442,Consistent,16,67.9164,73.7407,1.0
442,Consistent,17,69.2608,71.7496,1.0
442,Consistent,18,79.7128,75.2888,1.0
442,Consistent,19,72.8442,74.2023,1.0
442,Consistent,20,69.0912,71.9307,1.0
443,Consistent,1,82.6399,82.6399,0.2
443,Consistent,2,77.3053,78.3722,0.4
443,Consistent,3,73.091,74.8514,0.6
443,Consistent,4,69.2711,71.6627,0.8
443,Consistent,5,85.237,78.4499,1.0
443,Consistent,6,74.8777,76.8622,1.0
443,Consistent,7,81.9866,79.1398,1.0
443,Consistent,8,79.4682,79.2857,1.0
443,Consistent,9,72.3955,76.2234,1.0
443,Consistent,10,72.4353,74.5398,1.0
443,Consistent,11,82.2316,77.9584,1.0
443,Consistent,12,82.3126,79.8936,1.0
443,Consistent,13,65.6154,73.5477,1.0
443,Consistent,14,77.7489,75.4149,1.0
443,Consistent,15,74.3939,74.9611,1.0
443,Consistent,16,69.8334,72.6821,1.0
443,Consistent,17,76.3087,74.294,1.0
443,Consistent,18,68.252,71.6087,1.0
443,Consistent,19,72.6677,72.0793,1.0
443,Consistent,20,71.0076,71.603,1.0
444,Consistent,1,72.501,72.501,0.2
444,Consistent,2,74.6426,74.2143,0.4
444,Consistent,3,69.9222,71.3529,0.6
444,Consistent,4,82.8659,77.9317,0.8
444,Consistent,5,77.4664,77.6991,1.0
444,Consistent,6,83.9728,80.4874,1.0
444,Consistent,7,74.1996,77.6928,1.0
444,Consistent,8,72.2561,75.2765,1.0
444,Consistent,9,83.7921,79.0612,1.0
444,Consistent,10,72.1097,75.9716,1.0
444,Consistent,11,74.1085,75.1436,1.0
444,Consistent,12,78.6002,76.6799,1.0
444,Consistent,13,68.8114,73.1828,1.0
444,Consistent,14,78.5565,75.5711,1.0
444,Consistent,15,77.9167,76.6136,1.0
444,Consistent,16,81.3466,78.7172,1.0
444,Consistent,17,79.4502,79.043,1.0
444,Consistent,18,81.4999,80.1349,1.0
444,Consistent,19,74.4479,77.6074,1.0
444,Consistent,20,70.6866,74.5315,1.0
445,Consistent,1,85.5499,85.5499,0.2
445,Consistent,2,67.3665,71.0032,0.4
445,Consistent,3,67.8674,68.9127,0.6
445,Consistent,4,77.8256,74.0058,0.8
445,Consistent,5,83.1249,78.5654,1.0
445,Consistent,6,75.9478,77.402,1.0
445,Consistent,7,79.9965,78.5551,1.0
445,Consistent,8,65.021,72.5399,1.0
445,Consistent,9,72.5023,72.5232,1.0
445,Consistent,10,65.6303,69.4597,1.0
445,Consistent,11,78.9021,73.6563,1.0
445,Consistent,12,67.2638,70.8152,1.0
445,Consistent,13,68.6109,69.8355,1.0
445,Consistent,14,77.5701,73.2731,1.0
445,Consistent,15,80.3091,76.4002,1.0
445,Consistent,16,74.2052,75.4246,1.0
445,Consistent,17,77.8509,76.503,1.0
445,Consistent,18,77.6889,77.0301,1.0
445,Consistent,19,73.9229,75.6491,1.0
445,Consistent,20,69.5265,72.9279,1.0
446,Consistent,1,77.8245,77.8245,0.2
446,Consistent,2,78.0655,78.0173,0.4
446,Consistent,3,79.4701,78.9858,0.6
446,Consistent,4,76.5603,77.5998,0.8
446,Consistent,5,69.1575,73.3787,1.0
446,Consistent,6,78.4517,75.6333,1.0
446,Consistent,7,74.9931,75.3488,1.0
446,Consistent,8,72.5863,74.121,1.0
446,Consistent,9,73.5268,73.8569,1.0
446,Consistent,10,71.5487,72.8311,1.0
446,Consistent,11,79.4442,75.7702,1.0
446,Consistent,12,67.9094,72.2765,1.0
446,Consistent,13,70.0326,71.2792,1.0
446,Consistent,14,73.3561,72.2023,1.0
446,Consistent,15,83.0688,77.0318,1.0
446,Consistent,16,80.2714,78.4716,1.0
446,Consistent,17,66.7958,73.2824,1.0
446,Consistent,18,81.7567,77.0488,1.0
446,Consistent,19,81.7471,79.1369,1.0
446,Consistent,20,69.13,74.6894,1.0
447,Consistent,1,62.3927,62.3927,0.2
447,Consistent,2,74.6389,72.1897,0.4
447,Consistent,3,80.6121,77.8046,0.6
447,Consistent,4,82.9563,80.7484,0.8
447,Consistent,5,70.6459,75.6972,1.0
447,Consistent,6,83.7599,79.2806,1.0
447,Consistent,7,63.8603,72.4271,1.0
447,Consistent,8,73.1597,72.7527,1.0
447,Consistent,9,72.9139,72.8244,1.0
447,Consistent,10,80.7617,76.3521,1.0
447,Consistent,11,81.4915,78.6363,1.0
447,Consistent,12,79.7711,79.1406,1.0
447,Consistent,13,68.2472,74.2991,1.0
447,Consistent,14,79.3131,76.5276,1.0
447,Consistent,15,77.5452,76.9799,1.0
447,Consistent,16,66.6438,72.3861,1.0
447,Consistent,17,64.6649,68.9544,1.0
447,Consistent,18,80.1899,73.948,1.0
447,Consistent,19,74.0995,74.0153,1.0
447,Consistent,20,68.5741,71.597,1.0
448,Consistent,1,73.9591,73.9591,0.2
448,Consistent,2,76.8202,76.248,0.4
448,Consistent,3,74.5857,75.1398,0.6
448,Consistent,4,67.2401,70.6257,0.8
448,Consistent,5,84.4278,77.5267,1.0
448,Consistent,6,80.0211,78.6353,1.0
448,Consistent,7,73.3231,76.2743,1.0
448,Consistent,8,73.5245,75.0522,1.0
448,Consistent,9,76.7974,75.8279,1.0
448,Consistent,10,69.3519,72.9497,1.0
448,Consistent,11,76.6134,74.578,1.0
448,Consistent,12,68.3463,71.8084,1.0
448,Consistent,13,74.6473,73.0701,1.0
448,Consistent,14,69.1571,71.331,1.0
448,Consistent,15,69.4096,70.477,1.0
448,Consistent,16,83.2286,76.1444,1.0
448,Consistent,17,75.2961,75.7674,1.0
448,Consistent,18,76.037,75.8872,1.0
448,Consistent,19,64.9431,71.0232,1.0
448,Consistent,20,72.015,71.464,1.0
449,Consistent,1,77.3061,77.3061,0.2
449,Consistent,2,75.9707,76.2378,0.4
449,Consistent,3,64.2299,68.2325,0.6
449,Consistent,4,76.0357,72.6915,0.8
449,Consistent,5,76.8328,74.7621,1.0
449,Consistent,6,81.4188,77.7207,1.0
449,Consistent,7,71.7238,75.0554,1.0
449,Consistent,8,63.7897,70.0484,1.0
449,Consistent,9,70.0161,70.0341,1.0
449,Consistent,10,69.5147,69.8032,1.0
449,Consistent,11,78.6835,73.75,1.0
449,Consistent,12,61.4163,68.2684,1.0
449,Consistent,13,72.7582,70.2639,1.0
449,Consistent,14,82.129,75.5372,1.0
449,Consistent,15,75.0361,75.3145,1.0
449,Consistent,16,79.4816,77.1665,1.0
449,Consistent,17,66.791,72.5552,1.0
449,Consistent,18,66.9901,70.0818,1.0
449,Consistent,19,82.1862,75.4615,1.0
449,Consistent,20,75.5061,75.4813,1.0
450,Consistent,1,75.5164,75.5164,0.2
450,Consistent,2,69.4092,70.6307,0.4
450,Consistent,3,75.5039,73.8795,0.6
450,Consistent,4,69.2703,71.2457,0.8
450,Consistent,5,80.9344,76.09,1.0
450,Consistent,6,88.6392,81.6674,1.0
450,Consistent,7,77.4197,79.7795,1.0
450,Consistent,8,71.8253,76.2443,1.0
450,Consistent,9,62.3317,70.0609,1.0
450,Consistent,10,66.5777,68.5128,1.0
450,Consistent,11,82.7743,74.8513,1.0
450,Consistent,12,69.854,72.6303,1.0
450,Consistent,13,73.1458,72.8594,1.0
450,Consistent,14,78.2766,75.2671,1.0
450,Consistent,15,82.4114,78.4423,1.0
450,Consistent,16,74.0021,76.4689,1.0
450,Consistent,17,72.9767,74.9168,1.0
450,Consistent,18,75.3581,75.1129,1.0
450,Consistent,19,71.8618,73.668,1.0
450,Consistent,20,72.1309,72.9848,1.0
451,Consistent,1,77.0594,77.0594,0.2
451,Consistent,2,75.9265,76.153,0.4
451,Consistent,3,85.658,82.4897,0.6
451,Consistent,4,77.1942,79.4637,0.8
451,Consistent,5,80.7557,80.1097,1.0
451,Consistent,6,69.6436,75.4581,1.0
451,Consistent,7,77.6258,76.4215,1.0
451,Consistent,8,71.3851,74.1831,1.0
451,Consistent,9,76.9773,75.425,1.0
451,Consistent,10,78.4426,76.7661,1.0
451,Consistent,11,75.2493,76.092,1.0
451,Consistent,12,87.0366,80.9563,1.0
451,Consistent,13,82.1399,81.4823,1.0
451,Consistent,14,80.8862,81.2174,1.0
451,Consistent,15,78.8214,80.1525,1.0
451,Consistent,16,83.8168,81.7811,1.0
451,Consistent,17,67.8152,75.574,1.0
451,Consistent,18,81.8514,78.364,1.0
451,Consistent,19,70.0438,74.6661,1.0
451,Consistent,20,72.1783,73.5604,1.0
452,Consistent,1,77.807,77.807,0.2
452,Consistent,2,81.1661,80.4943,0.4
452,Consistent,3,69.2321,72.9862,0.6
452,Consistent,4,72.4373,72.6725,0.8
452,Consistent,5,75.4877,74.0801,1.0
452,Consistent,6,74.0682,74.0748,1.0
452,Consistent,7,79.2702,76.3838,1.0
452,Consistent,8,92.1796,83.4042,1.0
452,Consistent,9,77.0966,80.6008,1.0
452,Consistent,10,71.324,76.4778,1.0
452,Consistent,11,68.5175,72.9399,1.0
452,Consistent,12,73.3737,73.1327,1.0
452,Consistent,13,70.2988,71.8732,1.0
452,Consistent,14,77.3377,74.3019,1.0
452,Consistent,15,77.2601,75.6166,1.0
452,Consistent,16,72.6842,74.3133,1.0
452,Consistent,17,84.9248,79.0295,1.0
452,Consistent,18,71.3228,75.6043,1.0
452,Consistent,19,74.4028,75.0703,1.0
452,Consistent,20,78.1958,76.4594,1.0
453,Consistent,1,79.4603,79.4603,0.2
453,Consistent,2,81.3879,81.0024,0.4
453,Consistent,3,77.1425,78.4291,0.6
453,Consistent,4,80.2546,79.4722,0.8
453,Consistent,5,71.6745,75.5733,1.0
453,Consistent,6,79.5904,77.3587,1.0
453,Consistent,7,79.5236,78.3209,1.0
453,Consistent,8,82.5644,80.2069,1.0
453,Consistent,9,66.6578,74.1851,1.0
453,Consistent,10,70.4641,72.5313,1.0
453,Consistent,11,79.1157,75.4577,1.0
453,Consistent,12,61.7432,69.3624,1.0
453,Consistent,13,77.46,72.9613,1.0
453,Consistent,14,80.299,76.2225,1.0
453,Consistent,15,72.1181,74.3983,1.0
453,Consistent,16,72.849,73.7098,1.0
453,Consistent,17,69.6293,71.8962,1.0
453,Consistent,18,72.3923,72.1167,1.0
453,Consistent,19,72.5372,72.3036,1.0
453,Consistent,20,71.5858,71.9846,1.0
454,Consistent,1,71.3116,71.3116,0.2
454,Consistent,2,73.645,73.1783,0.4
454,Consistent,3,73.5845,73.4491,0.6
454,Consistent,4,84.3707,79.69,0.8
454,Consistent,5,73.0291,76.3595,1.0
454,Consistent,6,76.7208,76.5201,1.0
454,Consistent,7,72.1156,74.5625,1.0
454,Consistent,8,72.052,73.4467,1.0
454,Consistent,9,66.4781,70.3496,1.0
454,Consistent,10,67.1432,68.9245,1.0
454,Consistent,11,68.965,68.9425,1.0
454,Consistent,12,75.9185,72.0429,1.0
454,Consistent,13,80.3809,75.7487,1.0
454,Consistent,14,66.0667,71.4456,1.0
454,Consistent,15,72.2546,71.8051,1.0
454,Consistent,16,68.1655,70.1875,1.0
454,Consistent,17,73.6786,71.7391,1.0
454,Consistent,18,80.3788,75.579,1.0
454,Consistent,19,72.7656,74.3286,1.0
454,Consistent,20,74.7624,74.5214,1.0
455,Consistent,1,82.2761,82.2761,0.2
455,Consistent,2,77.2895,78.2868,0.4
455,Consistent,3,71.1995,73.562,0.6
455,Consistent,4,75.7946,74.8377,0.8
455,Consistent,5,70.8623,72.85,1.0
455,Consistent,6,77.1024,74.74,1.0
455,Consistent,7,77.5767,76.0007,1.0
455,Consistent,8,68.1642,72.5178,1.0
455,Consistent,9,75.8757,74.0102,1.0
455,Consistent,10,74.4121,74.1889,1.0
455,Consistent,11,77.7234,75.7598,1.0
455,Consistent,12,79.1567,77.2695,1.0
455,Consistent,13,77.3872,77.3218,1.0
455,Consistent,14,73.484,75.6162,1.0
455,Consistent,15,79.6667,77.4164,1.0
455,Consistent,16,70.6347,74.4023,1.0
455,Consistent,17,68.3974,71.7334,1.0
455,Consistent,18,59.0236,66.0846,1.0
455,Consistent,19,74.6493,69.8911,1.0
455,Consistent,20,70.8923,70.3361,1.0
456,Consistent,1,76.9888,76.9888,0.2
456,Consistent,2,65.1439,67.5128,0.4
456,Consistent,3,71.7641,70.347,0.6
456,Consistent,4,77.3513,74.3495,0.8
456,Consistent,5,69.8508,72.1002,1.0
456,Consistent,6,77.0463,74.2984,1.0
456,Consistent,7,72.2149,73.3724,1.0
456,Consistent,8,74.836,74.0229,1.0
456,Consistent,9,77.9758,75.7797,1.0
456,Consistent,10,79.764,77.5505,1.0
456,Consistent,11,75.4625,76.6225,1.0
456,Consistent,12,70.9299,74.0925,1.0
456,Consistent,13,72.7098,73.478,1.0
456,Consistent,14,78.1848,75.5699,1.0
456,Consistent,15,69.8937,73.0471,1.0
456,Consistent,16,74.1097,73.5194,1.0
456,Consistent,17,73.0706,73.3199,1.0
456,Consistent,18,74.4832,73.8369,1.0
456,Consistent,19,69.9536,72.111,1.0
456,Consistent,20,65.7403,69.2796,1.0
457,Consistent,1,77.6037,77.6037,0.2
457,Consistent,2,79.8207,79.3773,0.4
457,Consistent,3,66.0391,70.4852,0.6
457,Consistent,4,76.8446,74.1191,0.8
457,Consistent,5,80.4159,77.2675,1.0
457,Consistent,6,77.9796,77.584,1.0
457,Consistent,7,72.9166,75.5096,1.0
457,Consistent,8,70.2825,73.1865,1.0
457,Consistent,9,75.4049,74.1724,1.0
457,Consistent,10,76.2389,75.0909,1.0
457,Consistent,11,75.479,75.2634,1.0
457,Consistent,12,74.0993,74.746,1.0
457,Consistent,13,69.5867,72.453,1.0
457,Consistent,14,77.1134,74.5243,1.0
457,Consistent,15,77.3543,75.7821,1.0
457,Consistent,16,76.0041,75.8808,1.0
457,Consistent,17,75.555,75.736,1.0
457,Consistent,18,83.3962,79.1405,1.0
457,Consistent,19,71.8781,75.9128,1.0
457,Consistent,20,81.4072,78.3547,1.0
458,Consistent,1,71.3299,71.3299,0.2
458,Consistent,2,80.5448,78.7018,0.4
458,Consistent,3,81.1668,80.3452,0.6
458,Consistent,4,73.5347,76.4535,0.8
458,Consistent,5,83.3048,79.8792,1.0
458,Consistent,6,77.3452,78.7529,1.0
458,Consistent,7,70.6136,75.1355,1.0
458,Consistent,8,73.1292,74.2438,1.0
458,Consistent,9,80.6638,77.0971,1.0
458,Consistent,10,79.6153,78.2163,1.0
458,Consistent,11,69.7098,74.4357,1.0
458,Consistent,12,74.3037,74.377,1.0
458,Consistent,13,76.0176,75.1062,1.0
458,Consistent,14,72.462,73.931,1.0
458,Consistent,15,86.789,79.6457,1.0
458,Consistent,16,76.1683,78.1002,1.0
458,Consistent,17,74.6909,76.585,1.0
458,Consistent,18,80.9543,78.5269,1.0
458,Consistent,19,73.1739,76.1478,1.0
458,Consistent,20,80.0371,77.8764,1.0
459,Consistent,1,66.6613,66.6613,0.2
459,Consistent,2,72.7317,71.5177,0.4
459,Consistent,3,80.2454,77.3361,0.6
459,Consistent,4,82.851,80.4875,0.8
459,Consistent,5,71.1335,75.8105,1.0
459,Consistent,6,70.5509,73.4729,1.0
459,Consistent,7,77.8372,75.4126,1.0
459,Consistent,8,71.8848,73.8447,1.0
459,Consistent,9,73.6571,73.7613,1.0
459,Consistent,10,79.382,76.2594,1.0
459,Consistent,11,72.2795,74.4906,1.0
459,Consistent,12,65.1729,70.3494,1.0
459,Consistent,13,68.4946,69.525,1.0
459,Consistent,14,75.0498,71.9805,1.0
459,Consistent,15,65.6829,69.1815,1.0
459,Consistent,16,73.5142,71.1072,1.0
459,Consistent,17,68.0395,69.7438,1.0
459,Consistent,18,83.1997,75.7242,1.0
459,Consistent,19,85.8257,80.2137,1.0
459,Consistent,20,69.709,75.545,1.0
460,Consistent,1,76.2838,76.2838,0.2
460,Consistent,2,70.198,71.4151,0.4
460,Consistent,3,73.4534,72.774,0.6
460,Consistent,4,84.0173,79.1988,0.8
460,Consistent,5,72.6666,75.9327,1.0
460,Consistent,6,73.5698,74.8825,1.0
460,Consistent,7,70.2874,72.8402,1.0
460,Consistent,8,80.7309,76.3472,1.0
460,Consistent,9,58.6837,68.4967,1.0
460,Consistent,10,72.786,70.4031,1.0
460,Consistent,11,74.7706,72.3442,1.0
460,Consistent,12,71.6946,72.0555,1.0
460,Consistent,13,79.3177,75.2832,1.0
460,Consistent,14,81.0101,77.8285,1.0
460,Consistent,15,67.9398,73.4335,1.0
460,Consistent,16,85.4674,78.7819,1.0
460,Consistent,17,67.8837,73.9383,1.0
460,Consistent,18,81.4432,77.2738,1.0
460,Consistent,19,75.7491,76.5962,1.0
460,Consistent,20,72.4815,74.7674,1.0
461,Consistent,1,72.9532,72.9532,0.2
461,Consistent,2,74.8324,74.4566,0.4
461,Consistent,3,76.0421,75.5136,0.6
461,Consistent,4,70.3992,72.5911,0.8
461,Consistent,5,73.8303,73.2107,1.0
461,Consistent,6,71.1466,72.2933,1.0
461,Consistent,7,68.9248,70.7962,1.0
461,Consistent,8,70.9134,70.8483,1.0
461,Consistent,9,69.2501,70.138,1.0
461,Consistent,10,72.8992,71.3652,1.0
461,Consistent,11,77.1624,73.9417,1.0
461,Consistent,12,75.6036,74.6803,1.0
461,Consistent,13,84.8717,79.2098,1.0
461,Consistent,14,63.9477,72.4267,1.0
461,Consistent,15,77.3467,74.6134,1.0
461,Consistent,16,75.0321,74.7995,1.0
461,Consistent,17,79.0784,76.7012,1.0
461,Consistent,18,78.5823,77.5373,1.0
461,Consistent,19,74.175,76.0429,1.0
461,Consistent,20,75.8633,75.9631,1.0
462,Consistent,1,71.2797,71.2797,0.2
462,Consistent,2,78.0684,76.7107,0.4
462,Consistent,3,65.6056,69.3073,0.6
462,Consistent,4,78.8841,74.7798,0.8
462,Consistent,5,74.8841,74.832,1.0
462,Consistent,6,72.5647,73.8243,1.0
462,Consistent,7,73.8373,73.8301,1.0
462,Consistent,8,74.204,73.9963,1.0
462,Consistent,9,81.4865,77.3253,1.0
462,Consistent,10,91.1675,83.4774,1.0
462,Consistent,11,81.0994,82.4205,1.0
462,Consistent,12,72.1734,77.8662,1.0
462,Consistent,13,78.1489,77.9919,1.0
462,Consistent,14,78.3666,78.1584,1.0
462,Consistent,15,70.3742,74.6988,1.0
462,Consistent,16,68.696,72.0309,1.0
462,Consistent,17,74.6836,73.2099,1.0
462,Consistent,18,79.0385,75.8004,1.0
462,Consistent,19,66.941,71.8629,1.0
462,Consistent,20,71.3955,71.6552,1.0
463,Consistent,1,77.8633,77.8633,0.2
463,Consistent,2,75.2086,75.7395,0.4
463,Consistent,3,82.0814,79.9674,0.6
463,Consistent,4,67.9432,73.0964,0.8
463,Consistent,5,86.7608,79.9286,1.0
463,Consistent,6,67.31,74.3204,1.0
463,Consistent,7,64.8542,70.1132,1.0
463,Consistent,8,74.7054,72.1542,1.0
463,Consistent,9,69.3277,70.898,1.0
463,Consistent,10,74.8062,72.635,1.0
463,Consistent,11,74.6314,73.5223,1.0
463,Consistent,12,74.0211,73.744,1.0
463,Consistent,13,70.7879,72.4302,1.0
463,Consistent,14,77.1633,74.5338,1.0
463,Consistent,15,73.4133,74.0358,1.0
463,Consistent,16,80.5183,76.9169,1.0
463,Consistent,17,74.0981,75.6641,1.0
463,Consistent,18,70.1768,73.2253,1.0
463,Consistent,19,66.5614,70.2636,1.0
463,Consistent,20,74.1395,71.9862,1.0
464,Consistent,1,68.654,68.654,0.2
464,Consistent,2,68.2502,68.3309,0.4
464,Consistent,3,77.6373,74.5352,0.6
464,Consistent,4,66.1116,69.7217,0.8
464,Consistent,5,82.061,75.8913,1.0
464,Consistent,6,75.7986,75.8501,1.0
464,Consistent,7,74.7808,75.3749,1.0
464,Consistent,8,69.8262,72.9088,1.0
464,Consistent,9,78.8219,75.5368,1.0
464,Consistent,10,74.9855,75.2918,1.0
464,Consistent,11,71.5695,73.6374,1.0
464,Consistent,12,75.9991,74.6871,1.0
464,Consistent,13,66.5861,71.0866,1.0
464,Consistent,14,66.8234,69.1918,1.0
464,Consistent,15,69.3991,69.2839,1.0
464,Consistent,16,76.7476,72.6011,1.0
464,Consistent,17,74.9837,73.6601,1.0
464,Consistent,18,80.2449,76.5867,1.0
464,Consistent,19,70.4001,73.8371,1.0
464,Consistent,20,77.8733,75.631,1.0
465,Consistent,1,74.4306,74.4306,0.2
465,Consistent,2,70.2848,71.1139,0.4
465,Consistent,3,76.9265,74.989,0.6
465,Consistent,4,74.6699,74.8067,0.8
465,Consistent,5,71.8544,73.3305,1.0
465,Consistent,6,75.21,74.1659,1.0
465,Consistent,7,74.3523,74.2487,1.0
465,Consistent,8,74.2316,74.2411,1.0
465,Consistent,9,72.937,73.6615,1.0
465,Consistent,10,68.4753,71.3565,1.0
465,Consistent,11,75.3738,73.142,1.0
465,Consistent,12,70.9864,72.184,1.0
465,Consistent,13,69.8984,71.1681,1.0
465,Consistent,14,73.7965,72.3363,1.0
465,Consistent,15,78.6701,75.1513,1.0
465,Consistent,16,75.9281,75.4965,1.0
465,Consistent,17,72.3443,74.0955,1.0
465,Consistent,18,72.1433,73.2279,1.0
465,Consistent,19,78.1791,75.4284,1.0
465,Consistent,20,63.0163,69.9119,1.0
466,Consistent,1,78.9868,78.9868,0.2
466,Consistent,2,65.6299,68.3013,0.4
466,Consistent,3,67.923,68.0491,0.6
466,Consistent,4,72.4287,70.5517,0.8
466,Consistent,5,85.8506,78.2012,1.0
466,Consistent,6,83.3871,80.506,1.0
466,Consistent,7,78.5324,79.6289,1.0
466,Consistent,8,76.7827,78.3639,1.0
466,Consistent,9,65.6886,72.7304,1.0
466,Consistent,10,75.7838,74.0875,1.0
466,Consistent,11,72.2539,73.2726,1.0
466,Consistent,12,70.9167,72.2255,1.0
466,Consistent,13,75.774,73.8026,1.0
466,Consistent,14,72.6444,73.2879,1.0
466,Consistent,15,79.3465,75.9806,1.0
466,Consistent,16,65.3202,71.2427,1.0
466,Consistent,17,75.3751,73.0793,1.0
466,Consistent,18,70.6045,71.9794,1.0
466,Consistent,19,72.9518,72.4116,1.0
466,Consistent,20,76.5231,74.2389,1.0
467,Consistent,1,69.4135,69.4135,0.2
467,Consistent,2,75.8212,74.5396,0.4
467,Consistent,3,73.9383,74.1387,0.6
467,Consistent,4,71.6971,72.7435,0.8
467,Consistent,5,72.6471,72.6953,1.0
467,Consistent,6,74.2272,73.3762,1.0
467,Consistent,7,71.1608,72.3916,1.0
467,Consistent,8,75.0355,73.5666,1.0
467,Consistent,9,73.6091,73.5855,1.0
467,Consistent,10,71.9436,72.8558,1.0
467,Consistent,11,82.9492,77.3417,1.0
467,Consistent,12,77.0762,77.2237,1.0
467,Consistent,13,73.0864,75.3849,1.0
467,Consistent,14,75.7293,75.538,1.0
467,Consistent,15,69.8659,73.0171,1.0
467,Consistent,16,72.8161,72.9278,1.0
467,Consistent,17,73.3996,73.1375,1.0
467,Consistent,18,68.766,71.1946,1.0
467,Consistent,19,76.9368,73.7467,1.0
467,Consistent,20,72.4719,73.1801,1.0
468,Consistent,1,73.2227,73.2227,0.2
468,Consistent,2,72.1564,72.3697,0.4
468,Consistent,3,89.7955,83.9869,0.6
468,Consistent,4,71.6869,76.9583,0.8
468,Consistent,5,64.6566,70.8075,1.0
468,Consistent,6,67.0003,69.1154,1.0
468,Consistent,7,78.7965,73.4181,1.0
468,Consistent,8,81.6823,77.0911,1.0
468,Consistent,9,71.591,74.6466,1.0
468,Consistent,10,81.3947,77.6458,1.0
468,Consistent,11,78.7079,78.1179,1.0
468,Consistent,12,74.0526,76.3111,1.0
468,Consistent,13,73.6978,75.1496,1.0
468,Consistent,14,75.9044,75.485,1.0
468,Consistent,15,79.3873,77.2194,1.0
468,Consistent,16,76.9865,77.1159,1.0
468,Consistent,17,71.616,74.6715,1.0
468,Consistent,18,74.129,74.4304,1.0
468,Consistent,19,84.9063,79.0863,1.0
468,Consistent,20,76.2561,77.8284,1.0
469,Consistent,1,79.3466,79.3466,0.2
469,Consistent,2,77.6994,78.0289,0.4
469,Consistent,3,76.3668,76.9208,0.6
469,Consistent,4,75.5435,76.1338,0.8
469,Consistent,5,79.487,77.8104,1.0
469,Consistent,6,78.5932,78.1583,1.0
469,Consistent,7,76.3195,77.341,1.0
469,Consistent,8,71.5312,74.7589,1.0
469,Consistent,9,76.9278,75.7228,1.0
469,Consistent,10,74.665,75.2527,1.0
469,Consistent,11,73.4587,74.4554,1.0
469,Consistent,12,88.3939,80.6503,1.0
469,Consistent,13,67.3047,74.7189,1.0
469,Consistent,14,79.7926,76.9739,1.0
469,Consistent,15,70.6866,74.1795,1.0
469,Consistent,16,75.656,74.8357,1.0
469,Consistent,17,87.8429,80.6167,1.0
469,Consistent,18,70.1882,75.9818,1.0
469,Consistent,19,71.3806,73.9368,1.0
469,Consistent,20,74.9124,74.3704,1.0
470,Consistent,1,70.7639,70.7639,0.2
470,Consistent,2,79.4203,77.689,0.4
470,Consistent,3,72.3274,74.1146,0.6
470,Consistent,4,78.27,76.4891,0.8
470,Consistent,5,68.3541,72.4216,1.0
470,Consistent,6,65.9658,69.5524,1.0
470,Consistent,7,73.8551,71.4647,1.0
470,Consistent,8,67.1575,69.5504,1.0
470,Consistent,9,82.5913,75.3464,1.0
470,Consistent,10,67.351,71.7929,1.0
470,Consistent,11,69.8116,70.9123,1.0
470,Consistent,12,77.0681,73.6482,1.0
470,Consistent,13,72.0682,72.946,1.0
470,Consistent,14,67.4081,70.4847,1.0
470,Consistent,15,85.1998,77.0247,1.0
470,Consistent,16,69.9918,73.899,1.0
470,Consistent,17,74.0187,73.9522,1.0
470,Consistent,18,73.954,73.953,1.0
470,Consistent,19,78.5515,75.9968,1.0
470,Consistent,20,77.3118,76.5812,1.0
471,Consistent,1,70.866,70.866,0.2
471,Consistent,2,73.3709,72.8699,0.4
471,Consistent,3,73.8654,73.5336,0.6
471,Consistent,4,78.7448,76.5114,0.8
471,Consistent,5,69.1584,72.8349,1.0
471,Consistent,6,85.0906,78.2819,1.0
471,Consistent,7,71.2041,75.1362,1.0
471,Consistent,8,74.9563,75.0562,1.0
471,Consistent,9,69.2001,72.4535,1.0
471,Consistent,10,68.5092,70.7005,1.0
471,Consistent,11,70.6279,70.6682,1.0
471,Consistent,12,70.1474,70.4367,1.0
471,Consistent,13,72.9287,71.5443,1.0
471,Consistent,14,70.1052,70.9047,1.0
471,Consistent,15,78.4778,74.2705,1.0
471,Consistent,16,71.0851,72.8548,1.0
471,Consistent,17,70.5309,71.8219,1.0
471,Consistent,18,73.0352,72.3611,1.0
471,Consistent,19,79.9642,75.7403,1.0
471,Consistent,20,76.0744,75.8888,1.0
472,Consistent,1,74.5016,74.5016,0.2
472,Consistent,2,67.8348,69.1681,0.4
472,Consistent,3,69.2865,69.247,0.6
472,Consistent,4,68.608,68.8818,0.8
472,Consistent,5,81.5343,75.208,1.0
472,Consistent,6,77.6528,76.2946,1.0
472,Consistent,7,70.6919,73.8045,1.0
472,Consistent,8,72.1781,73.0817,1.0
472,Consistent,9,70.8735,72.1003,1.0
472,Consistent,10,70.5707,71.4205,1.0
472,Consistent,11,77.3015,74.0343,1.0
472,Consistent,12,73.5623,73.8245,1.0
472,Consistent,13,85.4058,78.9718,1.0
472,Consistent,14,81.2518,79.9851,1.0
472,Consistent,15,81.5474,80.6795,1.0
472,Consistent,16,78.3568,79.6472,1.0
472,Consistent,17,72.8867,76.6425,1.0
472,Consistent,18,77.989,77.2409,1.0
472,Consistent,19,73.2558,75.4698,1.0
472,Consistent,20,83.1514,78.8838,1.0
473,Consistent,1,77.0214,77.0214,0.2
473,Consistent,2,76.3118,76.4537,0.4
473,Consistent,3,75.6354,75.9081,0.6
473,Consistent,4,83.7013,80.3614,0.8
473,Consistent,5,67.8312,74.0963,1.0
473,Consistent,6,84.1914,78.583,1.0
473,Consistent,7,74.0692,76.5769,1.0
473,Consistent,8,67.9693,72.7513,1.0
473,Consistent,9,71.239,72.0791,1.0
473,Consistent,10,66.746,69.7088,1.0
473,Consistent,11,78.2683,73.513,1.0
473,Consistent,12,69.8085,71.8666,1.0
473,Consistent,13,75.8433,73.634,1.0
473,Consistent,14,80.6711,76.7616,1.0
473,Consistent,15,71.6399,74.4853,1.0
473,Consistent,16,73.6595,74.1183,1.0
473,Consistent,17,68.4832,71.6138,1.0
473,Consistent,18,73.0582,72.2558,1.0
473,Consistent,19,87.8701,79.1955,1.0
473,Consistent,20,78.8897,79.0596,1.0
474,Consistent,1,73.6763,73.6763,0.2
474,Consistent,2,71.9416,72.2885,0.4
474,Consistent,3,74.7868,73.9541,0.6
474,Consistent,4,75.6503,74.9233,0.8
474,Consistent,5,72.9047,73.914,1.0
474,Consistent,6,77.6503,75.5746,1.0
474,Consistent,7,70.2328,73.2004,1.0
474,Consistent,8,70.2081,71.8705,1.0
474,Consistent,9,76.851,74.084,1.0
474,Consistent,10,69.1568,71.8942,1.0
474,Consistent,11,78.6451,74.8946,1.0
474,Consistent,12,74.9286,74.9097,1.0
474,Consistent,13,65.8605,70.8878,1.0
474,Consistent,14,75.5475,72.9588,1.0
474,Consistent,15,66.5743,70.1212,1.0
474,Consistent,16,78.4668,73.8304,1.0
474,Consistent,17,73.7564,73.7975,1.0
474,Consistent,18,84.2554,78.4455,1.0
474,Consistent,19,80.3566,79.2948,1.0
474,Consistent,20,69.6965,75.0289,1.0
475,Consistent,1,64.8963,64.8963,0.2
475,Consistent,2,71.2245,69.9589,0.4
475,Consistent,3,68.8937,69.2488,0.6
475,Consistent,4,84.1287,77.7516,0.8
475,Consistent,5,74.9484,76.35,1.0
475,Consistent,6,79.6671,77.8243,1.0
475,Consistent,7,73.5748,75.9356,1.0
475,Consistent,8,74.1017,75.1205,1.0
475,Consistent,9,74.8369,74.9945,1.0
475,Consistent,10,80.5327,77.4559,1.0
475,Consistent,11,76.5581,77.0569,1.0
475,Consistent,12,69.7133,73.7931,1.0
475,Consistent,13,83.1126,77.9351,1.0
475,Consistent,14,73.5359,75.9799,1.0
475,Consistent,15,72.7224,74.5321,1.0
475,Consistent,16,60.8525,68.4523,1.0
475,Consistent,17,78.172,72.7722,1.0
475,Consistent,18,75.5051,73.9868,1.0
475,Consistent,19,75.4996,74.6592,1.0
475,Consistent,20,72.9859,73.9155,1.0
476,Consistent,1,72.1239,72.1239,0.2
476,Consistent,2,73.1521,72.9465,0.4
476,Consistent,3,77.3158,75.8594,0.6
476,Consistent,4,78.1956,77.1943,0.8
476,Consistent,5,73.8448,75.5196,1.0
476,Consistent,6,79.7447,77.3974,1.0
476,Consistent,7,74.6051,76.1564,1.0
476,Consistent,8,72.4789,74.5219,1.0
476,Consistent,9,75.9921,75.1753,1.0
476,Consistent,10,68.2031,72.0765,1.0
476,Consistent,11,76.1636,73.893,1.0
476,Consistent,12,67.2891,70.9579,1.0
476,Consistent,13,69.8614,70.4706,1.0
476,Consistent,14,64.9065,67.9977,1.0
476,Consistent,15,74.1244,70.7207,1.0
476,Consistent,16,83.0482,76.1996,1.0
476,Consistent,17,74.4146,75.4063,1.0
476,Consistent,18,78.2179,76.6559,1.0
476,Consistent,19,86.7616,81.1473,1.0
476,Consistent,20,77.0203,79.3131,1.0
477,Consistent,1,71.1739,71.1739,0.2
477,Consistent,2,71.8622,71.7245,0.4
477,Consistent,3,75.0033,73.9104,0.6
477,Consistent,4,71.8355,72.7247,0.8
477,Consistent,5,72.2096,72.4672,1.0
477,Consistent,6,79.9263,75.7823,1.0
477,Consistent,7,80.1308,77.715,1.0
477,Consistent,8,66.7655,72.8486,1.0
477,Consistent,9,70.9092,71.9866,1.0
477,Consistent,10,72.68,72.2948,1.0
477,Consistent,11,77.9954,74.8284,1.0
477,Consistent,12,80.7154,77.4448,1.0
477,Consistent,13,88.5098,82.3626,1.0
477,Consistent,14,72.6716,78.0555,1.0
477,Consistent,15,72.9214,75.7737,1.0
477,Consistent,16,77.9429,76.7377,1.0
477,Consistent,17,71.5889,74.4494,1.0
477,Consistent,18,74.2952,74.3809,1.0
477,Consistent,19,72.9248,73.7337,1.0
477,Consistent,20,61.8917,68.4706,1.0
478,Consistent,1,75.6162,75.6162,0.2
478,Consistent,2,74.0882,74.3938,0.4
478,Consistent,3,81.3562,79.0354,0.6
478,Consistent,4,75.0275,76.7451,0.8
478,Consistent,5,68.7263,72.7357,1.0
478,Consistent,6,73.7095,73.1685,1.0
478,Consistent,7,64.5446,69.3356,1.0
478,Consistent,8,68.9454,69.1622,1.0
478,Consistent,9,78.1775,73.169,1.0
478,Consistent,10,73.7633,73.4331,1.0
478,Consistent,11,79.6125,76.1795,1.0
478,Consistent,12,65.1655,71.2844,1.0
478,Consistent,13,73.7877,72.397,1.0
478,Consistent,14,72.6224,72.4972,1.0
478,Consistent,15,79.7792,75.7337,1.0
478,Consistent,16,78.3638,76.9026,1.0
478,Consistent,17,78.2113,77.4842,1.0
478,Consistent,18,82.7071,79.8055,1.0
478,Consistent,19,73.1596,76.8517,1.0
478,Consistent,20,81.6754,78.9956,1.0
479,Consistent,1,69.779,69.779,0.2
479,Consistent,2,69.5956,69.6323,0.4
479,Consistent,3,78.7637,75.7199,0.6
479,Consistent,4,67.4763,71.0093,0.8
479,Consistent,5,77.8638,74.4366,1.0
479,Consistent,6,75.5066,74.9121,1.0
479,Consistent,7,80.3593,77.3331,1.0
479,Consistent,8,74.7028,76.1641,1.0
479,Consistent,9,75.2802,75.7712,1.0
479,Consistent,10,77.5463,76.5602,1.0
479,Consistent,11,71.6868,74.3942,1.0
479,Consistent,12,71.469,73.0941,1.0
479,Consistent,13,77.3721,74.9955,1.0
479,Consistent,14,74.8536,74.9324,1.0
479,Consistent,15,72.9634,74.0573,1.0
479,Consistent,16,74.5861,74.2923,1.0
479,Consistent,17,82.9728,78.1503,1.0
479,Consistent,18,72.7849,75.7657,1.0
479,Consistent,19,72.6399,74.3764,1.0
479,Consistent,20,66.4628,70.8593,1.0
480,Consistent,1,74.7882,74.7882,0.2
480,Consistent,2,78.2844,77.5852,0.4
480,Consistent,3,79.181,78.6491,0.6
480,Consistent,4,75.5411,76.8731,0.8
480,Consistent,5,79.7792,78.3261,1.0
480,Consistent,6,78.6562,78.4728,1.0
480,Consistent,7,80.5648,79.4026,1.0
480,Consistent,8,79.9215,79.6332,1.0
480,Consistent,9,82.8499,81.0628,1.0
480,Consistent,10,74.1515,77.9912,1.0
480,Consistent,11,68.3647,73.7127,1.0
480,Consistent,12,78.3186,75.7598,1.0
480,Consistent,13,78.9028,77.1567,1.0
480,Consistent,14,82.85,79.687,1.0
480,Consistent,15,81.4065,80.4512,1.0
480,Consistent,16,84.7274,82.3517,1.0
480,Consistent,17,78.0993,80.4617,1.0
480,Consistent,18,76.1441,78.5428,1.0
480,Consistent,19,68.0751,73.8905,1.0
480,Consistent,20,76.5405,75.0683,1.0
481,Consistent,1,72.2375,72.2375,0.2
481,Consistent,2,76.0576,75.2935,0.4
481,Consistent,3,75.2726,75.2796,0.6
481,Consistent,4,77.3587,76.4676,0.8
481,Consistent,5,74.5133,75.4905,1.0
481,Consistent,6,79.6751,77.3503,1.0
481,Consistent,7,61.3842,70.2543,1.0
481,Consistent,8,75.95,72.7857,1.0
481,Consistent,9,81.0124,76.442,1.0
481,Consistent,10,84.3502,79.9568,1.0
481,Consistent,11,78.6598,79.3804,1.0
481,Consistent,12,83.4244,81.1777,1.0
481,Consistent,13,75.8447,78.8075,1.0
481,Consistent,14,75.0143,77.1216,1.0
481,Consistent,15,77.6471,77.3552,1.0
481,Consistent,16,74.984,76.3013,1.0
481,Consistent,17,71.0882,73.9844,1.0
481,Consistent,18,72.4238,73.2908,1.0
481,Consistent,19,69.4392,71.579,1.0
481,Consistent,20,77.6419,74.2736,1.0
482,Consistent,1,75.057,75.057,0.2
482,Consistent,2,73.1986,73.5702,0.4
482,Consistent,3,72.1666,72.6345,0.6
482,Consistent,4,77.5253,75.4292,0.8
482,Consistent,5,78.9022,77.1657,1.0
482,Consistent,6,69.3474,73.6909,1.0
482,Consistent,7,68.5616,71.4112,1.0
482,Consistent,8,79.7725,75.1274,1.0
482,Consistent,9,68.1243,72.0149,1.0
482,Consistent,10,77.7374,74.5583,1.0
482,Consistent,11,83.0845,78.3477,1.0
482,Consistent,12,83.0962,80.4581,1.0
482,Consistent,13,78.6894,79.672,1.0
482,Consistent,14,78.544,79.1707,1.0
482,Consistent,15,86.2595,82.3213,1.0
482,Consistent,16,63.328,73.8798,1.0
482,Consistent,17,72.6783,73.3458,1.0
482,Consistent,18,79.2425,75.9666,1.0
482,Consistent,19,73.3136,74.7874,1.0
482,Consistent,20,81.1989,77.637,1.0
483,Consistent,1,74.8032,74.8032,0.2
483,Consistent,2,75.6587,75.4876,0.4
483,Consistent,3,73.6266,74.247,0.6
483,Consistent,4,72.3874,73.1844,0.8
483,Consistent,5,72.2645,72.7244,1.0
483,Consistent,6,76.3558,74.3384,1.0
483,Consistent,7,71.1272,72.9112,1.0
483,Consistent,8,79.766,75.9578,1.0
483,Consistent,9,78.2661,76.9837,1.0
483,Consistent,10,80.4971,78.5452,1.0
483,Consistent,11,69.3554,74.4608,1.0
483,Consistent,12,66.5026,70.9239,1.0
483,Consistent,13,74.9791,72.7262,1.0
483,Consistent,14,89.494,80.1785,1.0
483,Consistent,15,81.331,80.6908,1.0
483,Consistent,16,72.2278,76.9294,1.0
483,Consistent,17,77.1226,77.0153,1.0
483,Consistent,18,78.6379,77.7365,1.0
483,Consistent,19,68.1581,73.4794,1.0
483,Consistent,20,81.8481,77.1988,1.0
484,Consistent,1,74.1629,74.1629,0.2
484,Consistent,2,74.5466,74.4699,0.4
484,Consistent,3,75.1189,74.9026,0.6
484,Consistent,4,80.7227,78.2284,0.8
484,Consistent,5,71.2241,74.7262,1.0
484,Consistent,6,66.4651,71.0546,1.0
484,Consistent,7,76.6148,73.5258,1.0
484,Consistent,8,64.7817,69.6395,1.0
484,Consistent,9,73.4945,71.3528,1.0
484,Consistent,10,80.9344,75.6113,1.0
484,Consistent,11,77.8955,76.6265,1.0
484,Consistent,12,80.2118,78.22,1.0
484,Consistent,13,78.1018,78.1674,1.0
484,Consistent,14,87.0517,82.116,1.0
484,Consistent,15,72.0588,77.6461,1.0
484,Consistent,16,76.9907,77.3548,1.0
484,Consistent,17,72.8094,75.3346,1.0
484,Consistent,18,79.784,77.3121,1.0
484,Consistent,19,74.6921,76.1477,1.0
484,Consistent,20,83.5942,79.4573,1.0
485,Consistent,1,72.3459,72.3459,0.2
485,Consistent,2,82.0356,80.0977,0.4
485,Consistent,3,77.9657,78.6764,0.6
485,Consistent,4,74.8377,76.4828,0.8
485,Consistent,5,77.7122,77.0975,1.0
485,Consistent,6,76.3063,76.7459,1.0
485,Consistent,7,76.7798,76.7609,1.0
485,Consistent,8,73.9656,75.5186,1.0
485,Consistent,9,71.4921,73.729,1.0
485,Consistent,10,73.3246,73.5493,1.0
485,Consistent,11,66.5843,70.4537,1.0
485,Consistent,12,79.2097,74.3453,1.0
485,Consistent,13,68.8242,71.8915,1.0
485,Consistent,14,73.9118,72.7894,1.0
485,Consistent,15,78.2402,75.212,1.0
485,Consistent,16,79.197,76.9831,1.0
485,Consistent,17,66.1267,72.158,1.0
485,Consistent,18,74.5408,73.217,1.0
485,Consistent,19,77.2987,75.0311,1.0
485,Consistent,20,75.2601,75.1329,1.0
486,Consistent,1,81.7204,81.7204,0.2
486,Consistent,2,70.891,73.0568,0.4
486,Consistent,3,64.7548,67.5221,0.6
486,Consistent,4,79.0516,74.1104,0.8
486,Consistent,5,72.3146,73.2125,1.0
486,Consistent,6,66.2073,70.0991,1.0
486,Consistent,7,74.2074,71.925,1.0
486,Consistent,8,81.1528,76.0262,1.0
486,Consistent,9,68.6837,72.7629,1.0
486,Consistent,10,86.68,78.9483,1.0
486,Consistent,11,70.8106,75.3315,1.0
486,Consistent,12,75.4351,75.3775,1.0
486,Consistent,13,68.9043,72.5006,1.0
486,Consistent,14,75.2081,73.7039,1.0
486,Consistent,15,74.3313,73.9827,1.0
486,Consistent,16,67.5525,71.1249,1.0
486,Consistent,17,89.1291,79.1268,1.0
486,Consistent,18,72.5233,76.1919,1.0
486,Consistent,19,72.5277,74.5634,1.0
486,Consistent,20,79.8452,76.9108,1.0
487,Consistent,1,84.0713,84.0713,0.2
487,Consistent,2,80.6322,81.32,0.4
487,Consistent,3,68.9941,73.1027,0.6
487,Consistent,4,76.0695,74.7981,0.8
487,Consistent,5,65.5931,70.1956,1.0
487,Consistent,6,79.5085,74.3347,1.0
487,Consistent,7,66.8241,70.9966,1.0
487,Consistent,8,70.984,70.991,1.0
487,Consistent,9,74.984,72.7657,1.0
487,Consistent,10,77.225,74.7476,1.0
487,Consistent,11,73.6953,74.2799,1.0
487,Consistent,12,82.5954,77.9757,1.0
487,Consistent,13,78.6162,78.2604,1.0
487,Consistent,14,78.2236,78.244,1.0
487,Consistent,15,68.853,74.0702,1.0
487,Consistent,16,83.4968,78.2598,1.0
487,Consistent,17,70.9847,75.0264,1.0
487,Consistent,18,83.6877,78.8759,1.0
487,Consistent,19,85.111,81.647,1.0
487,Consistent,20,77.5633,79.832,1.0
488,Consistent,1,80.1601,80.1601,0.2
488,Consistent,2,59.5854,63.7003,0.4
488,Consistent,3,74.025,70.5834,0.6
488,Consistent,4,80.5108,76.2562,0.8
488,Consistent,5,79.6226,77.9394,1.0
488,Consistent,6,68.9014,73.9225,1.0
488,Consistent,7,73.5314,73.7487,1.0
488,Consistent,8,62.3182,68.6685,1.0
488,Consistent,9,77.065,72.4002,1.0
488,Consistent,10,65.5834,69.3705,1.0
488,Consistent,11,80.6524,74.3847,1.0
488,Consistent,12,80.9136,77.2864,1.0
488,Consistent,13,72.6282,75.2161,1.0
488,Consistent,14,77.6064,76.2784,1.0
488,Consistent,15,73.9145,75.2278,1.0
488,Consistent,16,76.2095,75.6641,1.0
488,Consistent,17,69.2637,72.8195,1.0
488,Consistent,18,78.1125,75.1719,1.0
488,Consistent,19,66.7941,71.4484,1.0
488,Consistent,20,65.8503,68.9604,1.0
489,Consistent,1,74.3904,74.3904,0.2
489,Consistent,2,73.9438,74.0331,0.4
489,Consistent,3,76.3615,75.5854,0.6
489,Consistent,4,71.7525,73.3951,0.8
489,Consistent,5,84.4285,78.9118,1.0
489,Consistent,6,75.803,77.5301,1.0
489,Consistent,7,76.1644,76.9231,1.0
489,Consistent,8,75.9862,76.5067,1.0
489,Consistent,9,80.0145,78.0657,1.0
489,Consistent,10,77.8801,77.9832,1.0
489,Consistent,11,77.2101,77.6396,1.0
489,Consistent,12,78.6799,78.102,1.0
489,Consistent,13,65.8769,72.6686,1.0
489,Consistent,14,66.0658,69.734,1.0
489,Consistent,15,74.6197,71.9054,1.0
489,Consistent,16,74.0116,72.8415,1.0
489,Consistent,17,77.899,75.0893,1.0
489,Consistent,18,75.1001,75.0941,1.0
489,Consistent,19,77.9093,76.3453,1.0
489,Consistent,20,68.772,72.9794,1.0
490,Consistent,1,74.9463,74.9463,0.2
490,Consistent,2,68.2947,69.625,0.4
490,Consistent,3,76.9343,74.4979,0.6
490,Consistent,4,65.6086,69.4183,0.8
490,Consistent,5,76.7416,73.0799,1.0
490,Consistent,6,67.655,70.6688,1.0
490,Consistent,7,73.0824,71.7415,1.0
490,Consistent,8,79.4746,75.1785,1.0
490,Consistent,9,76.1369,75.6044,1.0
490,Consistent,10,66.7717,71.6788,1.0
490,Consistent,11,71.638,71.6607,1.0
490,Consistent,12,67.4931,69.8084,1.0
490,Consistent,13,66.5262,68.3497,1.0
490,Consistent,14,75.5883,71.5668,1.0
490,Consistent,15,77.8015,74.3378,1.0
490,Consistent,16,77.203,75.6112,1.0
490,Consistent,17,78.0131,76.6787,1.0
490,Consistent,18,74.9404,75.9062,1.0
490,Consistent,19,73.633,74.8959,1.0
490,Consistent,20,69.6347,72.5576,1.0
491,Consistent,1,72.7996,72.7996,0.2
491,Consistent,2,68.3933,69.2745,0.4
491,Consistent,3,70.7742,70.2743,0.6
491,Consistent,4,75.4446,73.2288,0.8
491,Consistent,5,74.411,73.8199,1.0
491,Consistent,6,90.3236,81.1549,1.0
491,Consistent,7,68.271,75.4287,1.0
491,Consistent,8,74.3745,74.9602,1.0
491,Consistent,9,67.8813,71.814,1.0
491,Consistent,10,73.0611,72.3683,1.0
491,Consistent,11,73.2645,72.7666,1.0
491,Consistent,12,79.2244,75.6367,1.0
491,Consistent,13,72.7517,74.3545,1.0
491,Consistent,14,74.0434,74.2162,1.0
491,Consistent,15,72.8484,73.6083,1.0
491,Consistent,16,67.9947,71.1134,1.0
491,Consistent,17,71.7395,71.3917,1.0
491,Consistent,18,73.0903,72.1466,1.0
491,Consistent,19,75.3691,73.5788,1.0
491,Consistent,20,77.7947,75.4526,1.0
492,Consistent,1,73.827,73.827,0.2
492,Consistent,2,73.7391,73.7567,0.4
492,Consistent,3,66.3959,68.8495,0.6
492,Consistent,4,77.6987,73.9062,0.8
492,Consistent,5,71.5205,72.7133,1.0
492,Consistent,6,78.7356,75.3899,1.0
492,Consistent,7,81.5822,78.142,1.0
492,Consistent,8,74.0604,76.328,1.0
492,Consistent,9,69.8834,73.4637,1.0
492,Consistent,10,74.9165,74.1094,1.0
492,Consistent,11,76.7435,75.2801,1.0
492,Consistent,12,73.4224,74.4545,1.0
492,Consistent,13,72.1798,73.4435,1.0
492,Consistent,14,77.8177,75.3876,1.0
492,Consistent,15,77.4879,76.321,1.0
492,Consistent,16,73.2686,74.9644,1.0
492,Consistent,17,66.7297,71.3045,1.0
492,Consistent,18,77.2819,73.9611,1.0
492,Consistent,19,71.1634,72.7177,1.0
492,Consistent,20,76.0717,74.2084,1.0
493,Consistent,1,75.7558,75.7558,0.2
493,Consistent,2,65.5553,67.5954,0.4
493,Consistent,3,75.4054,72.8021,0.6
493,Consistent,4,77.5727,75.5281,0.8
493,Consistent,5,78.1858,76.8569,1.0
493,Consistent,6,75.5868,76.2924,1.0
493,Consistent,7,65.1141,71.3243,1.0
493,Consistent,8,81.3854,75.7959,1.0
493,Consistent,9,77.0551,76.3555,1.0
493,Consistent,10,68.9834,73.079,1.0
493,Consistent,11,71.0612,72.1822,1.0
493,Consistent,12,76.1561,73.9484,1.0
493,Consistent,13,78.3989,75.9264,1.0
493,Consistent,14,72.5602,74.4303,1.0
493,Consistent,15,79.1276,76.518,1.0
493,Consistent,16,66.0362,71.8594,1.0
493,Consistent,17,69.7877,70.9387,1.0
493,Consistent,18,64.6782,68.1562,1.0
493,Consistent,19,70.513,69.2037,1.0
493,Consistent,20,82.5404,75.1311,1.0
494,Consistent,1,85.289,85.289,0.2
494,Consistent,2,76.173,77.9962,0.4
494,Consistent,3,71.8079,73.8706,0.6
494,Consistent,4,73.8918,73.8827,0.8
494,Consistent,5,77.3667,75.6247,1.0
494,Consistent,6,67.1851,71.8738,1.0
494,Consistent,7,72.1375,71.991,1.0
494,Consistent,8,82.1745,76.517,1.0
494,Consistent,9,69.7714,73.519,1.0
494,Consistent,10,71.2549,72.5127,1.0
494,Consistent,11,75.066,73.6475,1.0
494,Consistent,12,76.4157,74.8778,1.0
494,Consistent,13,71.875,73.5432,1.0
494,Consistent,14,75.3848,74.3617,1.0
494,Consistent,15,78.0397,75.9964,1.0
494,Consistent,16,84.8073,79.9123,1.0
494,Consistent,17,74.3688,77.4485,1.0
494,Consistent,18,74.7935,76.2685,1.0
494,Consistent,19,82.6373,79.0991,1.0
494,Consistent,20,72.2542,76.0569,1.0
495,Consistent,1,68.3782,68.3782,0.2
495,Consistent,2,76.2512,74.6766,0.4
495,Consistent,3,80.3809,78.4795,0.6
495,Consistent,4,76.8052,77.5228,0.8
495,Consistent,5,74.5149,76.0188,1.0
495,Consistent,6,67.758,72.3474,1.0
495,Consistent,7,74.7082,73.3966,1.0
495,Consistent,8,81.1658,76.8496,1.0
495,Consistent,9,68.8294,73.2851,1.0
495,Consistent,10,73.7763,73.5034,1.0
495,Consistent,11,73.0626,73.3075,1.0
495,Consistent,12,71.5115,72.5092,1.0
495,Consistent,13,76.2396,74.1672,1.0
495,Consistent,14,77.2165,75.5224,1.0
495,Consistent,15,77.1641,76.2521,1.0
495,Consistent,16,70.116,73.5249,1.0
495,Consistent,17,66.7701,70.5228,1.0
495,Consistent,18,76.3119,73.0957,1.0
495,Consistent,19,72.4704,72.8178,1.0
495,Consistent,20,84.1916,77.8728,1.0
496,Consistent,1,84.4225,84.4225,0.2
496,Consistent,2,84.9534,84.8473,0.4
496,Consistent,3,70.2994,75.1487,0.6
496,Consistent,4,77.8468,76.6905,0.8
496,Consistent,5,79.3548,78.0226,1.0
496,Consistent,6,78.7918,78.3645,1.0
496,Consistent,7,73.228,76.0816,1.0
496,Consistent,8,81.3958,78.4435,1.0
496,Consistent,9,75.0024,76.9141,1.0
496,Consistent,10,75.6405,76.3481,1.0
496,Consistent,11,67.3108,72.3315,1.0
496,Consistent,12,78.2238,74.9503,1.0
496,Consistent,13,73.6979,74.3937,1.0
496,Consistent,14,77.3239,75.696,1.0
496,Consistent,15,76.1756,75.9091,1.0
496,Consistent,16,75.9047,75.9072,1.0
496,Consistent,17,74.7714,75.4024,1.0
496,Consistent,18,78.933,76.9716,1.0
496,Consistent,19,74.0055,75.6533,1.0
496,Consistent,20,67.724,72.1292,1.0
497,Consistent,1,77.8448,77.8448,0.2
497,Consistent,2,70.955,72.3329,0.4
497,Consistent,3,68.3787,69.6968,0.6
497,Consistent,4,69.8888,69.8065,0.8
497,Consistent,5,76.4167,73.1116,1.0
497,Consistent,6,74.5174,73.7364,1.0
497,Consistent,7,64.3366,69.5587,1.0
497,Consistent,8,73.0817,71.1245,1.0
497,Consistent,9,80.8462,75.4452,1.0
497,Consistent,10,72.7435,74.2445,1.0
497,Consistent,11,74.1726,74.2125,1.0
497,Consistent,12,80.215,76.8803,1.0
497,Consistent,13,78.9774,77.8124,1.0
497,Consistent,14,80.1088,78.833,1.0
497,Consistent,15,61.1372,70.9682,1.0
497,Consistent,16,83.6676,76.6124,1.0
497,Consistent,17,78.182,77.31,1.0
497,Consistent,18,87.3074,81.7533,1.0
497,Consistent,19,71.0884,77.0133,1.0
497,Consistent,20,66.1827,72.1997,1.0
498,Consistent,1,75.0361,75.0361,0.2
498,Consistent,2,73.6231,73.9057,0.4
498,Consistent,3,78.2683,76.8141,0.6
498,Consistent,4,80.3746,78.8487,0.8
498,Consistent,5,74.5635,76.7061,1.0
498,Consistent,6,73.7965,75.4129,1.0
498,Consistent,7,77.6136,76.391,1.0
498,Consistent,8,73.7184,75.2032,1.0
498,Consistent,9,73.3001,74.3574,1.0
498,Consistent,10,80.1857,76.9477,1.0
498,Consistent,11,81.2989,78.8816,1.0
498,Consistent,12,80.4198,79.5652,1.0
498,Consistent,13,74.1589,77.1624,1.0
498,Consistent,14,64.3011,71.4462,1.0
498,Consistent,15,74.259,72.6963,1.0
498,Consistent,16,71.2101,72.0358,1.0
498,Consistent,17,74.3514,73.0649,1.0
498,Consistent,18,71.6445,72.4337,1.0
498,Consistent,19,74.8963,73.5282,1.0
498,Consistent,20,69.8036,71.8728,1.0
499,Consistent,1,68.5964,68.5964,0.2
499,Consistent,2,81.1135,78.61,0.4
499,Consistent,3,70.1517,72.9712,0.6
499,Consistent,4,75.0017,74.1314,0.8
499,Consistent,5,79.7726,76.952,1.0
499,Consistent,6,79.5715,78.1162,1.0
499,Consistent,7,78.9742,78.4976,1.0
499,Consistent,8,76.5143,77.6161,1.0
499,Consistent,9,78.62,78.0623,1.0
499,Consistent,10,81.8654,79.7526,1.0
499,Consistent,11,77.1251,78.5848,1.0
499,Consistent,12,65.814,72.9089,1.0
499,Consistent,13,72.3573,72.6638,1.0
499,Consistent,14,78.4819,75.2496,1.0
499,Consistent,15,71.8645,73.7451,1.0
499,Consistent,16,83.1005,77.9031,1.0
499,Consistent,17,74.6841,76.4724,1.0
499,Consistent,18,75.4262,76.0075,1.0
499,Consistent,19,80.6237,78.0591,1.0
499,Consistent,20,74.0858,76.2932,1.0
500,Consistent,1,75.8814,75.8814,0.2
500,Consistent,2,79.4956,78.7728,0.4
500,Consistent,3,67.6386,71.35,0.6
500,Consistent,4,73.5735,72.6206,0.8
500,Consistent,5,79.1458,75.8832,1.0
500,Consistent,6,75.328,75.6364,1.0
500,Consistent,7,82.3367,78.6143,1.0
500,Consistent,8,67.1204,73.5059,1.0
500,Consistent,9,66.55,70.4144,1.0
500,Consistent,10,78.8484,74.1629,1.0
500,Consistent,11,79.329,76.4589,1.0
500,Consistent,12,74.0337,75.3811,1.0
500,Consistent,13,77.002,76.1015,1.0
500,Consistent,14,78.726,77.2679,1.0
500,Consistent,15,70.9307,74.4514,1.0
500,Consistent,16,71.4658,73.1244,1.0
500,Consistent,17,75.9486,74.3796,1.0
500,Consistent,18,79.5204,76.6644,1.0
500,Consistent,19,69.1702,73.3337,1.0
500,Consistent,20,74.0103,73.6344,1.0
501,Consistent,1,73.7788,73.7788,0.2
501,Consistent,2,77.0898,76.4276,0.4
501,Consistent,3,74.9565,75.4469,0.6
501,Consistent,4,72.2706,73.6318,0.8
501,Consistent,5,81.2428,77.4373,1.0
501,Consistent,6,72.3037,75.1557,1.0
501,Consistent,7,73.5395,74.4374,1.0
501,Consistent,8,67.0425,71.1508,1.0
501,Consistent,9,71.4319,71.2757,1.0
501,Consistent,10,77.5804,74.0778,1.0
501,Consistent,11,76.603,75.2001,1.0
501,Consistent,12,77.9976,76.4434,1.0
501,Consistent,13,77.7549,77.0263,1.0
501,Consistent,14,85.4386,80.7651,1.0
501,Consistent,15,71.2607,76.5409,1.0
501,Consistent,16,66.9029,72.2573,1.0
501,Consistent,17,69.7472,71.1417,1.0
501,Consistent,18,71.4817,71.2929,1.0
501,Consistent,19,70.1284,70.7753,1.0
501,Consistent,20,75.4683,72.8611,1.0
502,Consistent,1,81.2633,81.2633,0.2
502,Consistent,2,82.6983,82.4113,0.4
502,Consistent,3,77.5215,79.1515,0.6
502,Consistent,4,85.7064,82.8971,0.8
502,Consistent,5,73.2181,78.0576,1.0
502,Consistent,6,66.8374,73.0709,1.0
502,Consistent,7,80.2659,76.2687,1.0
502,Consistent,8,65.807,71.619,1.0
502,Consistent,9,71.225,71.4439,1.0
502,Consistent,10,77.6006,74.1802,1.0
502,Consistent,11,74.4881,74.317,1.0
502,Consistent,12,74.0452,74.1962,1.0
502,Consistent,13,69.096,71.9295,1.0
502,Consistent,14,74.946,73.2702,1.0
502,Consistent,15,80.0183,76.2693,1.0
502,Consistent,16,75.0998,75.7496,1.0
502,Consistent,17,70.8489,73.5715,1.0
502,Consistent,18,68.7623,71.4341,1.0
502,Consistent,19,70.952,71.2198,1.0
502,Consistent,20,76.9617,73.7718,1.0
503,Consistent,1,76.718,76.718,0.2
503,Consistent,2,70.9975,72.1416,0.4
503,Consistent,3,63.9462,66.678,0.6
503,Consistent,4,77.1001,72.6335,0.8
503,Consistent,5,70.5115,71.5725,1.0
503,Consistent,6,78.4453,74.6271,1.0
503,Consistent,7,71.2195,73.1126,1.0
503,Consistent,8,70.0605,71.7561,1.0
503,Consistent,9,75.7659,73.5382,1.0
503,Consistent,10,86.7885,79.4272,1.0
503,Consistent,11,78.7451,79.1241,1.0
503,Consistent,12,75.6811,77.5939,1.0
503,Consistent,13,76.7943,77.2385,1.0
503,Consistent,14,66.2444,72.3522,1.0
503,Consistent,15,69.3883,71.0349,1.0
503,Consistent,16,62.4454,67.2173,1.0
503,Consistent,17,83.6494,74.5205,1.0
503,Consistent,18,82.6369,78.1278,1.0
503,Consistent,19,76.9641,77.6106,1.0
503,Consistent,20,75.6756,76.7506,1.0
504,Consistent,1,67.242,67.242,0.2
504,Consistent,2,73.9035,72.5712,0.4
504,Consistent,3,83.962,80.165,0.6
504,Consistent,4,75.6571,77.5891,0.8
504,Consistent,5,72.1768,74.8829,1.0
504,Consistent,6,66.2096,71.0281,1.0
504,Consistent,7,81.9015,75.8608,1.0
504,Consistent,8,74.6496,75.3225,1.0
504,Consistent,9,66.2163,71.2753,1.0
504,Consistent,10,70.3787,70.8768,1.0
504,Consistent,11,68.6123,69.8704,1.0
504,Consistent,12,74.3413,71.8574,1.0
504,Consistent,13,76.0367,73.7149,1.0
504,Consistent,14,72.4839,73.1678,1.0
504,Consistent,15,78.8852,75.7089,1.0
504,Consistent,16,75.394,75.5689,1.0
504,Consistent,17,80.3116,77.6768,1.0
504,Consistent,18,73.214,75.6933,1.0
504,Consistent,19,90.2266,82.1526,1.0
504,Consistent,20,72.1776,77.7192,1.0
505,Consistent,1,70.4834,70.4834,0.2
505,Consistent,2,69.8685,69.9915,0.4
505,Consistent,3,73.9453,72.6274,0.6
505,Consistent,4,66.4023,69.0702,0.8
505,Consistent,5,76.4728,72.7715,1.0
505,Consistent,6,65.4735,69.5279,1.0
505,Consistent,7,75.8084,72.3192,1.0
505,Consistent,8,68.2437,70.5079,1.0
505,Consistent,9,73.0935,71.6571,1.0
505,Consistent,10,78.0227,74.4862,1.0
505,Consistent,11,86.5202,79.8347,1.0
505,Consistent,12,69.61,75.2904,1.0
505,Consistent,13,74.2484,74.8273,1.0
505,Consistent,14,71.3812,73.2957,1.0
505,Consistent,15,70.6506,72.1201,1.0
505,Consistent,16,71.4251,71.8112,1.0
505,Consistent,17,79.1203,75.0597,1.0
505,Consistent,18,72.5597,73.9486,1.0
505,Consistent,19,86.2466,79.4144,1.0
505,Consistent,20,77.0799,78.3768,1.0
506,Consistent,1,69.9499,69.9499,0.2
506,Consistent,2,73.1665,72.5232,0.4
506,Consistent,3,70.9908,71.5016,0.6
506,Consistent,4,79.0003,75.7866,0.8
506,Consistent,5,66.8061,71.2963,1.0
506,Consistent,6,68.2952,69.9625,1.0
506,Consistent,7,72.0423,70.8869,1.0
506,Consistent,8,78.4147,74.2326,1.0
506,Consistent,9,81.1653,77.3138,1.0
506,Consistent,10,81.9027,79.3533,1.0
506,Consistent,11,77.649,78.5958,1.0
506,Consistent,12,74.5856,76.8135,1.0
506,Consistent,13,78.9731,77.7733,1.0
506,Consistent,14,69.2775,73.9974,1.0
506,Consistent,15,65.7767,70.3438,1.0
506,Consistent,16,77.1832,73.3835,1.0
506,Consistent,17,69.9716,71.8671,1.0
506,Consistent,18,74.6735,73.1144,1.0
506,Consistent,19,75.5981,74.2183,1.0
506,Consistent,20,76.2406,75.1171,1.0
507,Consistent,1,79.689,79.689,0.2
507,Consistent,2,79.1604,79.2661,0.4
507,Consistent,3,75.975,77.072,0.6
507,Consistent,4,72.7899,74.6251,0.8
507,Consistent,5,75.5388,75.082,1.0
507,Consistent,6,72.0189,73.7206,1.0
507,Consistent,7,74.0179,73.8527,1.0
507,Consistent,8,88.0909,80.1808,1.0
507,Consistent,9,75.9109,78.2831,1.0
507,Consistent,10,77.2512,77.8245,1.0
507,Consistent,11,71.4726,75.0014,1.0
507,Consistent,12,80.1004,77.2676,1.0
507,Consistent,13,78.8014,77.9493,1.0
507,Consistent,14,78.8368,78.3437,1.0
507,Consistent,15,76.0745,77.3352,1.0
507,Consistent,16,80.171,78.5955,1.0
507,Consistent,17,81.3584,79.8235,1.0
507,Consistent,18,76.4155,78.3088,1.0
507,Consistent,19,74.4269,76.5835,1.0
507,Consistent,20,79.4729,77.8677,1.0
508,Consistent,1,70.4794,70.4794,0.2
508,Consistent,2,71.4102,71.224,0.4
508,Consistent,3,74.7335,73.5637,0.6
508,Consistent,4,66.2932,69.4091,0.8
508,Consistent,5,79.138,74.2736,1.0
508,Consistent,6,70.1854,72.4566,1.0
508,Consistent,7,72.6425,72.5392,1.0
508,Consistent,8,73.9336,73.159,1.0
508,Consistent,9,75.1964,74.0645,1.0
508,Consistent,10,73.2817,73.7166,1.0
508,Consistent,11,74.6631,74.1373,1.0
508,Consistent,12,74.7019,74.3882,1.0
508,Consistent,13,72.7648,73.6667,1.0
508,Consistent,14,71.134,72.5411,1.0
508,Consistent,15,80.4074,76.0372,1.0
508,Consistent,16,64.478,70.8998,1.0
508,Consistent,17,73.9714,72.2649,1.0
508,Consistent,18,72.6555,72.4385,1.0
508,Consistent,19,77.094,74.5076,1.0
508,Consistent,20,67.7285,71.4947,1.0
509,Consistent,1,72.5011,72.5011,0.2
509,Consistent,2,74.4882,74.0908,0.4
509,Consistent,3,80.3504,78.2638,0.6
509,Consistent,4,76.6609,77.3479,0.8
509,Consistent,5,69.0826,73.2152,1.0
509,Consistent,6,72.5626,72.9252,1.0
509,Consistent,7,79.4303,75.8163,1.0
509,Consistent,8,68.9961,72.7851,1.0
509,Consistent,9,74.6068,73.5947,1.0
509,Consistent,10,74.9544,74.199,1.0
509,Consistent,11,73.0711,73.6977,1.0
509,Consistent,12,88.4788,80.2671,1.0
509,Consistent,13,72.9363,77.009,1.0
509,Consistent,14,77.2488,77.1156,1.0
509,Consistent,15,71.1685,74.4724,1.0
509,Consistent,16,77.6387,75.8797,1.0
509,Consistent,17,79.3539,77.4238,1.0
509,Consistent,18,72.0602,75.04,1.0
509,Consistent,19,74.7265,74.9006,1.0
509,Consistent,20,70.5236,72.9553,1.0
510,Consistent,1,69.278,69.278,0.2
510,Consistent,2,80.184,78.0028,0.4
510,Consistent,3,72.23,74.1543,0.6
510,Consistent,4,62.9319,67.7415,0.8
510,Consistent,5,83.8268,75.7841,1.0
510,Consistent,6,70.9895,73.6532,1.0
510,Consistent,7,73.7681,73.7043,1.0
510,Consistent,8,83.2045,77.9266,1.0
510,Consistent,9,74.2913,76.3109,1.0
510,Consistent,10,74.1833,75.3653,1.0
510,Consistent,11,68.8591,72.4737,1.0
510,Consistent,12,66.8258,69.9635,1.0
510,Consistent,13,74.1681,71.8322,1.0
510,Consistent,14,76.814,74.0464,1.0
510,Consistent,15,76.5276,75.1491,1.0
510,Consistent,16,72.5937,74.0134,1.0
510,Consistent,17,75.1013,74.4969,1.0
510,Consistent,18,65.814,70.6378,1.0
510,Consistent,19,77.3008,73.5992,1.0
510,Consistent,20,75.807,74.5804,1.0
511,Consistent,1,84.8683,84.8683,0.2
511,Consistent,2,75.0374,77.0036,0.4
511,Consistent,3,70.2867,72.5256,0.6
511,Consistent,4,74.7464,73.7946,0.8
511,Consistent,5,73.361,73.5778,1.0
511,Consistent,6,77.1735,75.1759,1.0
511,Consistent,7,75.1345,75.1575,1.0
511,Consistent,8,68.7003,72.2876,1.0
511,Consistent,9,66.8213,69.8581,1.0
511,Consistent,10,76.3145,72.7276,1.0
511,Consistent,11,81.9156,76.8112,1.0
511,Consistent,12,75.3967,76.1825,1.0
511,Consistent,13,79.0665,77.4643,1.0
511,Consistent,14,80.064,78.6197,1.0
511,Consistent,15,76.334,77.6038,1.0
511,Consistent,16,70.9275,74.6366,1.0
511,Consistent,17,75.9765,75.2321,1.0
511,Consistent,18,81.0354,77.8113,1.0
511,Consistent,19,77.6495,77.7394,1.0
511,Consistent,20,78.7412,78.1847,1.0
512,Consistent,1,72.6873,72.6873,0.2
512,Consistent,2,73.9882,73.728,0.4
512,Consistent,3,74.4064,74.1803,0.6
512,Consistent,4,74.7433,74.502,0.8
512,Consistent,5,80.8398,77.6709,1.0
512,Consistent,6,63.2641,71.2679,1.0
512,Consistent,7,75.1527,72.9945,1.0
512,Consistent,8,74.6025,73.7092,1.0
512,Consistent,9,68.1425,71.2351,1.0
512,Consistent,10,78.3588,74.4012,1.0
512,Consistent,11,71.3775,73.0573,1.0
512,Consistent,12,73.2148,73.1273,1.0
512,Consistent,13,84.2439,78.068,1.0
512,Consistent,14,80.0499,78.9488,1.0
512,Consistent,15,77.8724,78.4704,1.0
512,Consistent,16,76.9039,77.7742,1.0
512,Consistent,17,74.1766,76.1753,1.0
512,Consistent,18,84.9969,80.096,1.0
512,Consistent,19,79.0108,79.6137,1.0
512,Consistent,20,71.2523,75.8975,1.0
513,Consistent,1,67.9995,67.9995,0.2
513,Consistent,2,77.8342,75.8672,0.4
513,Consistent,3,74.7207,75.1029,0.6
513,Consistent,4,67.8553,70.9614,0.8
513,Consistent,5,77.1429,74.0522,1.0
513,Consistent,6,73.6549,73.8756,1.0
513,Consistent,7,77.6533,75.5546,1.0
513,Consistent,8,77.2087,76.2897,1.0
513,Consistent,9,71.9587,74.3648,1.0
513,Consistent,10,78.1642,76.0534,1.0
513,Consistent,11,72.5105,74.4788,1.0
513,Consistent,12,72.8356,73.7485,1.0
513,Consistent,13,72.3386,73.1219,1.0
513,Consistent,14,80.6549,76.4699,1.0
513,Consistent,15,73.5971,75.1931,1.0
513,Consistent,16,81.8622,78.1572,1.0
513,Consistent,17,83.9174,80.7173,1.0
513,Consistent,18,71.3064,76.5347,1.0
513,Consistent,19,60.395,69.3615,1.0
513,Consistent,20,80.2225,74.1886,1.0
514,Consistent,1,73.2901,73.2901,0.2
514,Consistent,2,70.6691,71.1933,0.4
514,Consistent,3,72.0564,71.7687,0.6
514,Consistent,4,72.9259,72.43,0.8
514,Consistent,5,81.486,76.958,1.0
514,Consistent,6,75.7996,76.4431,1.0
514,Consistent,7,81.418,78.6542,1.0
514,Consistent,8,77.4711,78.1284,1.0
514,Consistent,9,73.4538,76.0508,1.0
514,Consistent,10,73.0482,74.7163,1.0
514,Consistent,11,77.808,76.0904,1.0
514,Consistent,12,79.1021,77.429,1.0
514,Consistent,13,79.984,78.5645,1.0
514,Consistent,14,73.6923,76.3991,1.0
514,Consistent,15,75.876,76.1666,1.0
514,Consistent,16,77.9202,76.946,1.0
514,Consistent,17,73.0802,75.2278,1.0
514,Consistent,18,69.3253,72.6045,1.0
514,Consistent,19,70.9686,71.8774,1.0
514,Consistent,20,73.7948,72.7296,1.0
515,Consistent,1,78.311,78.311,0.2
515,Consistent,2,81.2949,80.6981,0.4
515,Consistent,3,68.2198,72.3792,0.6
515,Consistent,4,72.0133,72.1701,0.8
515,Consistent,5,73.2107,72.6904,1.0
515,Consistent,6,78.9736,75.4829,1.0
515,Consistent,7,72.3594,74.0947,1.0
515,Consistent,8,72.8513,73.5421,1.0
515,Consistent,9,67.94,71.0523,1.0
515,Consistent,10,77.417,73.8811,1.0
515,Consistent,11,74.193,74.0197,1.0
515,Consistent,12,71.7298,73.002,1.0
515,Consistent,13,73.7024,73.3133,1.0
515,Consistent,14,80.635,76.5674,1.0
515,Consistent,15,69.9756,73.6377,1.0
515,Consistent,16,70.7917,72.3728,1.0
515,Consistent,17,81.2613,76.3232,1.0
515,Consistent,18,75.3789,75.9035,1.0
515,Consistent,19,78.3488,76.9903,1.0
515,Consistent,20,77.0088,76.9985,1.0
516,Consistent,1,74.8233,74.8233,0.2
516,Consistent,2,73.2585,73.5715,0.4
516,Consistent,3,79.1578,77.2957,0.6
516,Consistent,4,80.8117,79.3048,0.8
516,Consistent,5,80.4209,79.8629,1.0
516,Consistent,6,69.0726,75.0672,1.0
516,Consistent,7,81.5246,77.9371,1.0
516,Consistent,8,73.2103,75.8363,1.0
516,Consistent,9,71.2249,73.7868,1.0
516,Consistent,10,74.1534,73.9497,1.0
516,Consistent,11,79.1556,76.2635,1.0
516,Consistent,12,77.7023,76.903,1.0
516,Consistent,13,73.7231,75.4897,1.0
516,Consistent,14,79.1883,77.1335,1.0
516,Consistent,15,75.6993,76.4961,1.0
516,Consistent,16,72.1351,74.5579,1.0
516,Consistent,17,71.4598,73.181,1.0
516,Consistent,18,77.0512,74.9011,1.0
516,Consistent,19,74.5874,74.7617,1.0
516,Consistent,20,68.1225,71.8109,1.0
517,Consistent,1,79.2358,79.2358,0.2
517,Consistent,2,72.5986,73.9261,0.4
517,Consistent,3,82.9606,79.9491,0.6
517,Consistent,4,67.9851,73.1125,0.8
517,Consistent,5,74.0965,73.6045,1.0
517,Consistent,6,71.5001,72.6692,1.0
517,Consistent,7,70.1229,71.5375,1.0
517,Consistent,8,72.566,71.9946,1.0
517,Consistent,9,83.8528,77.2649,1.0
517,Consistent,10,75.7169,76.5769,1.0
517,Consistent,11,71.0415,74.1167,1.0
517,Consistent,12,65.8569,70.4457,1.0
517,Consistent,13,66.3932,68.6446,1.0
517,Consistent,14,72.3177,70.2771,1.0
517,Consistent,15,71.8316,70.9679,1.0
517,Consistent,16,73.8797,72.2621,1.0
517,Consistent,17,63.6391,68.4296,1.0
517,Consistent,18,74.5416,71.1461,1.0
517,Consistent,19,80.1386,75.1428,1.0
517,Consistent,20,83.1142,78.6856,1.0
518,Consistent,1,65.5278,65.5278,0.2
518,Consistent,2,70.993,69.9,0.4
518,Consistent,3,70.7288,70.4525,0.6
518,Consistent,4,75.7286,73.4674,0.8
518,Consistent,5,68.9011,71.1843,1.0
518,Consistent,6,83.4113,76.6185,1.0
518,Consistent,7,75.2176,75.9959,1.0
518,Consistent,8,74.3843,75.2796,1.0
518,Consistent,9,82.9636,78.6947,1.0
518,Consistent,10,74.9198,77.017,1.0
518,Consistent,11,77.0015,77.0101,1.0
518,Consistent,12,71.246,74.4483,1.0
518,Consistent,13,68.1475,71.6479,1.0
518,Consistent,14,71.9482,71.7814,1.0
518,Consistent,15,85.9349,78.0718,1.0
518,Consistent,16,78.1651,78.1133,1.0
518,Consistent,17,76.3727,77.3397,1.0
518,Consistent,18,70.1181,74.1301,1.0
518,Consistent,19,79.5563,76.5417,1.0
518,Consistent,20,68.2115,72.8394,1.0
519,Consistent,1,67.1647,67.1647,0.2
519,Consistent,2,72.2056,71.1974,0.4
519,Consistent,3,84.7725,80.2474,0.6
519,Consistent,4,84.4895,82.6715,0.8
519,Consistent,5,72.7438,77.7076,1.0
519,Consistent,6,71.629,75.006,1.0
519,Consistent,7,66.7982,71.3581,1.0
519,Consistent,8,75.3902,73.1501,1.0
519,Consistent,9,75.8101,74.3323,1.0
519,Consistent,10,78.9478,76.3836,1.0
519,Consistent,11,79.5535,77.7925,1.0
519,Consistent,12,74.0129,76.1127,1.0
519,Consistent,13,77.7801,76.8538,1.0
519,Consistent,14,71.4968,74.4729,1.0
519,Consistent,15,77.6852,75.9006,1.0
519,Consistent,16,72.4638,74.3731,1.0
519,Consistent,17,77.2973,75.6728,1.0
519,Consistent,18,76.8925,76.2149,1.0
519,Consistent,19,75.344,75.8278,1.0
519,Consistent,20,78.9727,77.2255,1.0
520,Consistent,1,67.148,67.148,0.2
520,Consistent,2,69.6754,69.1699,0.4
520,Consistent,3,73.6497,72.1564,0.6
520,Consistent,4,67.7837,69.6577,0.8
520,Consistent,5,72.9657,71.3117,1.0
520,Consistent,6,73.1268,72.1184,1.0
520,Consistent,7,81.5484,76.3095,1.0
520,Consistent,8,75.7127,76.0443,1.0
520,Consistent,9,80.1471,77.8678,1.0
520,Consistent,10,76.5084,77.2636,1.0
520,Consistent,11,72.3217,75.0672,1.0
520,Consistent,12,75.6686,75.3345,1.0
520,Consistent,13,78.6471,76.8068,1.0
520,Consistent,14,80.967,78.6558,1.0
520,Consistent,15,74.3384,76.737,1.0
520,Consistent,16,66.7624,72.3038,1.0
520,Consistent,17,66.411,69.6848,1.0
520,Consistent,18,73.3679,71.3217,1.0
520,Consistent,19,63.3105,67.7612,1.0
520,Consistent,20,83.9755,74.9676,1.0
521,Consistent,1,77.9847,77.9847,0.2
521,Consistent,2,71.8217,73.0543,0.4
521,Consistent,3,69.4518,70.6526,0.6
521,Consistent,4,80.1406,76.0743,0.8
521,Consistent,5,69.4318,72.7531,1.0
521,Consistent,6,69.9089,71.489,1.0
521,Consistent,7,71.1703,71.3473,1.0
521,Consistent,8,75.5704,73.2243,1.0
521,Consistent,9,78.104,75.393,1.0
521,Consistent,10,80.9634,77.8687,1.0
521,Consistent,11,80.2249,78.9159,1.0
521,Consistent,12,75.0039,77.1772,1.0
521,Consistent,13,80.1026,78.4774,1.0
521,Consistent,14,71.645,75.4408,1.0
521,Consistent,15,65.8957,71.1985,1.0
521,Consistent,16,71.6443,71.3967,1.0
521,Consistent,17,70.9687,71.2065,1.0
521,Consistent,18,71.8401,71.4881,1.0
521,Consistent,19,70.2031,70.917,1.0
521,Consistent,20,72.6945,71.707,1.0
522,Consistent,1,78.1001,78.1001,0.2
522,Consistent,2,83.5763,82.481,0.4
522,Consistent,3,66.3733,71.7425,0.6
522,Consistent,4,68.5613,69.9247,0.8
522,Consistent,5,71.0428,70.4837,1.0
522,Consistent,6,78.8287,74.1926,1.0
522,Consistent,7,73.9753,74.096,1.0
522,Consistent,8,71.3795,72.8887,1.0
522,Consistent,9,78.5837,75.4198,1.0
522,Consistent,10,79.782,77.3585,1.0
522,Consistent,11,74.9062,76.2686,1.0
522,Consistent,12,70.9189,73.891,1.0
522,Consistent,13,76.3514,74.9845,1.0
522,Consistent,14,73.8337,74.473,1.0
522,Consistent,15,73.7949,74.1716,1.0
522,Consistent,16,72.438,73.4011,1.0
522,Consistent,17,79.6249,76.1673,1.0
522,Consistent,18,76.2494,76.2038,1.0
522,Consistent,19,80.1785,77.9703,1.0
522,Consistent,20,81.6816,79.6198,1.0
523,Consistent,1,77.2949,77.2949,0.2
523,Consistent,2,72.4676,73.4331,0.4
523,Consistent,3,80.2016,77.9454,0.6
523,Consistent,4,77.3283,77.5928,0.8
523,Consistent,5,88.0168,82.8048,1.0
523,Consistent,6,76.5505,80.0251,1.0
523,Consistent,7,78.4884,79.3422,1.0
523,Consistent,8,76.4521,78.0577,1.0
523,Consistent,9,74.5045,76.4785,1.0
523,Consistent,10,73.706,75.2463,1.0
523,Consistent,11,76.4712,75.7907,1.0
523,Consistent,12,77.6059,76.5974,1.0
523,Consistent,13,80.7719,78.4528,1.0
523,Consistent,14,76.5443,77.6045,1.0
523,Consistent,15,72.6856,75.4183,1.0
523,Consistent,16,73.3657,74.5061,1.0
523,Consistent,17,68.3853,71.7857,1.0
523,Consistent,18,83.3061,76.9059,1.0
523,Consistent,19,72.2941,74.8562,1.0
523,Consistent,20,79.8372,77.07,1.0
524,Consistent,1,76.3828,76.3828,0.2
524,Consistent,2,76.5187,76.4915,0.4
524,Consistent,3,74.4128,75.1057,0.6
524,Consistent,4,71.061,72.7944,0.8
524,Consistent,5,70.1573,71.4759,1.0
524,Consistent,6,83.6423,76.8832,1.0
524,Consistent,7,75.5698,76.2995,1.0
524,Consistent,8,80.6263,78.2225,1.0
524,Consistent,9,81.9245,79.8679,1.0
524,Consistent,10,72.9458,76.7914,1.0
524,Consistent,11,77.1175,76.9363,1.0
524,Consistent,12,75.2251,76.1758,1.0
524,Consistent,13,69.2139,73.0816,1.0
524,Consistent,14,74.0726,73.5221,1.0
524,Consistent,15,77.9375,75.4845,1.0
524,Consistent,16,72.5049,74.1602,1.0
524,Consistent,17,73.3758,73.8116,1.0
524,Consistent,18,74.1332,73.9545,1.0
524,Consistent,19,85.5576,79.1115,1.0
524,Consistent,20,65.8298,73.2085,1.0
525,Consistent,1,77.5082,77.5082,0.2
525,Consistent,2,73.7333,74.4883,0.4
525,Consistent,3,71.7967,72.6939,0.6
525,Consistent,4,73.6106,73.2177,0.8
525,Consistent,5,78.3369,75.7773,1.0
525,Consistent,6,78.6226,77.0419,1.0
525,Consistent,7,75.9301,76.5478,1.0
525,Consistent,8,80.4637,78.2882,1.0
525,Consistent,9,81.3442,79.6464,1.0
525,Consistent,10,79.0819,79.3955,1.0
525,Consistent,11,72.269,76.2282,1.0
525,Consistent,12,77.4722,76.7811,1.0
525,Consistent,13,77.496,77.0988,1.0
525,Consistent,14,70.9218,74.3535,1.0
525,Consistent,15,67.1528,71.1532,1.0
525,Consistent,16,64.8861,68.3678,1.0
525,Consistent,17,75.3493,71.4707,1.0
525,Consistent,18,76.4902,73.7016,1.0
525,Consistent,19,69.0911,71.6525,1.0
525,Consistent,20,80.2302,75.4648,1.0
526,Consistent,1,75.7611,75.7611,0.2
526,Consistent,2,81.7473,80.55,0.4
526,Consistent,3,76.8527,78.0851,0.6
526,Consistent,4,69.6683,73.2755,0.8
526,Consistent,5,77.2914,75.2835,1.0
526,Consistent,6,78.3506,76.6466,1.0
526,Consistent,7,72.2619,74.6978,1.0
526,Consistent,8,67.7895,71.6275,1.0
526,Consistent,9,75.5015,73.3493,1.0
526,Consistent,10,69.9958,71.8588,1.0
526,Consistent,11,80.6044,75.7458,1.0
526,Consistent,12,72.9641,74.5095,1.0
526,Consistent,13,83.623,78.5599,1.0
526,Consistent,14,64.3792,72.2574,1.0
526,Consistent,15,75.674,73.7759,1.0
526,Consistent,16,82.147,77.4964,1.0
526,Consistent,17,70.5485,74.4084,1.0
526,Consistent,18,74.204,74.3176,1.0
526,Consistent,19,72.9848,73.7252,1.0
526,Consistent,20,71.5812,72.7723,1.0
527,Consistent,1,76.2231,76.2231,0.2
527,Consistent,2,68.5229,70.0629,0.4
527,Consistent,3,74.4452,72.9844,0.6
527,Consistent,4,77.58,75.6104,0.8
527,Consistent,5,73.9245,74.7675,1.0
527,Consistent,6,69.999,72.6482,1.0
527,Consistent,7,80.1509,75.9827,1.0
527,Consistent,8,78.6513,77.1687,1.0
527,Consistent,9,69.7941,73.8911,1.0
527,Consistent,10,68.5295,71.5082,1.0
527,Consistent,11,70.2404,70.9447,1.0
527,Consistent,12,77.7264,73.9588,1.0
527,Consistent,13,76.3779,75.0339,1.0
527,Consistent,14,78.9504,76.7746,1.0
527,Consistent,15,73.3692,75.2611,1.0
527,Consistent,16,70.3763,73.0901,1.0
527,Consistent,17,79.5942,75.9808,1.0
527,Consistent,18,72.2328,74.315,1.0
527,Consistent,19,75.9327,75.034,1.0
527,Consistent,20,67.2504,71.5746,1.0
528,Consistent,1,72.1509,72.1509,0.2
528,Consistent,2,80.047,78.4678,0.4
528,Consistent,3,71.4186,73.7683,0.6
528,Consistent,4,79.0725,76.7993,0.8
528,Consistent,5,63.3449,70.0721,1.0
528,Consistent,6,72.203,71.0192,1.0
528,Consistent,7,74.1432,72.4076,1.0
528,Consistent,8,83.7127,77.4321,1.0
528,Consistent,9,69.1547,73.7533,1.0
528,Consistent,10,78.355,75.7985,1.0
528,Consistent,11,80.2847,77.7923,1.0
528,Consistent,12,71.3926,74.948,1.0
528,Consistent,13,73.1324,74.141,1.0
528,Consistent,14,75.7081,74.8375,1.0
528,Consistent,15,67.5926,71.6176,1.0
528,Consistent,16,72.7245,72.1095,1.0
528,Consistent,17,81.3806,76.23,1.0
528,Consistent,18,77.6133,76.8448,1.0
528,Consistent,19,74.2162,75.6765,1.0
528,Consistent,20,75.5654,75.6271,1.0
529,Consistent,1,77.9045,77.9045,0.2
529,Consistent,2,78.8621,78.6705,0.4
529,Consistent,3,72.2179,74.3688,0.6
529,Consistent,4,82.6736,79.1144,0.8
529,Consistent,5,81.5817,80.3481,1.0
529,Consistent,6,78.3863,79.4762,1.0
529,Consistent,7,70.7852,75.6135,1.0
529,Consistent,8,69.8989,73.0737,1.0
529,Consistent,9,73.367,73.204,1.0
529,Consistent,10,75.3038,74.1373,1.0
529,Consistent,11,66.1575,70.5907,1.0
529,Consistent,12,77.4735,73.6497,1.0
529,Consistent,13,81.4373,77.1109,1.0
529,Consistent,14,77.8824,77.4538,1.0
529,Consistent,15,71.6197,74.8609,1.0
529,Consistent,16,71.028,73.1574,1.0
529,Consistent,17,76.4993,74.6426,1.0
529,Consistent,18,74.2335,74.4608,1.0
529,Consistent,19,77.2152,75.685,1.0
529,Consistent,20,78.0086,76.7177,1.0
530,Consistent,1,80.4595,80.4595,0.2
530,Consistent,2,69.3394,71.5634,0.4
530,Consistent,3,76.1081,74.5932,0.6
530,Consistent,4,73.1826,73.7872,0.8
530,Consistent,5,74.5068,74.147,1.0
530,Consistent,6,79.322,76.447,1.0
530,Consistent,7,79.8656,77.9664,1.0
530,Consistent,8,81.9922,79.7557,1.0
530,Consistent,9,77.128,78.5878,1.0
530,Consistent,10,74.4499,76.7487,1.0
530,Consistent,11,73.7356,75.4096,1.0
530,Consistent,12,66.3262,71.3725,1.0
530,Consistent,13,81.6987,75.9619,1.0
530,Consistent,14,73.3905,74.8191,1.0
530,Consistent,15,77.5295,76.0237,1.0
530,Consistent,16,78.395,77.0776,1.0
530,Consistent,17,68.7734,73.3869,1.0
530,Consistent,18,70.3833,72.0519,1.0
530,Consistent,19,82.7351,76.8,1.0
530,Consistent,20,76.4522,76.6454,1.0
531,Consistent,1,72.0971,72.0971,0.2
531,Consistent,2,74.3683,73.914,0.4
531,Consistent,3,80.4312,78.2588,0.6
531,Consistent,4,79.6716,79.0661,0.8
531,Consistent,5,67.6696,73.3678,1.0
531,Consistent,6,83.1714,77.725,1.0
531,Consistent,7,79.8307,78.6609,1.0
531,Consistent,8,74.2376,76.695,1.0
531,Consistent,9,69.0414,73.2934,1.0
531,Consistent,10,80.27,76.3941,1.0
531,Consistent,11,77.3821,76.8332,1.0
531,Consistent,12,67.711,72.7789,1.0
531,Consistent,13,73.8396,73.2503,1.0
531,Consistent,14,90.6309,80.975,1.0
531,Consistent,15,75.0825,78.3561,1.0
531,Consistent,16,71.2901,75.2157,1.0
531,Consistent,17,69.9575,72.8787,1.0
531,Consistent,18,83.8605,77.7595,1.0
531,Consistent,19,79.2388,78.417,1.0
531,Consistent,20,82.0372,80.026,1.0
532,Consistent,1,76.2409,76.2409,0.2
532,Consistent,2,81.2701,80.2643,0.4
532,Consistent,3,70.7584,73.927,0.6
532,Consistent,4,75.813,75.0047,0.8
532,Consistent,5,76.4353,75.72,1.0
532,Consistent,6,81.9122,78.4721,1.0
532,Consistent,7,76.5942,77.6375,1.0
532,Consistent,8,71.8724,75.0752,1.0
532,Consistent,9,75.3204,75.1842,1.0
532,Consistent,10,66.6179,71.377,1.0
532,Consistent,11,63.3952,67.8295,1.0
532,Consistent,12,79.1567,72.8638,1.0
532,Consistent,13,73.1263,72.9805,1.0
532,Consistent,14,73.6929,73.2971,1.0
532,Consistent,15,79.1547,75.9005,1.0
532,Consistent,16,81.9851,78.6047,1.0
532,Consistent,17,77.6724,78.1904,1.0
532,Consistent,18,84.6404,81.057,1.0
532,Consistent,19,77.5134,79.4821,1.0
532,Consistent,20,76.5111,78.1616,1.0
533,Consistent,1,76.2019,76.2019,0.2
533,Consistent,2,68.5725,70.0984,0.4
533,Consistent,3,79.78,76.5528,0.6
533,Consistent,4,62.7727,68.6784,0.8
533,Consistent,5,72.0687,70.3736,1.0
533,Consistent,6,75.1147,72.4807,1.0
533,Consistent,7,71.0512,71.8454,1.0
533,Consistent,8,72.7412,72.2435,1.0
533,Consistent,9,84.1969,77.5561,1.0
533,Consistent,10,80.5201,78.8735,1.0
533,Consistent,11,71.5709,75.6279,1.0
533,Consistent,12,72.6522,74.3053,1.0
533,Consistent,13,68.615,71.7763,1.0
533,Consistent,14,78.525,74.7757,1.0
533,Consistent,15,73.7513,74.3204,1.0
533,Consistent,16,65.1677,70.2525,1.0
533,Consistent,17,75.5039,72.5865,1.0
533,Consistent,18,77.1949,74.6347,1.0
533,Consistent,19,79.8157,76.9373,1.0
533,Consistent,20,74.6332,75.9133,1.0
534,Consistent,1,73.1366,73.1366,0.2
534,Consistent,2,84.9313,82.5724,0.4
534,Consistent,3,75.0329,77.5461,0.6
534,Consistent,4,78.5978,78.1471,0.8
534,Consistent,5,72.3023,75.2247,1.0
534,Consistent,6,78.4495,76.658,1.0
534,Consistent,7,67.7219,72.6864,1.0
534,Consistent,8,72.6897,72.6878,1.0
534,Consistent,9,68.9586,71.0304,1.0
534,Consistent,10,71.9751,71.4503,1.0
534,Consistent,11,81.2524,75.8068,1.0
534,Consistent,12,71.9384,74.0875,1.0
534,Consistent,13,78.5913,76.0892,1.0
534,Consistent,14,82.5863,78.9768,1.0
534,Consistent,15,74.8621,77.148,1.0
534,Consistent,16,79.9688,78.4017,1.0
534,Consistent,17,77.6554,78.07,1.0
534,Consistent,18,75.5822,76.9643,1.0
534,Consistent,19,78.7516,77.7587,1.0
534,Consistent,20,84.1997,80.6213,1.0
535,Consistent,1,71.8137,71.8137,0.2
535,Consistent,2,70.204,70.5259,0.4
535,Consistent,3,69.9104,70.1156,0.6
535,Consistent,4,79.9721,75.7479,0.8
535,Consistent,5,80.6468,78.1974,1.0
535,Consistent,6,72.3148,75.5829,1.0
535,Consistent,7,64.3199,70.5771,1.0
535,Consistent,8,71.6262,71.0434,1.0
535,Consistent,9,77.7393,74.0193,1.0
535,Consistent,10,74.6664,74.3069,1.0
535,Consistent,11,75.9017,75.0157,1.0
535,Consistent,12,72.3833,73.8457,1.0
535,Consistent,13,80.0704,76.6123,1.0
535,Consistent,14,76.716,76.6584,1.0
535,Consistent,15,77.9323,77.2246,1.0
535,Consistent,16,75.7953,76.5893,1.0
535,Consistent,17,77.6218,77.0482,1.0
535,Consistent,18,77.2929,77.157,1.0
535,Consistent,19,70.3596,74.1359,1.0
535,Consistent,20,76.8653,75.349,1.0
536,Consistent,1,78.9575,78.9575,0.2
536,Consistent,2,80.7757,80.4121,0.4
536,Consistent,3,77.0805,78.191,0.6
536,Consistent,4,70.1737,73.6097,0.8
536,Consistent,5,70.9434,72.2766,1.0
536,Consistent,6,72.8243,72.52,1.0
536,Consistent,7,75.9473,74.0432,1.0
536,Consistent,8,74.3888,74.1968,1.0
536,Consistent,9,69.3813,72.0566,1.0
536,Consistent,10,69.3514,70.8543,1.0
536,Consistent,11,64.5074,68.0334,1.0
536,Consistent,12,59.4026,64.1975,1.0
536,Consistent,13,74.3411,68.7058,1.0
536,Consistent,14,86.6012,76.6593,1.0
536,Consistent,15,83.9839,79.9147,1.0
536,Consistent,16,70.1088,75.5565,1.0
536,Consistent,17,75.7495,75.6423,1.0
536,Consistent,18,67.6771,72.1022,1.0
536,Consistent,19,68.4395,70.4743,1.0
536,Consistent,20,69.0126,69.8247,1.0
537,Consistent,1,73.8725,73.8725,0.2
537,Consistent,2,74.0877,74.0447,0.4
537,Consistent,3,76.2635,75.5239,0.6
537,Consistent,4,78.3161,77.1194,0.8
537,Consistent,5,73.3156,75.2175,1.0
537,Consistent,6,75.181,75.2013,1.0
537,Consistent,7,69.5309,72.6811,1.0
537,Consistent,8,68.2775,70.724,1.0
537,Consistent,9,67.5051,69.2934,1.0
537,Consistent,10,78.2462,73.2724,1.0
537,Consistent,11,73.3105,73.2893,1.0
537,Consistent,12,65.6444,69.8916,1.0
537,Consistent,13,74.6846,72.0218,1.0
537,Consistent,14,68.7559,70.5703,1.0
537,Consistent,15,83.3019,76.2288,1.0
537,Consistent,16,72.1059,74.3964,1.0
537,Consistent,17,78.4075,76.1791,1.0
537,Consistent,18,80.4448,78.075,1.0
537,Consistent,19,70.2254,74.5863,1.0
537,Consistent,20,75.3802,74.9391,1.0
538,Consistent,1,77.7673,77.7673,0.2
538,Consistent,2,75.5777,76.0157,0.4
538,Consistent,3,76.8055,76.5422,0.6
538,Consistent,4,68.3519,71.862,0.8
538,Consistent,5,77.7702,74.8161,1.0
538,Consistent,6,72.5692,73.8175,1.0
538,Consistent,7,76.7473,75.1196,1.0
538,Consistent,8,79.5999,77.1109,1.0
538,Consistent,9,78.344,77.6589,1.0
538,Consistent,10,76.7436,77.2521,1.0
538,Consistent,11,78.2106,77.6781,1.0
538,Consistent,12,78.4421,78.0177,1.0
538,Consistent,13,82.4775,79.9998,1.0
538,Consistent,14,74.8297,77.702,1.0
538,Consistent,15,75.8198,76.8655,1.0
538,Consistent,16,79.6603,78.1076,1.0
538,Consistent,17,72.5481,75.6367,1.0
538,Consistent,18,68.3237,72.3865,1.0
538,Consistent,19,77.4662,74.6441,1.0
538,Consistent,20,73.9699,74.3444,1.0
539,Consistent,1,68.9624,68.9624,0.2
539,Consistent,2,77.5027,75.7946,0.4
539,Consistent,3,82.1557,80.0353,0.6
539,Consistent,4,66.8513,72.5016,0.8
539,Consistent,5,80.1116,76.3066,1.0
539,Consistent,6,62.3147,70.088,1.0
539,Consistent,7,72.9986,71.3816,1.0
539,Consistent,8,84.2026,77.0798,1.0
539,Consistent,9,73.3584,75.4258,1.0
539,Consistent,10,75.4497,75.4364,1.0
539,Consistent,11,78.8143,76.9377,1.0
539,Consistent,12,66.4176,72.2621,1.0
539,Consistent,13,75.3605,73.6392,1.0
539,Consistent,14,75.3211,74.3867,1.0
539,Consistent,15,84.3116,78.7978,1.0
539,Consistent,16,68.8213,74.3638,1.0
539,Consistent,17,73.0923,73.7987,1.0
539,Consistent,18,70.3582,72.2696,1.0
539,Consistent,19,69.8279,71.1844,1.0
539,Consistent,20,80.637,75.3856,1.0
540,Consistent,1,75.1333,75.1333,0.2
540,Consistent,2,72.2222,72.8044,0.4
540,Consistent,3,72.4108,72.542,0.6
540,Consistent,4,72.1839,72.3373,0.8
540,Consistent,5,72.631,72.4842,1.0
540,Consistent,6,68.6778,70.7924,1.0
540,Consistent,7,73.7064,72.0875,1.0
540,Consistent,8,73.204,72.5837,1.0
540,Consistent,9,71.211,71.9736,1.0
540,Consistent,10,75.7752,73.6632,1.0
540,Consistent,11,76.1994,74.7904,1.0
540,Consistent,12,72.2168,73.6466,1.0
540,Consistent,13,74.2793,73.9278,1.0
540,Consistent,14,85.7931,79.2013,1.0
540,Consistent,15,85.6022,82.0461,1.0
540,Consistent,16,69.7295,76.5721,1.0
540,Consistent,17,70.4278,73.8413,1.0
540,Consistent,18,69.703,72.002,1.0
540,Consistent,19,80.2853,75.6835,1.0
540,Consistent,20,73.0074,74.4941,1.0
541,Consistent,1,76.1984,76.1984,0.2
541,Consistent,2,84.9848,83.2275,0.4
541,Consistent,3,74.9477,77.7076,0.6
541,Consistent,4,78.5312,78.1783,0.8
541,Consistent,5,77.6021,77.8902,1.0
541,Consistent,6,72.0589,75.2985,1.0
541,Consistent,7,80.2958,77.5195,1.0
541,Consistent,8,70.7515,74.5115,1.0
541,Consistent,9,81.6994,77.7061,1.0
541,Consistent,10,72.0627,75.198,1.0
541,Consistent,11,72.6102,74.0478,1.0
541,Consistent,12,69.5576,72.0522,1.0
541,Consistent,13,70.3787,71.3084,1.0
541,Consistent,14,72.8662,72.0007,1.0
541,Consistent,15,62.8433,67.9308,1.0
541,Consistent,16,73.8333,70.5541,1.0
541,Consistent,17,72.4601,71.4012,1.0
541,Consistent,18,78.9501,74.7563,1.0
541,Consistent,19,77.1149,75.8046,1.0
541,Consistent,20,71.4618,73.8744,1.0
542,Consistent,1,72.7072,72.7072,0.2
542,Consistent,2,73.8269,73.603,0.4
542,Consistent,3,82.4298,79.4875,0.6
542,Consistent,4,70.8885,74.5738,0.8
542,Consistent,5,71.4012,72.9875,1.0
542,Consistent,6,69.3571,71.374,1.0
542,Consistent,7,67.5898,69.6921,1.0
542,Consistent,8,76.535,72.7334,1.0
542,Consistent,9,76.0145,74.1917,1.0
542,Consistent,10,81.4138,77.4015,1.0
542,Consistent,11,80.207,78.6484,1.0
542,Consistent,12,86.9856,82.3538,1.0
542,Consistent,13,74.6306,78.9213,1.0
542,Consistent,14,73.6974,76.5995,1.0
542,Consistent,15,68.4989,72.9992,1.0
542,Consistent,16,78.4829,75.4364,1.0
542,Consistent,17,75.5927,75.5059,1.0
542,Consistent,18,78.2563,76.7283,1.0
542,Consistent,19,69.3044,73.4288,1.0
542,Consistent,20,76.758,74.9084,1.0
543,Consistent,1,76.026,76.026,0.2
543,Consistent,2,75.6952,75.7613,0.4
543,Consistent,3,71.5837,72.9762,0.6
543,Consistent,4,80.9466,77.5307,0.8
543,Consistent,5,85.2515,81.3911,1.0
543,Consistent,6,69.4483,76.0832,1.0
543,Consistent,7,78.6022,77.2028,1.0
543,Consistent,8,60.6107,69.8285,1.0
543,Consistent,9,78.343,73.6128,1.0
543,Consistent,10,65.6492,70.0734,1.0
543,Consistent,11,72.3752,71.0964,1.0
543,Consistent,12,68.4349,69.9135,1.0
543,Consistent,13,73.9219,71.695,1.0
543,Consistent,14,79.194,75.0279,1.0
543,Consistent,15,65.7134,70.8881,1.0
543,Consistent,16,73.2026,71.9168,1.0
543,Consistent,17,72.4332,72.1463,1.0
543,Consistent,18,82.9052,76.928,1.0
543,Consistent,19,77.1588,77.0306,1.0
543,Consistent,20,69.1139,73.5121,1.0
544,Consistent,1,72.6435,72.6435,0.2
544,Consistent,2,82.7805,80.7531,0.4
544,Consistent,3,78.5718,79.2989,0.6
544,Consistent,4,70.4088,74.2189,0.8
544,Consistent,5,73.6646,73.9418,1.0
544,Consistent,6,73.8245,73.8896,1.0
544,Consistent,7,72.3101,73.1876,1.0
544,Consistent,8,66.4489,70.1926,1.0
544,Consistent,9,71.6119,70.8234,1.0
544,Consistent,10,81.946,75.7668,1.0
544,Consistent,11,73.0943,74.579,1.0
544,Consistent,12,74.4837,74.5367,1.0
544,Consistent,13,75.7026,75.0549,1.0
544,Consistent,14,86.0907,79.9597,1.0
544,Consistent,15,75.0444,77.7751,1.0
544,Consistent,16,80.4697,78.9727,1.0
544,Consistent,17,72.0091,75.8778,1.0
544,Consistent,18,73.703,74.9112,1.0
544,Consistent,19,75.0628,74.9786,1.0
544,Consistent,20,71.1293,73.2678,1.0
545,Consistent,1,73.9814,73.9814,0.2
545,Consistent,2,79.4403,78.3485,0.4
545,Consistent,3,70.9982,73.4483,0.6
545,Consistent,4,75.0004,74.3352,0.8
545,Consistent,5,78.5437,76.4394,1.0
545,Consistent,6,70.8777,73.9675,1.0
545,Consistent,7,80.4771,76.8607,1.0
545,Consistent,8,75.3644,76.1957,1.0
545,Consistent,9,74.1744,75.2973,1.0
545,Consistent,10,64.9593,70.7026,1.0
545,Consistent,11,73.1319,71.7823,1.0
545,Consistent,12,76.858,74.0382,1.0
545,Consistent,13,83.7267,78.3442,1.0
545,Consistent,14,77.8394,78.1199,1.0
545,Consistent,15,80.6311,79.236,1.0
545,Consistent,16,68.9545,74.6664,1.0
545,Consistent,17,74.3659,74.5328,1.0
545,Consistent,18,81.1037,77.4532,1.0
545,Consistent,19,70.5613,74.3902,1.0
545,Consistent,20,79.8261,76.8061,1.0
546,Consistent,1,78.6666,78.6666,0.2
546,Consistent,2,76.3736,76.8322,0.4
546,Consistent,3,73.3565,74.5151,0.6
546,Consistent,4,70.0685,71.9742,0.8
546,Consistent,5,83.8769,77.9255,1.0
546,Consistent,6,78.1593,78.0294,1.0
546,Consistent,7,76.7031,77.4399,1.0
546,Consistent,8,72.9358,75.4381,1.0
546,Consistent,9,75.1894,75.3275,1.0
546,Consistent,10,75.8236,75.548,1.0
546,Consistent,11,76.9994,76.1931,1.0
546,Consistent,12,78.6717,77.2947,1.0
546,Consistent,13,71.0876,74.536,1.0
546,Consistent,14,67.667,71.4831,1.0
546,Consistent,15,75.4214,73.2335,1.0
546,Consistent,16,66.2639,70.1359,1.0
546,Consistent,17,73.3817,71.5785,1.0
546,Consistent,18,72.4541,71.9676,1.0
546,Consistent,19,77.4587,74.4081,1.0
546,Consistent,20,84.913,79.0769,1.0
547,Consistent,1,65.277,65.277,0.2
547,Consistent,2,86.3709,82.1521,0.4
547,Consistent,3,73.8346,76.6071,0.6
547,Consistent,4,76.739,76.6825,0.8
547,Consistent,5,67.9258,72.3042,1.0
547,Consistent,6,79.9844,75.7176,1.0
547,Consistent,7,75.2074,75.4908,1.0
547,Consistent,8,74.6927,75.1361,1.0
547,Consistent,9,65.3131,70.7703,1.0
547,Consistent,10,75.369,72.8142,1.0
547,Consistent,11,79.2291,75.6653,1.0
547,Consistent,12,73.8186,74.8445,1.0
547,Consistent,13,80.871,77.523,1.0
547,Consistent,14,80.6645,78.9192,1.0
547,Consistent,15,71.7945,75.7527,1.0
547,Consistent,16,82.9756,78.9628,1.0
547,Consistent,17,75.2265,77.3022,1.0
547,Consistent,18,75.2487,76.3896,1.0
547,Consistent,19,75.4949,75.9919,1.0
547,Consistent,20,75.3466,75.7051,1.0
548,Consistent,1,61.8493,61.8493,0.2
548,Consistent,2,74.0725,71.6278,0.4
548,Consistent,3,68.1803,69.3295,0.6
548,Consistent,4,83.1317,77.2164,0.8
548,Consistent,5,82.9304,80.0734,1.0
548,Consistent,6,79.2597,79.7118,1.0
548,Consistent,7,73.8077,77.0877,1.0
548,Consistent,8,69.9599,73.9198,1.0
548,Consistent,9,71.7121,72.9386,1.0
548,Consistent,10,84.7132,78.1718,1.0
548,Consistent,11,71.539,75.2239,1.0
548,Consistent,12,63.222,69.8897,1.0
548,Consistent,13,80.1508,74.4502,1.0
548,Consistent,14,82.5025,78.029,1.0
548,Consistent,15,83.2961,80.3699,1.0
548,Consistent,16,80.1917,80.2907,1.0
548,Consistent,17,81.0076,80.6093,1.0
548,Consistent,18,75.2647,78.2339,1.0
548,Consistent,19,64.6185,72.1826,1.0
548,Consistent,20,75.1394,73.4968,1.0
549,Consistent,1,78.1079,78.1079,0.2
549,Consistent,2,74.3236,75.0805,0.4
549,Consistent,3,74.0958,74.424,0.6
549,Consistent,4,70.1794,71.9985,0.8
549,Consistent,5,69.9913,70.9949,1.0
549,Consistent,6,84.1907,76.8597,1.0
549,Consistent,7,84.3717,80.1984,1.0
549,Consistent,8,74.9868,77.8821,1.0
549,Consistent,9,76.4076,77.2268,1.0
549,Consistent,10,70.0957,74.0574,1.0
549,Consistent,11,78.2129,75.9043,1.0
549,Consistent,12,83.7982,79.4127,1.0
549,Consistent,13,67.3538,74.0532,1.0
549,Consistent,14,77.3194,75.5049,1.0
549,Consistent,15,77.6951,76.4783,1.0
549,Consistent,16,77.638,76.9937,1.0
549,Consistent,17,83.2141,79.7583,1.0
549,Consistent,18,85.1801,82.168,1.0
549,Consistent,19,73.8326,78.4634,1.0
549,Consistent,20,78.3659,78.42,1.0
550,Consistent,1,75.4212,75.4212,0.2
550,Consistent,2,71.8394,72.5558,0.4
550,Consistent,3,76.3541,75.088,0.6
550,Consistent,4,78.3575,76.9563,0.8
550,Consistent,5,76.0846,76.5205,1.0
550,Consistent,6,70.5941,73.8865,1.0
550,Consistent,7,72.6822,73.3513,1.0
550,Consistent,8,72.7205,73.0709,1.0
550,Consistent,9,70.7878,72.0562,1.0
550,Consistent,10,76.5677,74.0613,1.0
550,Consistent,11,77.0906,75.4076,1.0
550,Consistent,12,79.8976,77.4032,1.0
550,Consistent,13,70.7119,74.4293,1.0
550,Consistent,14,72.1126,73.3996,1.0
550,Consistent,15,82.7728,77.5655,1.0
550,Consistent,16,74.1775,76.0597,1.0
550,Consistent,17,75.1507,75.6557,1.0
550,Consistent,18,74.1245,74.9752,1.0
550,Consistent,19,80.6652,77.504,1.0
550,Consistent,20,80.859,78.9952,1.0
551,Consistent,1,80.566,80.566,0.2
551,Consistent,2,75.1328,76.2195,0.4
551,Consistent,3,70.6378,72.4984,0.6
551,Consistent,4,84.6261,79.4285,0.8
551,Consistent,5,79.2815,79.355,1.0
551,Consistent,6,72.7167,76.4047,1.0
551,Consistent,7,82.1191,78.9444,1.0
551,Consistent,8,72.322,76.0011,1.0
551,Consistent,9,82.0535,78.6911,1.0
551,Consistent,10,82.3914,80.3357,1.0
551,Consistent,11,70.3926,75.9165,1.0
551,Consistent,12,77.9088,76.802,1.0
551,Consistent,13,78.911,77.7393,1.0
551,Consistent,14,88.0745,82.3327,1.0
551,Consistent,15,71.2885,77.4242,1.0
551,Consistent,16,82.1627,79.5302,1.0
551,Consistent,17,75.0867,77.5553,1.0
551,Consistent,18,68.7932,73.661,1.0
551,Consistent,19,74.4001,73.9895,1.0
551,Consistent,20,75.0123,74.4441,1.0
552,Consistent,1,69.7055,69.7055,0.2
552,Consistent,2,76.5609,75.1898,0.4
552,Consistent,3,79.789,78.256,0.6
552,Consistent,4,76.191,77.076,0.8
552,Consistent,5,72.2908,74.6834,1.0
552,Consistent,6,74.2576,74.4942,1.0
552,Consistent,7,74.9773,74.7089,1.0
552,Consistent,8,76.0866,75.3212,1.0
552,Consistent,9,80.5492,77.6447,1.0
552,Consistent,10,76.3597,77.0736,1.0
552,Consistent,11,67.9865,73.0349,1.0
552,Consistent,12,72.1884,72.6587,1.0
552,Consistent,13,75.8301,74.0682,1.0
552,Consistent,14,80.6206,76.9804,1.0
552,Consistent,15,81.4892,78.9843,1.0
552,Consistent,16,83.8734,81.1573,1.0
552,Consistent,17,75.6531,78.711,1.0
552,Consistent,18,78.8165,78.7579,1.0
552,Consistent,19,67.7277,73.8556,1.0
552,Consistent,20,77.1494,75.3195,1.0
553,Consistent,1,69.6237,69.6237,0.2
553,Consistent,2,74.6873,73.6746,0.4
553,Consistent,3,90.1492,84.6577,0.6
553,Consistent,4,76.5178,80.0063,0.8
553,Consistent,5,70.6809,75.3436,1.0
553,Consistent,6,77.0389,76.0971,1.0
553,Consistent,7,72.4146,74.4604,1.0
553,Consistent,8,70.1963,72.5653,1.0
553,Consistent,9,85.5157,78.321,1.0
553,Consistent,10,80.3341,79.2157,1.0
553,Consistent,11,76.7277,78.1099,1.0
553,Consistent,12,73.0409,75.857,1.0
553,Consistent,13,73.4461,74.7855,1.0
553,Consistent,14,82.7124,78.3086,1.0
553,Consistent,15,76.5329,77.5194,1.0
553,Consistent,16,59.586,69.549,1.0
553,Consistent,17,87.1047,77.3515,1.0
553,Consistent,18,75.9153,76.7132,1.0
553,Consistent,19,76.7168,76.7148,1.0
553,Consistent,20,80.4335,78.3676,1.0
554,Consistent,1,77.327,77.327,0.2
554,Consistent,2,78.7345,78.453,0.4
554,Consistent,3,72.8814,74.7386,0.6
554,Consistent,4,68.851,71.3743,0.8
554,Consistent,5,76.4012,73.8877,1.0
554,Consistent,6,82.1581,77.5634,1.0
554,Consistent,7,71.761,74.9846,1.0
554,Consistent,8,71.3599,73.3736,1.0
554,Consistent,9,81.1051,76.8098,1.0
554,Consistent,10,72.7138,74.9894,1.0
554,Consistent,11,72.9472,74.0817,1.0
554,Consistent,12,73.1343,73.6606,1.0
554,Consistent,13,74.6751,74.1115,1.0
554,Consistent,14,67.1318,71.0094,1.0
554,Consistent,15,72.3033,71.5845,1.0
554,Consistent,16,76.1518,73.6144,1.0
554,Consistent,17,76.1162,74.7263,1.0
554,Consistent,18,80.79,77.4213,1.0
554,Consistent,19,84.197,80.4327,1.0
554,Consistent,20,82.5624,81.3792,1.0
555,Consistent,1,79.5733,79.5733,0.2
555,Consistent,2,74.2563,75.3197,0.4
555,Consistent,3,71.8847,73.0297,0.6
555,Consistent,4,75.0894,74.2067,0.8
555,Consistent,5,77.9279,76.0673,1.0
555,Consistent,6,79.1097,77.4195,1.0
555,Consistent,7,78.1154,77.7288,1.0
555,Consistent,8,74.3941,76.2467,1.0
555,Consistent,9,78.9343,77.4412,1.0
555,Consistent,10,81.3044,79.1582,1.0
555,Consistent,11,79.4008,79.266,1.0
555,Consistent,12,74.8399,77.2989,1.0
555,Consistent,13,70.8308,74.4241,1.0
555,Consistent,14,70.7122,72.7744,1.0
555,Consistent,15,71.5939,72.2497,1.0
555,Consistent,16,76.2854,74.0433,1.0
555,Consistent,17,77.599,75.6236,1.0
555,Consistent,18,67.9273,72.2031,1.0
555,Consistent,19,72.48,72.3262,1.0
555,Consistent,20,76.2164,74.0552,1.0
556,Consistent,1,70.5016,70.5016,0.2
556,Consistent,2,77.1695,75.8359,0.4
556,Consistent,3,73.4629,74.2539,0.6
556,Consistent,4,71.3829,72.6133,0.8
556,Consistent,5,75.266,73.9397,1.0
556,Consistent,6,76.9614,75.2827,1.0
556,Consistent,7,70.7574,73.2714,1.0
556,Consistent,8,73.7869,73.5005,1.0
556,Consistent,9,77.3384,75.2063,1.0
556,Consistent,10,71.1895,73.421,1.0
556,Consistent,11,66.7112,70.4389,1.0
556,Consistent,12,67.3171,69.0514,1.0
556,Consistent,13,72.9097,70.7662,1.0
556,Consistent,14,68.4079,69.7181,1.0
556,Consistent,15,73.2614,71.2929,1.0
556,Consistent,16,83.3247,76.6404,1.0
556,Consistent,17,68.107,72.8478,1.0
556,Consistent,18,73.587,73.1763,1.0
556,Consistent,19,85.6615,78.7253,1.0
556,Consistent,20,77.0407,77.9766,1.0
557,Consistent,1,73.1614,73.1614,0.2
557,Consistent,2,74.2156,74.0047,0.4
557,Consistent,3,77.1468,76.0995,0.6
557,Consistent,4,83.4789,80.3163,0.8
557,Consistent,5,72.3457,76.331,1.0
557,Consistent,6,71.2119,74.0559,1.0
557,Consistent,7,68.106,71.4115,1.0
557,Consistent,8,75.5155,73.2355,1.0
557,Consistent,9,67.9716,70.896,1.0
557,Consistent,10,72.6811,71.6893,1.0
557,Consistent,11,70.4566,71.1415,1.0
557,Consistent,12,80.3706,75.2433,1.0
557,Consistent,13,72.458,74.0054,1.0
557,Consistent,14,76.9847,75.3295,1.0
557,Consistent,15,66.9795,71.6184,1.0
557,Consistent,16,75.6575,73.4136,1.0
557,Consistent,17,68.9842,71.445,1.0
557,Consistent,18,72.8718,72.0791,1.0
557,Consistent,19,86.056,78.2911,1.0
557,Consistent,20,79.6609,78.8999,1.0
558,Consistent,1,74.3579,74.3579,0.2
558,Consistent,2,90.9947,87.6674,0.4
558,Consistent,3,70.4241,76.1719,0.6
558,Consistent,4,80.8261,78.8314,0.8
558,Consistent,5,67.3366,73.084,1.0
558,Consistent,6,73.7804,73.3935,1.0
558,Consistent,7,68.2611,71.1124,1.0
558,Consistent,8,76.2864,73.412,1.0
558,Consistent,9,75.2799,74.2421,1.0
558,Consistent,10,73.4617,73.8953,1.0
558,Consistent,11,80.4603,76.8131,1.0
558,Consistent,12,72.1645,74.747,1.0
558,Consistent,13,76.6343,75.5858,1.0
558,Consistent,14,79.1028,77.1489,1.0
558,Consistent,15,67.5839,72.8978,1.0
558,Consistent,16,71.2579,72.169,1.0
558,Consistent,17,75.2693,73.5469,1.0
558,Consistent,18,78.1508,75.5931,1.0
558,Consistent,19,82.1062,78.4878,1.0
558,Consistent,20,73.9206,76.4579,1.0
559,Consistent,1,73.4176,73.4176,0.2
559,Consistent,2,70.637,71.1931,0.4
559,Consistent,3,76.6499,74.831,0.6
559,Consistent,4,73.5144,74.0787,0.8
559,Consistent,5,73.6298,73.8543,1.0
559,Consistent,6,74.5306,74.1548,1.0
559,Consistent,7,77.7581,75.7563,1.0
559,Consistent,8,72.1813,74.1674,1.0
559,Consistent,9,71.1392,72.8216,1.0
559,Consistent,10,77.1586,74.7491,1.0
559,Consistent,11,59.8714,68.1368,1.0
559,Consistent,12,71.9816,69.8456,1.0
559,Consistent,13,69.2435,69.578,1.0
559,Consistent,14,81.0163,74.6617,1.0
559,Consistent,15,72.7953,73.8322,1.0
559,Consistent,16,72.1964,73.1052,1.0
559,Consistent,17,74.7569,73.8393,1.0
559,Consistent,18,72.0231,73.0321,1.0
559,Consistent,19,72.9868,73.0119,1.0
559,Consistent,20,75.4856,74.1113,1.0
560,Consistent,1,72.8898,72.8898,0.2
560,Consistent,2,72.8539,72.8611,0.4
560,Consistent,3,69.9492,70.9198,0.6
560,Consistent,4,69.2311,69.9548,0.8
560,Consistent,5,75.3032,72.629,1.0
560,Consistent,6,76.533,74.3641,1.0
560,Consistent,7,67.8592,71.4731,1.0
560,Consistent,8,78.7997,74.7293,1.0
560,Consistent,9,78.8202,76.5475,1.0
560,Consistent,10,79.8734,78.0257,1.0
560,Consistent,11,76.4994,77.3474,1.0
560,Consistent,12,78.1854,77.7198,1.0
560,Consistent,13,85.9251,81.3666,1.0
560,Consistent,14,73.4924,77.867,1.0
560,Consistent,15,69.7715,74.269,1.0
560,Consistent,16,67.3297,71.1849,1.0
560,Consistent,17,83.7784,76.782,1.0
560,Consistent,18,83.8439,79.9206,1.0
560,Consistent,19,70.377,75.679,1.0
560,Consistent,20,71.3634,73.761,1.0
561,Consistent,1,73.38,73.38,0.2
561,Consistent,2,81.1213,79.573,0.4
561,Consistent,3,68.5635,72.2333,0.6
561,Consistent,4,65.1669,68.1954,0.8
561,Consistent,5,85.8376,77.0165,1.0
561,Consistent,6,76.5619,76.8144,1.0
561,Consistent,7,77.2721,77.0178,1.0
561,Consistent,8,73.9745,75.6652,1.0
561,Consistent,9,77.3289,76.4046,1.0
561,Consistent,10,67.429,72.4155,1.0
561,Consistent,11,70.7954,71.6954,1.0
561,Consistent,12,75.5258,73.3978,1.0
561,Consistent,13,63.6455,69.0635,1.0
561,Consistent,14,73.4874,71.0297,1.0
561,Consistent,15,73.1792,71.985,1.0
561,Consistent,16,73.4865,72.6524,1.0
561,Consistent,17,72.2446,72.4711,1.0
561,Consistent,18,70.0205,71.382,1.0
561,Consistent,19,65.8898,68.941,1.0
561,Consistent,20,75.7237,71.9556,1.0
562,Consistent,1,73.4994,73.4994,0.2
562,Consistent,2,68.1236,69.1987,0.4
562,Consistent,3,75.3127,73.2747,0.6
562,Consistent,4,73.5252,73.4179,0.8
562,Consistent,5,72.6949,73.0564,1.0
562,Consistent,6,64.2155,69.1271,1.0
562,Consistent,7,78.4138,73.2545,1.0
562,Consistent,8,68.8347,71.2902,1.0
562,Consistent,9,75.3164,73.0796,1.0
562,Consistent,10,70.9587,72.137,1.0
562,Consistent,11,73.0564,72.5456,1.0
562,Consistent,12,80.7615,76.1971,1.0
562,Consistent,13,77.6581,76.8464,1.0
562,Consistent,14,80.6502,78.537,1.0
562,Consistent,15,76.6519,77.6992,1.0
562,Consistent,16,76.9807,77.3799,1.0
562,Consistent,17,66.0943,72.3641,1.0
562,Consistent,18,73.4124,72.83,1.0
562,Consistent,19,73.8755,73.2946,1.0
562,Consistent,20,81.1183,76.7718,1.0
563,Consistent,1,72.4689,72.4689,0.2
563,Consistent,2,76.3243,75.5532,0.4
563,Consistent,3,76.1288,75.9369,0.6
563,Consistent,4,80.7884,78.7092,0.8
563,Consistent,5,74.3313,76.5202,1.0
563,Consistent,6,79.1389,77.6841,1.0
563,Consistent,7,66.4757,72.7026,1.0
563,Consistent,8,66.9299,70.1369,1.0
563,Consistent,9,63.5833,67.2242,1.0
563,Consistent,10,78.9299,72.4267,1.0
563,Consistent,11,78.3683,75.0675,1.0
563,Consistent,12,79.4841,77.0304,1.0
563,Consistent,13,71.6132,74.6228,1.0
563,Consistent,14,72.1823,73.5381,1.0
563,Consistent,15,74.3948,73.9188,1.0
563,Consistent,16,82.2185,77.6076,1.0
563,Consistent,17,83.4691,80.2127,1.0
563,Consistent,18,78.969,79.66,1.0
563,Consistent,19,76.6551,78.3245,1.0
563,Consistent,20,81.6769,79.8144,1.0
564,Consistent,1,73.7208,73.7208,0.2
564,Consistent,2,73.0453,73.1804,0.4
564,Consistent,3,74.3549,73.9634,0.6
564,Consistent,4,70.1064,71.7594,0.8
564,Consistent,5,74.125,72.9422,1.0
564,Consistent,6,69.413,71.3736,1.0
564,Consistent,7,80.125,75.2632,1.0
564,Consistent,8,77.7184,76.3544,1.0
564,Consistent,9,82.1478,78.9292,1.0
564,Consistent,10,66.8536,73.5623,1.0
564,Consistent,11,84.5085,78.4273,1.0
564,Consistent,12,67.1376,73.4096,1.0
564,Consistent,13,69.0085,71.4536,1.0
564,Consistent,14,71.8959,71.6502,1.0
564,Consistent,15,81.5386,76.045,1.0
564,Consistent,16,76.1279,76.0818,1.0
564,Consistent,17,73.7809,75.0592,1.0
564,Consistent,18,71.0369,73.2715,1.0
564,Consistent,19,68.1203,70.9821,1.0
564,Consistent,20,80.6631,75.2848,1.0
565,Consistent,1,78.9932,78.9932,0.2
565,Consistent,2,81.7623,81.2084,0.4
565,Consistent,3,76.9841,78.3922,0.6
565,Consistent,4,61.7895,68.9049,0.8
565,Consistent,5,68.7771,68.841,1.0
565,Consistent,6,77.3244,72.6114,1.0
565,Consistent,7,73.1514,72.8514,1.0
565,Consistent,8,72.2058,72.5645,1.0
565,Consistent,9,69.4839,71.1953,1.0
565,Consistent,10,79.7379,74.992,1.0
565,Consistent,11,77.281,76.0093,1.0
565,Consistent,12,77.506,76.6745,1.0
565,Consistent,13,71.832,74.5223,1.0
565,Consistent,14,75.8814,75.1263,1.0
565,Consistent,15,68.3112,72.0974,1.0
565,Consistent,16,74.3509,73.0989,1.0
565,Consistent,17,62.3604,68.3262,1.0
565,Consistent,18,67.1594,67.8076,1.0
565,Consistent,19,73.3884,70.288,1.0
565,Consistent,20,86.8756,77.6603,1.0
566,Consistent,1,65.9963,65.9963,0.2
566,Consistent,2,68.7821,68.2249,0.4
566,Consistent,3,76.0839,73.4642,0.6
566,Consistent,4,83.8471,79.3973,0.8
566,Consistent,5,76.0109,77.7041,1.0
566,Consistent,6,78.5107,78.0626,1.0
566,Consistent,7,73.312,75.9512,1.0
566,Consistent,8,72.4469,74.3937,1.0
566,Consistent,9,75.4109,74.8458,1.0
566,Consistent,10,71.7086,73.4515,1.0
566,Consistent,11,78.6213,75.7492,1.0
566,Consistent,12,66.9686,71.8467,1.0
566,Consistent,13,79.4499,75.2259,1.0
566,Consistent,14,75.1966,75.2129,1.0
566,Consistent,15,73.9264,74.6411,1.0
566,Consistent,16,66.7851,71.1495,1.0
566,Consistent,17,70.1011,70.6835,1.0
566,Consistent,18,80.9933,75.2656,1.0
566,Consistent,19,73.957,74.684,1.0
566,Consistent,20,76.392,75.4431,1.0
567,Consistent,1,70.6023,70.6023,0.2
567,Consistent,2,74.8547,74.0042,0.4
567,Consistent,3,68.1392,70.0942,0.6
567,Consistent,4,75.4994,73.1829,0.8
567,Consistent,5,76.8532,75.0181,1.0
567,Consistent,6,76.6031,75.7225,1.0
567,Consistent,7,70.4821,73.3934,1.0
567,Consistent,8,73.2897,73.3473,1.0
567,Consistent,9,77.686,75.2756,1.0
567,Consistent,10,73.9428,74.6833,1.0
567,Consistent,11,73.5635,74.1856,1.0
567,Consistent,12,84.5173,78.7775,1.0
567,Consistent,13,70.2451,74.9853,1.0
567,Consistent,14,80.4021,77.3928,1.0
567,Consistent,15,69.2266,73.7634,1.0
567,Consistent,16,78.2739,75.768,1.0
567,Consistent,17,78.5408,77.0004,1.0
567,Consistent,18,72.4482,74.9772,1.0
567,Consistent,19,68.9126,72.2818,1.0
567,Consistent,20,65.1478,69.1112,1.0
568,Consistent,1,71.9244,71.9244,0.2
568,Consistent,2,77.6311,76.4898,0.4
568,Consistent,3,69.6119,71.9045,0.6
568,Consistent,4,75.4847,73.9504,0.8
568,Consistent,5,67.6179,70.7841,1.0
568,Consistent,6,73.8306,72.1381,1.0
568,Consistent,7,69.2648,70.8611,1.0
568,Consistent,8,74.6101,72.5273,1.0
568,Consistent,9,72.4946,72.5128,1.0
568,Consistent,10,69.0482,70.9729,1.0
568,Consistent,11,71.7056,71.2986,1.0
568,Consistent,12,70.3292,70.8678,1.0
568,Consistent,13,68.4304,69.7845,1.0
568,Consistent,14,80.4137,74.5086,1.0
568,Consistent,15,73.1991,73.9266,1.0
568,Consistent,16,63.9889,69.5098,1.0
568,Consistent,17,71.8836,70.5648,1.0
568,Consistent,18,79.5736,74.5687,1.0
568,Consistent,19,71.1932,73.0685,1.0
568,Consistent,20,82.4887,77.2553,1.0
569,Consistent,1,70.7167,70.7167,0.2
569,Consistent,2,77.517,76.157,0.4
569,Consistent,3,80.1832,78.8411,0.6
569,Consistent,4,77.251,77.9325,0.8
569,Consistent,5,68.1275,73.03,1.0
569,Consistent,6,70.2877,71.8112,1.0
569,Consistent,7,80.8504,75.8286,1.0
569,Consistent,8,70.9769,73.6723,1.0
569,Consistent,9,79.8784,76.4306,1.0
569,Consistent,10,72.8486,74.8386,1.0
569,Consistent,11,75.7072,75.2246,1.0
569,Consistent,12,68.0695,72.0446,1.0
569,Consistent,13,71.9587,72.0064,1.0
569,Consistent,14,70.6235,71.3918,1.0
569,Consistent,15,76.128,73.4967,1.0
569,Consistent,16,75.466,74.372,1.0
569,Consistent,17,77.3132,75.6792,1.0
569,Consistent,18,72.5474,74.2873,1.0
569,Consistent,19,70.3488,72.5369,1.0
569,Consistent,20,75.9136,74.0377,1.0
570,Consistent,1,69.8521,69.8521,0.2
570,Consistent,2,80.3921,78.2841,0.4
570,Consistent,3,74.4274,75.713,0.6
570,Consistent,4,73.3693,74.3737,0.8
570,Consistent,5,77.3109,75.8423,1.0
570,Consistent,6,74.6182,75.2983,1.0
570,Consistent,7,66.7097,71.4811,1.0
570,Consistent,8,69.6929,70.6863,1.0
570,Consistent,9,80.2885,74.954,1.0
570,Consistent,10,75.4194,75.1608,1.0
570,Consistent,11,66.5922,71.3525,1.0
570,Consistent,12,76.7606,73.7561,1.0
570,Consistent,13,72.2037,73.0662,1.0
570,Consistent,14,70.6275,71.9823,1.0
570,Consistent,15,69.2756,70.7793,1.0
570,Consistent,16,79.9996,74.8773,1.0
570,Consistent,17,65.1725,70.564,1.0
570,Consistent,18,70.8123,70.6744,1.0
570,Consistent,19,75.6006,72.8638,1.0
570,Consistent,20,82.8918,77.3207,1.0
571,Consistent,1,77.7693,77.7693,0.2
571,Consistent,2,70.7699,72.1698,0.4
571,Consistent,3,82.6468,79.1544,0.6
571,Consistent,4,68.2244,72.9087,0.8
571,Consistent,5,76.3267,74.6177,1.0
571,Consistent,6,77.4389,75.8716,1.0
571,Consistent,7,70.5944,73.5262,1.0
571,Consistent,8,78.488,75.7314,1.0
571,Consistent,9,72.4305,74.2644,1.0
571,Consistent,10,78.4757,76.1361,1.0
571,Consistent,11,65.802,71.5432,1.0
571,Consistent,12,76.6749,73.8239,1.0
571,Consistent,13,72.9395,73.4308,1.0
571,Consistent,14,80.7485,76.6831,1.0
571,Consistent,15,74.7801,75.8373,1.0
571,Consistent,16,81.2461,78.2413,1.0
571,Consistent,17,77.5381,77.9287,1.0
571,Consistent,18,74.3625,76.3437,1.0
571,Consistent,19,78.9383,77.4969,1.0
571,Consistent,20,78.9703,78.1517,1.0
572,Consistent,1,77.3596,77.3596,0.2
572,Consistent,2,63.5385,66.3027,0.4
572,Consistent,3,70.0872,68.8257,0.6
572,Consistent,4,81.9205,76.3085,0.8
572,Consistent,5,68.7203,72.5144,1.0
572,Consistent,6,79.4123,75.5801,1.0
572,Consistent,7,78.5323,76.8922,1.0
572,Consistent,8,71.3712,74.4384,1.0
572,Consistent,9,65.0238,70.2542,1.0
572,Consistent,10,72.1554,71.0992,1.0
572,Consistent,11,85.3901,77.4507,1.0
572,Consistent,12,70.6836,74.4431,1.0
572,Consistent,13,71.0287,72.9256,1.0
572,Consistent,14,70.0121,71.6307,1.0
572,Consistent,15,81.0739,75.8277,1.0
572,Consistent,16,73.7854,74.92,1.0
572,Consistent,17,71.8705,73.5647,1.0
572,Consistent,18,82.0674,77.3436,1.0
572,Consistent,19,77.8975,77.5898,1.0
572,Consistent,20,70.4035,74.3959,1.0
573,Consistent,1,68.8821,68.8821,0.2
573,Consistent,2,80.7908,78.4091,0.4
573,Consistent,3,75.0839,76.1923,0.6
573,Consistent,4,67.2547,71.0851,0.8
573,Consistent,5,66.0844,68.5848,1.0
573,Consistent,6,69.4198,68.9559,1.0
573,Consistent,7,68.8026,68.8878,1.0
573,Consistent,8,64.7696,67.0575,1.0
573,Consistent,9,69.5025,68.1441,1.0
573,Consistent,10,70.4046,69.1488,1.0
573,Consistent,11,72.6866,70.7211,1.0
573,Consistent,12,83.4646,76.3849,1.0
573,Consistent,13,73.6658,75.1764,1.0
573,Consistent,14,74.1621,74.7256,1.0
573,Consistent,15,77.5463,75.9792,1.0
573,Consistent,16,73.8134,75.0166,1.0
573,Consistent,17,77.0008,75.8985,1.0
573,Consistent,18,76.4031,76.1227,1.0
573,Consistent,19,75.6129,75.8962,1.0
573,Consistent,20,88.8323,81.6456,1.0
574,Consistent,1,79.5556,79.5556,0.2
574,Consistent,2,69.5914,71.5842,0.4
574,Consistent,3,76.8511,75.0955,0.6
574,Consistent,4,71.0413,72.7788,0.8
574,Consistent,5,77.2313,75.005,1.0
574,Consistent,6,68.1241,71.9468,1.0
574,Consistent,7,69.4611,70.8421,1.0
574,Consistent,8,76.7195,73.4543,1.0
574,Consistent,9,79.9883,76.3583,1.0
574,Consistent,10,77.5132,76.8716,1.0
574,Consistent,11,79.2706,77.9378,1.0
574,Consistent,12,76.8691,77.4628,1.0
574,Consistent,13,75.8625,76.7516,1.0
574,Consistent,14,72.4815,74.8538,1.0
574,Consistent,15,79.065,76.7254,1.0
574,Consistent,16,80.1244,78.2361,1.0
574,Consistent,17,74.6844,76.6576,1.0
574,Consistent,18,74.4154,75.661,1.0
574,Consistent,19,82.957,78.9037,1.0
574,Consistent,20,74.8979,77.1233,1.0
575,Consistent,1,75.3784,75.3784,0.2
575,Consistent,2,77.4211,77.0126,0.4
575,Consistent,3,74.511,75.3448,0.6
575,Consistent,4,70.8983,72.804,0.8
575,Consistent,5,76.8898,74.8469,1.0
575,Consistent,6,74.8062,74.8288,1.0
575,Consistent,7,84.2112,78.9988,1.0
575,Consistent,8,78.9422,78.9737,1.0
575,Consistent,9,72.0226,75.8843,1.0
575,Consistent,10,78.6453,77.1114,1.0
575,Consistent,11,76.5393,76.8572,1.0
575,Consistent,12,81.5471,78.9416,1.0
575,Consistent,13,72.3777,76.0243,1.0
575,Consistent,14,75.9434,75.9883,1.0
575,Consistent,15,74.5045,75.3289,1.0
575,Consistent,16,75.2924,75.3127,1.0
575,Consistent,17,70.574,73.2066,1.0
575,Consistent,18,77.8796,75.2835,1.0
575,Consistent,19,77.0898,76.0863,1.0
575,Consistent,20,81.4261,78.4595,1.0
576,Consistent,1,74.9499,74.9499,0.2
576,Consistent,2,72.9408,73.3426,0.4
576,Consistent,3,78.9465,77.0785,0.6
576,Consistent,4,71.029,73.6216,0.8
576,Consistent,5,80.4249,77.0233,1.0
576,Consistent,6,80.4142,78.5304,1.0
576,Consistent,7,81.2864,79.7553,1.0
576,Consistent,8,76.8831,78.4788,1.0
576,Consistent,9,72.5675,75.8515,1.0
576,Consistent,10,75.5459,75.7157,1.0
576,Consistent,11,76.9003,76.2422,1.0
576,Consistent,12,72.1993,74.4454,1.0
576,Consistent,13,81.6656,77.6543,1.0
576,Consistent,14,77.9004,77.7637,1.0
576,Consistent,15,70.5389,74.5527,1.0
576,Consistent,16,84.4144,78.9357,1.0
576,Consistent,17,75.4869,77.4029,1.0
576,Consistent,18,69.5295,73.9036,1.0
576,Consistent,19,70.8487,72.5459,1.0
576,Consistent,20,82.4389,76.9428,1.0
577,Consistent,1,84.1249,84.1249,0.2
577,Consistent,2,80.0474,80.8629,0.4
577,Consistent,3,81.5965,81.352,0.6
577,Consistent,4,81.0831,81.1983,0.8
577,Consistent,5,77.7846,79.4915,1.0
577,Consistent,6,76.6452,78.2265,1.0
577,Consistent,7,77.6993,77.9922,1.0
577,Consistent,8,78.6801,78.2979,1.0
577,Consistent,9,71.292,75.1842,1.0
577,Consistent,10,78.6598,76.7289,1.0
577,Consistent,11,82.2931,79.2019,1.0
577,Consistent,12,73.9681,76.8758,1.0
577,Consistent,13,73.4338,75.346,1.0
577,Consistent,14,77.3827,76.2512,1.0
577,Consistent,15,71.7517,74.2514,1.0
577,Consistent,16,68.4159,71.6579,1.0
577,Consistent,17,80.7386,75.6937,1.0
577,Consistent,18,72.7452,74.3833,1.0
577,Consistent,19,75.0922,74.6984,1.0
577,Consistent,20,71.9494,73.4766,1.0
578,Consistent,1,81.3838,81.3838,0.2
578,Consistent,2,79.2659,79.6895,0.4
578,Consistent,3,73.7963,75.7607,0.6
578,Consistent,4,69.1005,71.9549,0.8
578,Consistent,5,73.2654,72.6101,1.0
578,Consistent,6,77.8508,74.9393,1.0
578,Consistent,7,75.9432,75.3855,1.0
578,Consistent,8,75.5455,75.4566,1.0
578,Consistent,9,76.0585,75.7241,1.0
578,Consistent,10,78.794,77.0885,1.0
578,Consistent,11,74.7907,76.0673,1.0
578,Consistent,12,77.2501,76.5929,1.0
578,Consistent,13,70.0654,73.6918,1.0
578,Consistent,14,87.7693,79.9485,1.0
578,Consistent,15,73.5807,77.1183,1.0
578,Consistent,16,76.018,76.6293,1.0
578,Consistent,17,77.8323,77.164,1.0
578,Consistent,18,72.946,75.2893,1.0
578,Consistent,19,75.0391,75.1781,1.0
578,Consistent,20,74.9784,75.0894,1.0
579,Consistent,1,70.4298,70.4298,0.2
579,Consistent,2,77.1929,75.8403,0.4
579,Consistent,3,66.7539,69.7827,0.6
579,Consistent,4,83.7635,77.7718,0.8
579,Consistent,5,78.9649,78.3683,1.0
579,Consistent,6,78.1956,78.2916,1.0
579,Consistent,7,66.3168,72.9694,1.0
579,Consistent,8,71.0374,72.1107,1.0
579,Consistent,9,81.9467,76.4823,1.0
579,Consistent,10,95.7562,85.0485,1.0
579,Consistent,11,80.9735,83.2374,1.0
579,Consistent,12,80.1847,81.8806,1.0
579,Consistent,13,77.6249,79.9892,1.0
579,Consistent,14,70.7625,75.8884,1.0
579,Consistent,15,79.9759,77.7051,1.0
579,Consistent,16,69.494,74.0557,1.0
579,Consistent,17,68.9471,71.7852,1.0
579,Consistent,18,68.6324,70.3839,1.0
579,Consistent,19,79.8786,74.6038,1.0
579,Consistent,20,74.7129,74.6523,1.0
580,Consistent,1,75.5043,75.5043,0.2
580,Consistent,2,74.923,75.0392,0.4
580,Consistent,3,69.3714,71.2607,0.6
580,Consistent,4,71.6463,71.4811,0.8
580,Consistent,5,71.8979,71.6895,1.0
580,Consistent,6,67.9736,70.038,1.0
580,Consistent,7,72.4789,71.1229,1.0
580,Consistent,8,69.5935,70.4431,1.0
580,Consistent,9,77.8884,73.7521,1.0
580,Consistent,10,78.3049,75.7756,1.0
580,Consistent,11,68.5318,72.5561,1.0
580,Consistent,12,73.5168,72.9831,1.0
580,Consistent,13,84.2803,78.0041,1.0
580,Consistent,14,70.0962,74.4895,1.0
580,Consistent,15,77.1332,75.6645,1.0
580,Consistent,16,75.5276,75.6036,1.0
580,Consistent,17,80.4644,77.764,1.0
580,Consistent,18,76.4773,77.1921,1.0
580,Consistent,19,72.8435,75.2594,1.0
580,Consistent,20,75.3338,75.2925,1.0
581,Consistent,1,75.4068,75.4068,0.2
581,Consistent,2,74.5415,74.7146,0.4
581,Consistent,3,68.4044,70.5078,0.6
581,Consistent,4,81.2154,76.6265,0.8
581,Consistent,5,80.3322,78.4793,1.0
581,Consistent,6,69.7791,74.6125,1.0
581,Consistent,7,73.4964,74.1165,1.0
581,Consistent,8,73.8746,74.009,1.0
581,Consistent,9,69.2174,71.8794,1.0
581,Consistent,10,65.666,69.1179,1.0
581,Consistent,11,71.647,70.242,1.0
581,Consistent,12,73.218,71.5646,1.0
581,Consistent,13,67.7938,69.8887,1.0
581,Consistent,14,75.8849,72.5537,1.0
581,Consistent,15,80.8143,76.2251,1.0
581,Consistent,16,79.2106,77.552,1.0
581,Consistent,17,74.3666,76.1362,1.0
581,Consistent,18,65.7979,71.5414,1.0
581,Consistent,19,78.5785,74.669,1.0
581,Consistent,20,75.732,75.1414,1.0
582,Consistent,1,77.1218,77.1218,0.2
582,Consistent,2,84.6805,83.1688,0.4
582,Consistent,3,70.8759,74.9735,0.6
582,Consistent,4,60.6259,66.7749,0.8
582,Consistent,5,69.7327,68.2538,1.0
582,Consistent,6,77.4302,72.3322,1.0
582,Consistent,7,75.1346,73.5777,1.0
582,Consistent,8,68.9218,71.5084,1.0
582,Consistent,9,67.9014,69.9053,1.0
582,Consistent,10,73.227,71.3816,1.0
582,Consistent,11,68.7695,70.2207,1.0
582,Consistent,12,77.6032,73.5018,1.0
582,Consistent,13,72.9429,73.2534,1.0
582,Consistent,14,71.8644,72.6361,1.0
582,Consistent,15,71.2086,72.0016,1.0
582,Consistent,16,76.3156,73.919,1.0
582,Consistent,17,75.213,74.4941,1.0
582,Consistent,18,76.0098,75.1677,1.0
582,Consistent,19,75.9006,75.4935,1.0
582,Consistent,20,74.639,75.1137,1.0
583,Consistent,1,69.8343,69.8343,0.2
583,Consistent,2,71.3481,71.0453,0.4
583,Consistent,3,73.0266,72.3662,0.6
583,Consistent,4,85.326,79.7718,0.8
583,Consistent,5,68.2558,74.0138,1.0
583,Consistent,6,72.9051,73.5211,1.0
583,Consistent,7,75.4913,74.3967,1.0
583,Consistent,8,73.4833,73.9908,1.0
583,Consistent,9,80.3698,76.8259,1.0
583,Consistent,10,73.4575,75.3288,1.0
583,Consistent,11,73.8273,74.6615,1.0
583,Consistent,12,79.0731,76.6222,1.0
583,Consistent,13,84.0536,79.925,1.0
583,Consistent,14,82.0375,80.8639,1.0
583,Consistent,15,74.3167,77.9541,1.0
583,Consistent,16,74.7524,76.5311,1.0
583,Consistent,17,75.2336,75.9544,1.0
583,Consistent,18,75.735,75.8569,1.0
583,Consistent,19,70.7633,73.5931,1.0
583,Consistent,20,79.683,76.2997,1.0
584,Consistent,1,76.033,76.033,0.2
584,Consistent,2,74.7757,75.0272,0.4
584,Consistent,3,68.6443,70.7719,0.6
584,Consistent,4,75.3114,73.3659,0.8
584,Consistent,5,65.5339,69.4499,1.0
584,Consistent,6,72.0918,70.6241,1.0
584,Consistent,7,72.1845,71.3176,1.0
584,Consistent,8,76.435,73.592,1.0
584,Consistent,9,84.3993,78.3952,1.0
584,Consistent,10,77.8595,78.1571,1.0
584,Consistent,11,82.242,79.9726,1.0
584,Consistent,12,78.2261,79.1964,1.0
584,Consistent,13,80.6253,79.8314,1.0
584,Consistent,14,84.2856,81.8111,1.0
584,Consistent,15,71.3408,77.1576,1.0
584,Consistent,16,71.0145,74.4273,1.0
584,Consistent,17,78.3441,76.1681,1.0
584,Consistent,18,74.9816,75.6408,1.0
584,Consistent,19,76.1018,75.8457,1.0
584,Consistent,20,73.7567,74.9172,1.0
585,Consistent,1,72.0187,72.0187,0.2
585,Consistent,2,83.1038,80.8868,0.4
585,Consistent,3,69.5007,73.2961,0.6
585,Consistent,4,78.432,76.2309,0.8
585,Consistent,5,77.6211,76.926,1.0
585,Consistent,6,67.1049,72.5611,1.0
585,Consistent,7,70.8461,71.7989,1.0
585,Consistent,8,71.6865,71.7489,1.0
585,Consistent,9,77.8229,74.4485,1.0
585,Consistent,10,73.1648,73.878,1.0
585,Consistent,11,74.5721,74.1865,1.0
585,Consistent,12,67.7118,71.3088,1.0
585,Consistent,13,86.6296,78.118,1.0
585,Consistent,14,75.356,76.8905,1.0
585,Consistent,15,77.495,77.1591,1.0
585,Consistent,16,72.2969,74.9981,1.0
585,Consistent,17,71.7369,73.5487,1.0
585,Consistent,18,84.5634,78.4441,1.0
585,Consistent,19,65.4164,72.654,1.0
585,Consistent,20,76.3932,74.3159,1.0
586,Consistent,1,68.9425,68.9425,0.2
586,Consistent,2,72.975,72.1685,0.4
586,Consistent,3,71.8095,71.9292,0.6
586,Consistent,4,70.0701,70.8669,0.8
586,Consistent,5,75.1772,73.022,1.0
586,Consistent,6,62.1599,68.1944,1.0
586,Consistent,7,73.4226,70.518,1.0
586,Consistent,8,74.5486,72.3094,1.0
586,Consistent,9,68.2036,70.4846,1.0
586,Consistent,10,82.5661,75.8541,1.0
586,Consistent,11,72.0277,74.1535,1.0
586,Consistent,12,73.8126,74.002,1.0
586,Consistent,13,72.0389,73.1295,1.0
586,Consistent,14,74.5922,73.7796,1.0
586,Consistent,15,81.5407,77.229,1.0
586,Consistent,16,87.3651,81.7339,1.0
586,Consistent,17,78.7282,80.398,1.0
586,Consistent,18,80.44,80.4167,1.0
586,Consistent,19,83.5821,81.8235,1.0
586,Consistent,20,76.2444,79.3439,1.0
587,Consistent,1,82.8513,82.8513,0.2
587,Consistent,2,78.962,79.7399,0.4
587,Consistent,3,75.7199,77.0599,0.6
587,Consistent,4,76.7517,76.8838,0.8
587,Consistent,5,65.8929,71.3884,1.0
587,Consistent,6,76.4606,73.6427,1.0
587,Consistent,7,67.2813,70.8154,1.0
587,Consistent,8,66.8737,69.0635,1.0
587,Consistent,9,75.9644,72.1306,1.0
587,Consistent,10,69.4296,70.9301,1.0
587,Consistent,11,74.9644,72.7232,1.0
587,Consistent,12,75.6922,74.0427,1.0
587,Consistent,13,75.9152,74.875,1.0
587,Consistent,14,70.4794,72.9214,1.0
587,Consistent,15,79.4934,75.8423,1.0
587,Consistent,16,74.5538,75.2696,1.0
587,Consistent,17,77.2054,76.13,1.0
587,Consistent,18,69.0178,72.969,1.0
587,Consistent,19,74.1084,73.4754,1.0
587,Consistent,20,80.4865,76.5914,1.0
588,Consistent,1,79.8509,79.8509,0.2
588,Consistent,2,71.0135,72.781,0.4
588,Consistent,3,72.2722,72.4418,0.6
588,Consistent,4,70.0566,71.0788,0.8
588,Consistent,5,71.7179,71.3984,1.0
588,Consistent,6,68.0047,69.8901,1.0
588,Consistent,7,74.3091,71.8541,1.0
588,Consistent,8,78.1657,74.6592,1.0
588,Consistent,9,71.0747,73.0661,1.0
588,Consistent,10,74.547,73.7243,1.0
588,Consistent,11,73.8975,73.8013,1.0
588,Consistent,12,80.2756,76.6787,1.0
588,Consistent,13,71.942,74.5735,1.0
588,Consistent,14,72.1239,73.4848,1.0
588,Consistent,15,70.7699,72.2782,1.0
588,Consistent,16,69.3125,70.9601,1.0
588,Consistent,17,77.6459,73.9316,1.0
588,Consistent,18,74.3244,74.1062,1.0
588,Consistent,19,75.274,74.6252,1.0
588,Consistent,20,81.3732,77.6243,1.0
589,Consistent,1,81.6604,81.6604,0.2
589,Consistent,2,66.7688,69.7471,0.4
589,Consistent,3,78.2392,75.4085,0.6
589,Consistent,4,76.1282,75.8198,0.8
589,Consistent,5,72.692,74.2559,1.0
589,Consistent,6,76.6384,75.3148,1.0
589,Consistent,7,66.3681,71.3385,1.0
589,Consistent,8,82.3132,76.2161,1.0
589,Consistent,9,77.5747,76.82,1.0
589,Consistent,10,70.674,74.0884,1.0
589,Consistent,11,72.0729,73.1927,1.0
589,Consistent,12,66.4843,70.2112,1.0
589,Consistent,13,73.4302,71.6418,1.0
589,Consistent,14,72.5863,72.0616,1.0
589,Consistent,15,68.3744,70.4229,1.0
589,Consistent,16,78.8835,74.1832,1.0
589,Consistent,17,81.384,77.3835,1.0
589,Consistent,18,74.8632,76.2634,1.0
589,Consistent,19,73.4718,75.0227,1.0
589,Consistent,20,77.1749,75.9792,1.0
590,Consistent,1,74.9018,74.9018,0.2
590,Consistent,2,69.5891,70.6516,0.4
590,Consistent,3,71.7366,71.375,0.6
590,Consistent,4,73.5178,72.5994,0.8
590,Consistent,5,76.2409,74.4202,1.0
590,Consistent,6,75.0467,74.6986,1.0
590,Consistent,7,76.0518,75.3001,1.0
590,Consistent,8,67.3759,71.7782,1.0
590,Consistent,9,78.3261,74.6884,1.0
590,Consistent,10,75.0171,74.8345,1.0
590,Consistent,11,87.7635,80.5807,1.0
590,Consistent,12,73.0618,77.239,1.0
590,Consistent,13,76.6173,76.9627,1.0
590,Consistent,14,89.1461,82.3775,1.0
590,Consistent,15,75.9705,79.5299,1.0
590,Consistent,16,74.6618,77.3663,1.0
590,Consistent,17,70.0654,74.1215,1.0
590,Consistent,18,82.6413,77.9081,1.0
590,Consistent,19,69.2045,74.0398,1.0
590,Consistent,20,77.1356,75.4157,1.0
591,Consistent,1,72.6322,72.6322,0.2
591,Consistent,2,74.0533,73.7691,0.4
591,Consistent,3,67.8803,69.8433,0.6
591,Consistent,4,81.7156,76.6275,0.8
591,Consistent,5,73.611,75.1192,1.0
591,Consistent,6,68.9246,72.366,1.0
591,Consistent,7,81.2635,76.3204,1.0
591,Consistent,8,72.4793,74.6133,1.0
591,Consistent,9,76.673,75.5287,1.0
591,Consistent,10,79.2071,77.1636,1.0
591,Consistent,11,77.3702,77.2554,1.0
591,Consistent,12,64.0168,71.3716,1.0
591,Consistent,13,78.4768,74.5294,1.0
591,Consistent,14,74.4969,74.515,1.0
591,Consistent,15,73.3549,73.9994,1.0
591,Consistent,16,74.4546,74.2017,1.0
591,Consistent,17,66.9498,70.9787,1.0
591,Consistent,18,75.9609,73.193,1.0
591,Consistent,19,68.178,70.9641,1.0
591,Consistent,20,73.5708,72.1226,1.0
592,Consistent,1,75.7813,75.7813,0.2
592,Consistent,2,80.3702,79.4524,0.4
592,Consistent,3,70.9019,73.7521,0.6
592,Consistent,4,82.2579,78.6126,0.8
592,Consistent,5,79.7343,79.1734,1.0
592,Consistent,6,72.853,76.3643,1.0
592,Consistent,7,69.4563,73.2941,1.0
592,Consistent,8,67.7809,70.8438,1.0
592,Consistent,9,76.3588,73.2949,1.0
592,Consistent,10,71.3136,72.4143,1.0
592,Consistent,11,80.9968,76.2287,1.0
592,Consistent,12,71.6024,74.1726,1.0
592,Consistent,13,70.4966,72.5388,1.0
592,Consistent,14,76.1681,74.1519,1.0
592,Consistent,15,71.5698,73.0043,1.0
592,Consistent,16,75.0427,73.9103,1.0
592,Consistent,17,79.9299,76.5857,1.0
592,Consistent,18,75.5861,76.1414,1.0
592,Consistent,19,75.6048,75.9029,1.0
592,Consistent,20,76.0257,75.9575,1.0
593,Consistent,1,66.5345,66.5345,0.2
593,Consistent,2,76.9592,74.8743,0.4
593,Consistent,3,75.7997,75.4912,0.6
593,Consistent,4,79.4645,77.7616,0.8
593,Consistent,5,78.0291,77.8953,1.0
593,Consistent,6,73.9903,76.1598,1.0
593,Consistent,7,80.162,77.9385,1.0
593,Consistent,8,73.5368,75.9822,1.0
593,Consistent,9,76.2358,76.0949,1.0
593,Consistent,10,73.4443,74.9168,1.0
593,Consistent,11,77.3088,75.9799,1.0
593,Consistent,12,73.1176,74.7078,1.0
593,Consistent,13,83.2378,78.4989,1.0
593,Consistent,14,85.0868,81.4268,1.0
593,Consistent,15,79.3697,80.5126,1.0
593,Consistent,16,82.7065,81.4876,1.0
593,Consistent,17,67.3039,75.1838,1.0
593,Consistent,18,67.8931,71.9435,1.0
593,Consistent,19,73.3922,72.5874,1.0
593,Consistent,20,75.2062,73.7513,1.0
594,Consistent,1,74.009,74.009,0.2
594,Consistent,2,66.7893,68.2333,0.4
594,Consistent,3,80.758,76.5831,0.6
594,Consistent,4,85.771,81.8333,0.8
594,Consistent,5,81.4049,81.6191,1.0
594,Consistent,6,80.4276,81.0896,1.0
594,Consistent,7,76.1306,78.8856,1.0
594,Consistent,8,70.785,75.2853,1.0
594,Consistent,9,75.3626,75.3197,1.0
594,Consistent,10,85.5279,79.8567,1.0
594,Consistent,11,73.2401,76.916,1.0
594,Consistent,12,72.7252,75.0534,1.0
594,Consistent,13,80.5365,77.4903,1.0
594,Consistent,14,80.8684,78.9917,1.0
594,Consistent,15,70.7605,75.3334,1.0
594,Consistent,16,73.6926,74.6041,1.0
594,Consistent,17,72.4905,73.6647,1.0
594,Consistent,18,75.3484,74.4131,1.0
594,Consistent,19,80.5184,77.1266,1.0
594,Consistent,20,70.9799,74.3947,1.0
595,Consistent,1,80.4483,80.4483,0.2
595,Consistent,2,75.5083,76.4963,0.4
595,Consistent,3,86.631,83.2527,0.6
595,Consistent,4,76.5942,79.4478,0.8
595,Consistent,5,74.5154,76.9816,1.0
595,Consistent,6,77.8736,77.378,1.0
595,Consistent,7,73.3143,75.5719,1.0
595,Consistent,8,66.0236,71.3282,1.0
595,Consistent,9,73.7974,72.4256,1.0
595,Consistent,10,73.7185,73.0003,1.0
595,Consistent,11,67.0384,70.3505,1.0
595,Consistent,12,74.6348,72.2547,1.0
595,Consistent,13,64.6644,68.8812,1.0
595,Consistent,14,73.2616,70.8281,1.0
595,Consistent,15,76.218,73.2236,1.0
595,Consistent,16,75.485,74.2286,1.0
595,Consistent,17,72.9447,73.658,1.0
595,Consistent,18,74.5723,74.0644,1.0
595,Consistent,19,71.0797,72.7378,1.0
595,Consistent,20,75.0541,73.7673,1.0
596,Consistent,1,75.2904,75.2904,0.2
596,Consistent,2,70.4988,71.4571,0.4
596,Consistent,3,76.3385,74.7114,0.6
596,Consistent,4,76.3073,75.6233,0.8
596,Consistent,5,74.169,74.8961,1.0
596,Consistent,6,87.1052,80.3224,1.0
596,Consistent,7,74.2965,77.6442,1.0
596,Consistent,8,73.6038,75.8485,1.0
596,Consistent,9,72.888,74.5327,1.0
596,Consistent,10,70.1453,72.5828,1.0
596,Consistent,11,78.4295,75.1813,1.0
596,Consistent,12,71.5688,73.5757,1.0
596,Consistent,13,72.1603,72.9466,1.0
596,Consistent,14,72.3088,72.6631,1.0
596,Consistent,15,70.0753,71.513,1.0
596,Consistent,16,66.2446,69.1715,1.0
596,Consistent,17,72.6853,70.7332,1.0
596,Consistent,18,79.3667,74.5703,1.0
596,Consistent,19,75.9849,75.199,1.0
596,Consistent,20,82.8029,78.5785,1.0
597,Consistent,1,78.7548,78.7548,0.2
597,Consistent,2,77.6198,77.8468,0.4
597,Consistent,3,84.4132,82.2244,0.6
597,Consistent,4,74.5143,77.8186,0.8
597,Consistent,5,75.3154,76.567,1.0
597,Consistent,6,74.9427,75.8451,1.0
597,Consistent,7,82.7189,78.9001,1.0
597,Consistent,8,75.0126,77.1723,1.0
597,Consistent,9,71.7586,74.7662,1.0
597,Consistent,10,77.9384,76.1761,1.0
597,Consistent,11,70.9187,73.8395,1.0
597,Consistent,12,77.6674,75.5407,1.0
597,Consistent,13,77.0692,76.2201,1.0
597,Consistent,14,74.053,75.2569,1.0
597,Consistent,15,77.8291,76.4001,1.0
597,Consistent,16,67.5611,72.4716,1.0
597,Consistent,17,75.8148,73.9575,1.0
597,Consistent,18,72.6862,73.3925,1.0
597,Consistent,19,89.3113,80.4675,1.0
597,Consistent,20,75.7791,78.3838,1.0
598,Consistent,1,72.018,72.018,0.2
598,Consistent,2,68.1085,68.8904,0.4
598,Consistent,3,81.527,77.3148,0.6
598,Consistent,4,73.2498,74.992,0.8
598,Consistent,5,71.0432,73.0176,1.0
598,Consistent,6,76.6815,74.646,1.0
598,Consistent,7,78.2486,76.2472,1.0
598,Consistent,8,78.1698,77.1016,1.0
598,Consistent,9,75.0988,76.2115,1.0
598,Consistent,10,75.796,76.0268,1.0
598,Consistent,11,76.1602,76.0861,1.0
598,Consistent,12,76.682,76.3509,1.0
598,Consistent,13,77.1244,76.6947,1.0
598,Consistent,14,80.4723,78.3736,1.0
598,Consistent,15,75.2821,76.9996,1.0
598,Consistent,16,70.916,74.2958,1.0
598,Consistent,17,74.2785,74.2881,1.0
598,Consistent,18,78.7689,76.2796,1.0
598,Consistent,19,66.0674,71.7408,1.0
598,Consistent,20,66.0962,69.2321,1.0
599,Consistent,1,79.5914,79.5914,0.2
599,Consistent,2,82.6006,81.9988,0.4
599,Consistent,3,68.674,73.1156,0.6
599,Consistent,4,75.5023,74.4794,0.8
599,Consistent,5,73.0023,73.7408,1.0
599,Consistent,6,73.6958,73.7208,1.0
599,Consistent,7,76.5277,74.9683,1.0
599,Consistent,8,68.5356,72.1094,1.0
599,Consistent,9,69.4639,70.9336,1.0
599,Consistent,10,73.4937,72.0714,1.0
599,Consistent,11,74.2731,73.05,1.0
599,Consistent,12,69.3702,71.4145,1.0
599,Consistent,13,78.9482,74.7628,1.0
599,Consistent,14,72.9122,73.9403,1.0
599,Consistent,15,72.8909,73.4739,1.0
599,Consistent,16,76.4133,74.7803,1.0
599,Consistent,17,74.3555,74.5915,1.0
599,Consistent,18,79.1874,76.6341,1.0
599,Consistent,19,70.3329,73.8336,1.0
599,Consistent,20,68.0131,71.2467,1.0
600,Consistent,1,73.4511,73.4511,0.2
600,Consistent,2,75.3012,74.9312,0.4
600,Consistent,3,68.7962,70.8412,0.6
600,Consistent,4,68.0612,69.2526,0.8
600,Consistent,5,75.9115,72.5821,1.0
600,Consistent,6,71.2111,71.9727,1.0
600,Consistent,7,67.7374,70.0904,1.0
600,Consistent,8,79.8267,74.4176,1.0
600,Consistent,9,71.841,73.2725,1.0
600,Consistent,10,80.7491,76.5954,1.0
600,Consistent,11,75.1424,75.9496,1.0
600,Consistent,12,76.4738,76.1826,1.0
600,Consistent,13,73.9425,75.187,1.0
600,Consistent,14,61.7242,69.2035,1.0
600,Consistent,15,69.3161,69.2535,1.0
600,Consistent,16,74.3715,71.5282,1.0
600,Consistent,17,76.8236,73.8817,1.0
600,Consistent,18,66.0516,70.4017,1.0
600,Consistent,19,74.732,72.3263,1.0
600,Consistent,20,69.3887,71.0207,1.0
601,Consistent,1,76.1731,76.1731,0.2
601,Consistent,2,74.903,75.157,0.4
601,Consistent,3,78.7175,77.5307,0.6
601,Consistent,4,80.3341,79.1326,0.8
601,Consistent,5,77.2949,78.2138,1.0
601,Consistent,6,79.302,78.6974,1.0
601,Consistent,7,73.2483,76.2756,1.0
601,Consistent,8,89.1156,81.9823,1.0
601,Consistent,9,68.9059,76.1705,1.0
601,Consistent,10,72.3612,74.4775,1.0
601,Consistent,11,79.5068,76.7127,1.0
601,Consistent,12,78.7636,77.6242,1.0
601,Consistent,13,77.4369,77.541,1.0
601,Consistent,14,78.3766,77.9124,1.0
601,Consistent,15,64.5822,71.9879,1.0
601,Consistent,16,82.9465,76.8584,1.0
601,Consistent,17,73.9805,75.5793,1.0
601,Consistent,18,81.2295,78.0905,1.0
601,Consistent,19,64.8324,72.198,1.0
601,Consistent,20,76.2828,74.0135,1.0
602,Consistent,1,72.1825,72.1825,0.2
602,Consistent,2,77.8606,76.725,0.4
602,Consistent,3,76.5854,76.6319,0.6
602,Consistent,4,76.8302,76.7452,0.8
602,Consistent,5,69.7053,73.2253,1.0
602,Consistent,6,74.7152,73.8874,1.0
602,Consistent,7,74.0992,73.9815,1.0
602,Consistent,8,77.4766,75.5349,1.0
602,Consistent,9,79.9465,77.4956,1.0
602,Consistent,10,75.7524,76.7208,1.0
602,Consistent,11,68.6191,73.1201,1.0
602,Consistent,12,75.5379,74.1947,1.0
602,Consistent,13,88.0554,80.355,1.0
602,Consistent,14,83.23,81.6328,1.0
602,Consistent,15,60.128,72.0751,1.0
602,Consistent,16,75.3167,73.5158,1.0
602,Consistent,17,79.6606,76.2468,1.0
602,Consistent,18,74.0884,75.2875,1.0
602,Consistent,19,72.6995,74.1373,1.0
602,Consistent,20,73.6652,73.9275,1.0
603,Consistent,1,77.7609,77.7609,0.2
603,Consistent,2,69.2577,70.9583,0.4
603,Consistent,3,80.9434,77.6151,0.6
603,Consistent,4,74.72,75.9608,0.8
603,Consistent,5,70.3249,73.1428,1.0
603,Consistent,6,80.6218,76.4668,1.0
603,Consistent,7,67.2743,72.3813,1.0
603,Consistent,8,72.2239,72.3113,1.0
603,Consistent,9,72.1416,72.2359,1.0
603,Consistent,10,85.7197,78.2287,1.0
603,Consistent,11,71.5749,75.2715,1.0
603,Consistent,12,64.2252,70.362,1.0
603,Consistent,13,72.0909,71.1304,1.0
603,Consistent,14,77.2778,73.8626,1.0
603,Consistent,15,78.9204,76.1105,1.0
603,Consistent,16,86.3827,80.6759,1.0
603,Consistent,17,82.0345,81.2797,1.0
603,Consistent,18,75.9396,78.9063,1.0
603,Consistent,19,70.5429,75.1893,1.0
603,Consistent,20,83.1201,78.7141,1.0
604,Consistent,1,73.1572,73.1572,0.2
604,Consistent,2,71.7092,71.9988,0.4
604,Consistent,3,72.9146,72.6094,0.6
604,Consistent,4,68.7386,70.3975,0.8
604,Consistent,5,72.6749,71.5362,1.0
604,Consistent,6,73.8345,72.5576,1.0
604,Consistent,7,78.6533,75.2668,1.0
604,Consistent,8,73.0596,74.2858,1.0
604,Consistent,9,68.6627,71.7867,1.0
604,Consistent,10,66.9811,69.6509,1.0
604,Consistent,11,76.0478,72.494,1.0
604,Consistent,12,75.3631,73.7692,1.0
604,Consistent,13,72.2284,73.0844,1.0
604,Consistent,14,72.6627,72.897,1.0
604,Consistent,15,76.9424,74.695,1.0
604,Consistent,16,81.9527,77.9206,1.0
604,Consistent,17,71.0993,74.8889,1.0
604,Consistent,18,75.4445,75.1359,1.0
604,Consistent,19,79.7914,77.205,1.0
604,Consistent,20,71.1194,74.5003,1.0
605,Consistent,1,74.9218,74.9218,0.2
605,Consistent,2,74.81,74.8324,0.4
605,Consistent,3,68.4435,70.5731,0.6
605,Consistent,4,75.8425,73.5842,0.8
605,Consistent,5,75.1577,74.371,1.0
605,Consistent,6,77.7754,75.8841,1.0
605,Consistent,7,69.0656,72.8536,1.0
605,Consistent,8,75.0499,73.8297,1.0
605,Consistent,9,81.9087,77.4204,1.0
605,Consistent,10,85.3875,80.9613,1.0
605,Consistent,11,81.4006,81.1566,1.0
605,Consistent,12,69.1146,75.8046,1.0
605,Consistent,13,77.2553,76.4493,1.0
605,Consistent,14,72.5843,74.7315,1.0
605,Consistent,15,76.4195,75.4817,1.0
605,Consistent,16,71.1389,73.5516,1.0
605,Consistent,17,66.4326,70.3876,1.0
605,Consistent,18,73.2774,71.672,1.0
605,Consistent,19,78.613,74.7569,1.0
605,Consistent,20,76.44,75.5049,1.0
606,Consistent,1,77.0147,77.0147,0.2
606,Consistent,2,76.0818,76.2683,0.4
606,Consistent,3,77.0226,76.7712,0.6
606,Consistent,4,77.6476,77.272,0.8
606,Consistent,5,73.6266,75.4493,1.0
606,Consistent,6,75.4145,75.4338,1.0
606,Consistent,7,83.7163,79.1149,1.0
606,Consistent,8,75.7102,77.6017,1.0
606,Consistent,9,75.2128,76.54,1.0
606,Consistent,10,75.5144,76.0842,1.0
606,Consistent,11,73.9105,75.1181,1.0
606,Consistent,12,72.8232,74.0981,1.0
606,Consistent,13,76.0434,74.9627,1.0
606,Consistent,14,72.4714,73.8555,1.0
606,Consistent,15,74.2724,74.0408,1.0
606,Consistent,16,71.0474,72.7104,1.0
606,Consistent,17,75.5401,73.968,1.0
606,Consistent,18,77.921,75.7249,1.0
606,Consistent,19,73.9404,74.9318,1.0
606,Consistent,20,64.9581,70.499,1.0
607,Consistent,1,77.9519,77.9519,0.2
607,Consistent,2,75.6009,76.0711,0.4
607,Consistent,3,70.0338,72.0463,0.6
607,Consistent,4,78.8664,75.9435,0.8
607,Consistent,5,68.0079,71.9757,1.0
607,Consistent,6,80.227,75.6429,1.0
607,Consistent,7,74.7132,75.2297,1.0
607,Consistent,8,63.6557,70.0857,1.0
607,Consistent,9,75.8916,72.6661,1.0
607,Consistent,10,72.969,72.8007,1.0
607,Consistent,11,72.2158,72.5408,1.0
607,Consistent,12,71.3114,71.9944,1.0
607,Consistent,13,74.3639,73.0475,1.0
607,Consistent,14,72.5741,72.8371,1.0
607,Consistent,15,65.7165,69.6724,1.0
607,Consistent,16,81.3603,74.867,1.0
607,Consistent,17,73.7782,74.3831,1.0
607,Consistent,18,71.3403,73.0308,1.0
607,Consistent,19,69.3579,71.3984,1.0
607,Consistent,20,78.8537,74.7118,1.0
608,Consistent,1,68.5078,68.5078,0.2
608,Consistent,2,75.6699,74.2375,0.4
608,Consistent,3,72.0818,72.8003,0.6
608,Consistent,4,72.3729,72.5561,0.8
608,Consistent,5,69.4822,71.0191,1.0
608,Consistent,6,71.8984,71.4099,1.0
608,Consistent,7,75.0441,73.0251,1.0
608,Consistent,8,76.1766,74.4257,1.0
608,Consistent,9,71.072,72.9352,1.0
608,Consistent,10,74.5453,73.6508,1.0
608,Consistent,11,79.4423,76.2248,1.0
608,Consistent,12,66.6869,71.9857,1.0
608,Consistent,13,74.9687,73.3115,1.0
608,Consistent,14,70.2461,71.9491,1.0
608,Consistent,15,69.7366,70.9657,1.0
608,Consistent,16,76.3051,73.3388,1.0
608,Consistent,17,72.2737,72.8654,1.0
608,Consistent,18,68.916,71.1101,1.0
608,Consistent,19,81.6214,75.7818,1.0
608,Consistent,20,79.6004,77.479,1.0
609,Consistent,1,65.3385,65.3385,0.2
609,Consistent,2,67.6279,67.17,0.4
609,Consistent,3,77.9673,74.3682,0.6
609,Consistent,4,73.5756,73.9153,0.8
609,Consistent,5,82.5029,78.2091,1.0
609,Consistent,6,78.0817,78.1525,1.0
609,Consistent,7,76.4973,77.4168,1.0
609,Consistent,8,69.8907,74.0719,1.0
609,Consistent,9,77.4572,75.5765,1.0
609,Consistent,10,68.6212,72.4852,1.0
609,Consistent,11,81.5262,76.5034,1.0
609,Consistent,12,77.1107,76.7733,1.0
609,Consistent,13,70.8758,74.1522,1.0
609,Consistent,14,79.0234,76.3172,1.0
609,Consistent,15,86.2076,80.7129,1.0
609,Consistent,16,73.9119,77.6903,1.0
609,Consistent,17,77.7521,77.7177,1.0
609,Consistent,18,72.8409,75.5502,1.0
609,Consistent,19,75.4268,75.4954,1.0
609,Consistent,20,67.4638,71.9258,1.0
610,Consistent,1,74.9974,74.9974,0.2
610,Consistent,2,75.2179,75.1738,0.4
610,Consistent,3,83.995,81.0546,0.6
610,Consistent,4,66.025,72.4662,0.8
610,Consistent,5,73.5956,73.0309,1.0
610,Consistent,6,81.4406,76.7685,1.0
610,Consistent,7,73.7911,75.4453,1.0
610,Consistent,8,74.1433,74.8666,1.0
610,Consistent,9,70.8337,73.0742,1.0
610,Consistent,10,70.337,71.8577,1.0
610,Consistent,11,65.8707,69.1968,1.0
610,Consistent,12,71.8539,70.3777,1.0
610,Consistent,13,70.0532,70.2335,1.0
610,Consistent,14,75.5902,72.6143,1.0
610,Consistent,15,71.0617,71.9242,1.0
610,Consistent,16,72.602,72.2255,1.0
610,Consistent,17,72.739,72.4537,1.0
610,Consistent,18,74.7592,73.4784,1.0
610,Consistent,19,72.3574,72.9801,1.0
610,Consistent,20,69.6911,71.5183,1.0
611,Consistent,1,75.4288,75.4288,0.2
611,Consistent,2,80.3374,79.3557,0.4
611,Consistent,3,75.6423,76.8801,0.6
611,Consistent,4,71.9509,74.0634,0.8
611,Consistent,5,74.3843,74.2238,1.0
611,Consistent,6,64.7468,70.0118,1.0
611,Consistent,7,74.303,71.919,1.0
611,Consistent,8,72.9982,72.3987,1.0
611,Consistent,9,70.3327,71.4805,1.0
611,Consistent,10,71.2395,71.3734,1.0
611,Consistent,11,72.9488,72.0736,1.0
611,Consistent,12,79.9623,75.5797,1.0
611,Consistent,13,80.4603,77.7488,1.0
611,Consistent,14,70.3594,74.4646,1.0
611,Consistent,15,72.4096,73.5513,1.0
611,Consistent,16,72.5371,73.1005,1.0
611,Consistent,17,79.0477,75.7437,1.0
611,Consistent,18,75.7275,75.7365,1.0
611,Consistent,19,75.4639,75.6154,1.0
611,Consistent,20,77.6813,76.5336,1.0
612,Consistent,1,72.0179,72.0179,0.2
612,Consistent,2,81.8194,79.8591,0.4
612,Consistent,3,74.9913,76.6139,0.6
612,Consistent,4,70.7204,73.2462,0.8
612,Consistent,5,73.8518,73.549,1.0
612,Consistent,6,81.1596,76.9315,1.0
612,Consistent,7,72.8743,75.1283,1.0
612,Consistent,8,79.7478,77.1814,1.0
612,Consistent,9,71.8733,74.8222,1.0
612,Consistent,10,71.1717,73.1998,1.0
612,Consistent,11,78.298,75.4656,1.0
612,Consistent,12,70.6301,73.3165,1.0
612,Consistent,13,79.1127,75.8926,1.0
612,Consistent,14,76.7581,76.2773,1.0
612,Consistent,15,70.632,73.7683,1.0
612,Consistent,16,74.6428,74.157,1.0
612,Consistent,17,72.2561,73.3121,1.0
612,Consistent,18,76.7449,74.8378,1.0
612,Consistent,19,84.439,79.105,1.0
612,Consistent,20,73.1465,76.4568,1.0
613,Consistent,1,77.6689,77.6689,0.2
613,Consistent,2,75.1222,75.6315,0.4
613,Consistent,3,75.1203,75.2907,0.6
613,Consistent,4,74.174,74.6526,0.8
613,Consistent,5,70.7129,72.6827,1.0
613,Consistent,6,76.6757,74.4574,1.0
613,Consistent,7,73.5563,74.0569,1.0
613,Consistent,8,70.476,72.4654,1.0
613,Consistent,9,80.0709,75.8456,1.0
613,Consistent,10,75.495,75.6898,1.0
613,Consistent,11,73.8595,74.8763,1.0
613,Consistent,12,81.7003,77.9092,1.0
613,Consistent,13,65.8196,72.536,1.0
613,Consistent,14,81.3641,76.4596,1.0
613,Consistent,15,70.5991,73.8549,1.0
613,Consistent,16,76.0577,74.8339,1.0
613,Consistent,17,72.0597,73.6009,1.0
613,Consistent,18,70.385,72.1716,1.0
613,Consistent,19,81.5694,76.3484,1.0
613,Consistent,20,84.2811,79.8741,1.0
614,Consistent,1,73.8939,73.8939,0.2
614,Consistent,2,76.6774,76.1207,0.4
614,Consistent,3,75.285,75.5635,0.6
614,Consistent,4,83.6525,80.1858,0.8
614,Consistent,5,64.4342,72.31,1.0
614,Consistent,6,76.8856,74.3436,1.0
614,Consistent,7,71.3644,73.0195,1.0
614,Consistent,8,63.2202,68.6643,1.0
614,Consistent,9,73.1973,70.679,1.0
614,Consistent,10,84.2402,76.7062,1.0
614,Consistent,11,71.7198,74.49,1.0
614,Consistent,12,78.9538,76.4739,1.0
614,Consistent,13,80.9934,78.4826,1.0
614,Consistent,14,74.9365,76.9065,1.0
614,Consistent,15,75.6023,76.3269,1.0
614,Consistent,16,66.4185,71.9232,1.0
614,Consistent,17,71.4192,71.6992,1.0
614,Consistent,18,79.535,75.1818,1.0
614,Consistent,19,75.3034,75.2358,1.0
614,Consistent,20,76.8367,75.9473,1.0
615,Consistent,1,75.6658,75.6658,0.2
615,Consistent,2,85.96,83.9012,0.4
615,Consistent,3,72.8474,76.532,0.6
615,Consistent,4,83.0271,80.2435,0.8
615,Consistent,5,75.6675,77.9555,1.0
615,Consistent,6,83.471,80.4068,1.0
615,Consistent,7,68.8751,75.2816,1.0
615,Consistent,8,75.9233,75.5668,1.0
615,Consistent,9,73.0316,74.44,1.0
615,Consistent,10,75.6974,74.9988,1.0
615,Consistent,11,81.1119,77.7157,1.0
615,Consistent,12,76.894,77.3505,1.0
615,Consistent,13,81.1019,79.0178,1.0
615,Consistent,14,71.6489,75.7427,1.0
615,Consistent,15,70.8858,73.5841,1.0
615,Consistent,16,75.0805,74.2492,1.0
615,Consistent,17,74.8067,74.497,1.0
615,Consistent,18,74.0707,74.3075,1.0
615,Consistent,19,70.2068,72.485,1.0
615,Consistent,20,80.9933,76.2664,1.0
616,Consistent,1,73.1858,73.1858,0.2
616,Consistent,2,82.1304,80.3415,0.4
616,Consistent,3,75.0637,76.823,0.6
616,Consistent,4,78.2421,77.6339,0.8
616,Consistent,5,77.7885,77.7112,1.0
616,Consistent,6,70.8786,74.6745,1.0
616,Consistent,7,76.836,75.6352,1.0
616,Consistent,8,84.6417,79.6381,1.0
616,Consistent,9,76.2581,78.1358,1.0
616,Consistent,10,79.5064,78.745,1.0
616,Consistent,11,78.4664,78.6211,1.0
616,Consistent,12,76.5352,77.6941,1.0
616,Consistent,13,75.9324,76.9111,1.0
616,Consistent,14,77.7366,77.278,1.0
616,Consistent,15,78.8164,77.9617,1.0
616,Consistent,16,68.2392,73.6406,1.0
616,Consistent,17,76.2365,74.7943,1.0
616,Consistent,18,74.0796,74.4767,1.0
616,Consistent,19,73.0424,73.8392,1.0
616,Consistent,20,81.4798,77.235,1.0
617,Consistent,1,71.3343,71.3343,0.2
617,Consistent,2,68.0262,68.6878,0.4
617,Consistent,3,78.9786,75.5483,0.6
617,Consistent,4,67.898,71.1767,0.8
617,Consistent,5,65.3603,68.2685,1.0
617,Consistent,6,79.5413,73.2787,1.0
617,Consistent,7,75.7936,74.3964,1.0
617,Consistent,8,77.3636,75.7152,1.0
617,Consistent,9,72.7879,74.4141,1.0
617,Consistent,10,68.078,71.5981,1.0
617,Consistent,11,69.0711,70.475,1.0
617,Consistent,12,73.6391,71.8812,1.0
617,Consistent,13,68.638,70.4398,1.0
617,Consistent,14,76.5353,73.1489,1.0
617,Consistent,15,72.6877,72.9439,1.0
617,Consistent,16,75.9252,74.2689,1.0
617,Consistent,17,75.7757,74.9386,1.0
617,Consistent,18,76.934,75.8255,1.0
617,Consistent,19,77.4974,76.5685,1.0
617,Consistent,20,73.2805,75.1072,1.0
618,Consistent,1,75.9198,75.9198,0.2
618,Consistent,2,76.18,76.128,0.4
618,Consistent,3,62.8555,67.2797,0.6
618,Consistent,4,78.2326,73.5385,0.8
618,Consistent,5,75.7497,74.6441,1.0
618,Consistent,6,77.8202,76.0557,1.0
618,Consistent,7,68.5658,72.7269,1.0
618,Consistent,8,73.4211,73.0354,1.0
618,Consistent,9,69.5424,71.4829,1.0
618,Consistent,10,78.723,74.7008,1.0
618,Consistent,11,67.9744,71.7113,1.0
618,Consistent,12,70.3567,71.1093,1.0
618,Consistent,13,77.6716,74.0258,1.0
618,Consistent,14,71.8531,73.0602,1.0
618,Consistent,15,70.358,71.8592,1.0
618,Consistent,16,79.5336,75.2701,1.0
618,Consistent,17,79.7386,77.2561,1.0
618,Consistent,18,78.6104,77.858,1.0
618,Consistent,19,79.2435,78.4738,1.0
618,Consistent,20,73.8421,76.4153,1.0
619,Consistent,1,73.977,73.977,0.2
619,Consistent,2,71.7596,72.2031,0.4
619,Consistent,3,75.8386,74.6268,0.6
619,Consistent,4,72.3605,73.3318,0.8
619,Consistent,5,72.8347,73.0832,1.0
619,Consistent,6,77.9995,75.2682,1.0
619,Consistent,7,80.9227,77.7813,1.0
619,Consistent,8,76.9913,77.4302,1.0
619,Consistent,9,83.9716,80.3375,1.0
619,Consistent,10,71.4724,76.3975,1.0
619,Consistent,11,65.8101,71.692,1.0
619,Consistent,12,78.5731,74.7503,1.0
619,Consistent,13,71.1408,73.1461,1.0
619,Consistent,14,73.6315,73.3618,1.0
619,Consistent,15,66.151,70.157,1.0
619,Consistent,16,70.5039,70.3112,1.0
619,Consistent,17,67.4889,69.0568,1.0
619,Consistent,18,72.8285,70.7331,1.0
619,Consistent,19,73.0272,71.7527,1.0
619,Consistent,20,75.4498,73.3959,1.0
620,Consistent,1,81.1986,81.1986,0.2
620,Consistent,2,78.3845,78.9473,0.4
620,Consistent,3,66.8892,70.9086,0.6
620,Consistent,4,78.0401,74.9837,0.8
620,Consistent,5,75.5588,75.2712,1.0
620,Consistent,6,74.5109,74.9333,1.0
620,Consistent,7,74.8865,74.9125,1.0
620,Consistent,8,76.0228,75.4059,1.0
620,Consistent,9,71.5406,73.688,1.0
620,Consistent,10,74.0882,73.8659,1.0
620,Consistent,11,80.9197,77.0009,1.0
620,Consistent,12,71.4805,74.5474,1.0
620,Consistent,13,69.8506,72.4599,1.0
620,Consistent,14,74.6915,73.4517,1.0
620,Consistent,15,69.3472,71.6275,1.0
620,Consistent,16,66.3861,69.298,1.0
620,Consistent,17,73.2777,71.0667,1.0
620,Consistent,18,82.2431,76.034,1.0
620,Consistent,19,74.807,75.4887,1.0
620,Consistent,20,75.8929,75.6683,1.0
621,Consistent,1,64.3493,64.3493,0.2
621,Consistent,2,77.1906,74.6224,0.4
621,Consistent,3,75.4668,75.1853,0.6
621,Consistent,4,71.6754,73.1797,0.8
621,Consistent,5,75.9003,74.54,1.0
621,Consistent,6,75.8506,75.1225,1.0
621,Consistent,7,69.7026,72.7136,1.0
621,Consistent,8,76.6593,74.4672,1.0
621,Consistent,9,80.9857,77.3643,1.0
621,Consistent,10,73.8603,75.807,1.0
621,Consistent,11,70.662,73.5203,1.0
621,Consistent,12,74.1121,73.7833,1.0
621,Consistent,13,79.2731,76.2232,1.0
621,Consistent,14,68.8684,72.9544,1.0
621,Consistent,15,77.8928,75.1492,1.0
621,Consistent,16,71.6099,73.5762,1.0
621,Consistent,17,76.2103,74.7469,1.0
621,Consistent,18,72.1783,73.6053,1.0
621,Consistent,19,72.1649,72.9651,1.0
621,Consistent,20,82.6155,77.2542,1.0
622,Consistent,1,67.9546,67.9546,0.2
622,Consistent,2,77.4268,75.5324,0.4
622,Consistent,3,83.6566,80.9485,0.6
622,Consistent,4,78.4276,79.508,0.8
622,Consistent,5,68.3445,73.9263,1.0
622,Consistent,6,68.5921,71.5555,1.0
622,Consistent,7,71.2419,71.4161,1.0
622,Consistent,8,75.7895,73.3599,1.0
622,Consistent,9,76.1297,74.5909,1.0
622,Consistent,10,68.6415,71.9467,1.0
622,Consistent,11,70.6362,71.3643,1.0
622,Consistent,12,70.9426,71.1769,1.0
622,Consistent,13,74.0963,72.4744,1.0
622,Consistent,14,84.9235,78.0073,1.0
622,Consistent,15,70.3341,74.597,1.0
622,Consistent,16,70.1152,72.6051,1.0
622,Consistent,17,69.3343,71.1514,1.0
622,Consistent,18,78.1777,74.2742,1.0
622,Consistent,19,74.7933,74.5049,1.0
622,Consistent,20,70.5189,72.7333,1.0
623,Consistent,1,73.186,73.186,0.2
623,Consistent,2,71.0424,71.4712,0.4
623,Consistent,3,76.4795,74.81,0.6
623,Consistent,4,88.4219,82.5882,0.8
623,Consistent,5,77.7543,80.1713,1.0
623,Consistent,6,74.5351,77.6663,1.0
623,Consistent,7,71.6751,75.0035,1.0
623,Consistent,8,68.283,72.0166,1.0
623,Consistent,9,78.6684,74.973,1.0
623,Consistent,10,78.3968,76.4947,1.0
623,Consistent,11,72.6695,74.7946,1.0
623,Consistent,12,81.0667,77.5822,1.0
623,Consistent,13,75.1055,76.4815,1.0
623,Consistent,14,78.8738,77.5447,1.0
623,Consistent,15,76.481,77.0719,1.0
623,Consistent,16,74.1143,75.7574,1.0
623,Consistent,17,70.2256,73.2988,1.0
623,Consistent,18,74.2723,73.7315,1.0
623,Consistent,19,79.2103,76.1665,1.0
623,Consistent,20,72.4593,74.5189,1.0
624,Consistent,1,77.1987,77.1987,0.2
624,Consistent,2,69.5863,71.1088,0.4
624,Consistent,3,78.9003,76.3031,0.6
624,Consistent,4,76.5647,76.4526,0.8
624,Consistent,5,68.9894,72.721,1.0
624,Consistent,6,73.8799,73.2361,1.0
624,Consistent,7,79.6572,76.0899,1.0
624,Consistent,8,68.7048,72.8077,1.0
624,Consistent,9,69.6452,71.4021,1.0
624,Consistent,10,74.6525,72.8468,1.0
624,Consistent,11,85.6667,78.5445,1.0
624,Consistent,12,71.6371,75.4745,1.0
624,Consistent,13,77.4764,76.3642,1.0
624,Consistent,14,76.3007,76.336,1.0
624,Consistent,15,72.0524,74.4322,1.0
624,Consistent,16,75.8057,75.0426,1.0
624,Consistent,17,72.7608,74.0285,1.0
624,Consistent,18,73.211,73.6651,1.0
624,Consistent,19,66.6936,70.5667,1.0
624,Consistent,20,74.8778,72.4828,1.0
625,Consistent,1,79.4955,79.4955,0.2
625,Consistent,2,75.2871,76.1288,0.4
625,Consistent,3,80.4525,79.0113,0.6
625,Consistent,4,77.9016,78.3772,0.8
625,Consistent,5,74.7023,76.5397,1.0
625,Consistent,6,71.8604,74.46,1.0
625,Consistent,7,72.5687,73.6194,1.0
625,Consistent,8,67.6474,70.9652,1.0
625,Consistent,9,73.6646,72.1649,1.0
625,Consistent,10,75.73,73.7494,1.0
625,Consistent,11,83.5771,78.1173,1.0
625,Consistent,12,77.6416,77.9059,1.0
625,Consistent,13,70.6757,74.6925,1.0
625,Consistent,14,67.8032,71.6306,1.0
625,Consistent,15,73.9672,72.6691,1.0
625,Consistent,16,79.0588,75.509,1.0
625,Consistent,17,73.8969,74.7925,1.0
625,Consistent,18,77.7099,76.0891,1.0
625,Consistent,19,74.0944,75.2026,1.0
625,Consistent,20,78.585,76.7059,1.0
626,Consistent,1,67.0137,67.0137,0.2
626,Consistent,2,83.0209,79.8195,0.4
626,Consistent,3,69.4376,72.8982,0.6
626,Consistent,4,78.9687,76.367,0.8
626,Consistent,5,73.6391,75.0031,1.0
626,Consistent,6,74.4209,74.7443,1.0
626,Consistent,7,73.7945,74.3222,1.0
626,Consistent,8,76.278,75.1914,1.0
626,Consistent,9,77.2876,76.1231,1.0
626,Consistent,10,80.2918,77.9758,1.0
626,Consistent,11,82.0397,79.782,1.0
626,Consistent,12,76.6591,78.3941,1.0
626,Consistent,13,83.5684,80.6938,1.0
626,Consistent,14,75.4649,78.3698,1.0
626,Consistent,15,80.3872,79.2664,1.0
626,Consistent,16,77.1436,78.3229,1.0
626,Consistent,17,72.254,75.6256,1.0
626,Consistent,18,75.9062,75.7503,1.0
626,Consistent,19,77.5159,76.535,1.0
626,Consistent,20,74.839,75.7812,1.0
627,Consistent,1,77.0643,77.0643,0.2
627,Consistent,2,79.3268,78.8743,0.4
627,Consistent,3,74.8831,76.2135,0.6
627,Consistent,4,60.2806,67.109,0.8
627,Consistent,5,83.3914,75.2502,1.0
627,Consistent,6,73.512,74.4777,1.0
627,Consistent,7,70.8836,72.8803,1.0
627,Consistent,8,69.3794,71.3244,1.0
627,Consistent,9,73.3178,72.2103,1.0
627,Consistent,10,72.1863,72.1996,1.0
627,Consistent,11,71.315,71.8064,1.0
627,Consistent,12,71.5894,71.71,1.0
627,Consistent,13,77.6487,74.3494,1.0
627,Consistent,14,85.1518,79.1505,1.0
627,Consistent,15,79.1029,79.1293,1.0
627,Consistent,16,80.613,79.7887,1.0
627,Consistent,17,73.1129,76.8217,1.0
627,Consistent,18,75.5233,76.2447,1.0
627,Consistent,19,77.1324,76.6392,1.0
627,Consistent,20,71.7022,74.445,1.0
628,Consistent,1,72.8713,72.8713,0.2
628,Consistent,2,79.2728,77.9925,0.4
628,Consistent,3,80.4515,79.6318,0.6
628,Consistent,4,75.3371,77.1777,0.8
628,Consistent,5,69.0242,73.1009,1.0
628,Consistent,6,73.522,73.2881,1.0
628,Consistent,7,67.7933,70.846,1.0
628,Consistent,8,75.376,72.8593,1.0
628,Consistent,9,76.277,74.3783,1.0
628,Consistent,10,73.6464,74.053,1.0
628,Consistent,11,76.2086,75.011,1.0
628,Consistent,12,77.0845,75.9326,1.0
628,Consistent,13,76.2843,76.0889,1.0
628,Consistent,14,68.9923,72.9349,1.0
628,Consistent,15,73.7337,73.2899,1.0
628,Consistent,16,77.0492,74.9607,1.0
628,Consistent,17,82.8936,78.4864,1.0
628,Consistent,18,73.6404,76.3326,1.0
628,Consistent,19,77.7542,76.9644,1.0
628,Consistent,20,79.3908,78.0428,1.0
629,Consistent,1,74.0169,74.0169,0.2
629,Consistent,2,80.742,79.397,0.4
629,Consistent,3,81.0109,80.4729,0.6
629,Consistent,4,81.9019,81.2895,0.8
629,Consistent,5,77.2922,79.2908,1.0
629,Consistent,6,86.8007,82.6285,1.0
629,Consistent,7,71.9236,77.8708,1.0
629,Consistent,8,85.6204,81.3151,1.0
629,Consistent,9,78.8415,80.2157,1.0
629,Consistent,10,81.7019,80.8762,1.0
629,Consistent,11,73.3998,77.5534,1.0
629,Consistent,12,79.2224,78.2952,1.0
629,Consistent,13,82.1349,80.0017,1.0
629,Consistent,14,69.5632,75.3624,1.0
629,Consistent,15,74.1834,74.8384,1.0
629,Consistent,16,64.2937,70.1519,1.0
629,Consistent,17,74.1083,71.9103,1.0
629,Consistent,18,70.92,71.4701,1.0
629,Consistent,19,73.9112,72.555,1.0
629,Consistent,20,89.6182,80.1387,1.0
630,Consistent,1,83.589,83.589,0.2
630,Consistent,2,67.8028,70.96,0.4
630,Consistent,3,77.7787,75.5058,0.6
630,Consistent,4,78.9947,77.4994,0.8
630,Consistent,5,73.3105,75.405,1.0
630,Consistent,6,75.8915,75.6212,1.0
630,Consistent,7,76.3799,75.9584,1.0
630,Consistent,8,68.2669,72.54,1.0
630,Consistent,9,69.8434,71.3415,1.0
630,Consistent,10,75.8615,73.3504,1.0
630,Consistent,11,75.497,74.3044,1.0
630,Consistent,12,71.4572,73.039,1.0
630,Consistent,13,71.0281,72.1453,1.0
630,Consistent,14,74.5511,73.2145,1.0
630,Consistent,15,79.4308,75.9773,1.0
630,Consistent,16,74.6176,75.373,1.0
630,Consistent,17,83.1137,78.8133,1.0
630,Consistent,18,71.5209,75.5722,1.0
630,Consistent,19,75.9655,75.747,1.0
630,Consistent,20,73.2285,74.6277,1.0
631,Consistent,1,77.9398,77.9398,0.2
631,Consistent,2,71.0921,72.4616,0.4
631,Consistent,3,84.637,80.5785,0.6
631,Consistent,4,66.5469,72.5605,0.8
631,Consistent,5,83.5774,78.0689,1.0
631,Consistent,6,75.4499,76.9049,1.0
631,Consistent,7,77.7621,77.2859,1.0
631,Consistent,8,81.6726,79.2356,1.0
631,Consistent,9,79.2883,79.259,1.0
631,Consistent,10,71.3499,75.7438,1.0
631,Consistent,11,78.0004,76.7468,1.0
631,Consistent,12,84.3374,80.1204,1.0
631,Consistent,13,70.5635,75.8729,1.0
631,Consistent,14,85.5921,80.1926,1.0
631,Consistent,15,76.9285,78.7419,1.0
631,Consistent,16,72.8339,76.1161,1.0
631,Consistent,17,70.5336,73.635,1.0
631,Consistent,18,73.8836,73.7455,1.0
631,Consistent,19,65.2236,69.958,1.0
631,Consistent,20,72.9238,71.2761,1.0
632,Consistent,1,73.6854,73.6854,0.2
632,Consistent,2,69.6279,70.4394,0.4
632,Consistent,3,78.7392,75.9726,0.6
632,Consistent,4,73.9062,74.7918,0.8
632,Consistent,5,71.821,73.3064,1.0
632,Consistent,6,73.3733,73.3362,1.0
632,Consistent,7,76.7755,74.8648,1.0
632,Consistent,8,75.3661,75.0876,1.0
632,Consistent,9,71.4951,73.4909,1.0
632,Consistent,10,75.6283,74.4409,1.0
632,Consistent,11,74.7466,74.5768,1.0
632,Consistent,12,69.3027,72.2327,1.0
632,Consistent,13,73.5575,72.8215,1.0
632,Consistent,14,77.8967,75.0771,1.0
632,Consistent,15,77.8607,76.3143,1.0
632,Consistent,16,73.8502,75.2191,1.0
632,Consistent,17,78.3839,76.6257,1.0
632,Consistent,18,70.1002,73.7255,1.0
632,Consistent,19,70.2551,72.1831,1.0
632,Consistent,20,73.7437,72.8767,1.0
633,Consistent,1,82.4878,82.4878,0.2
633,Consistent,2,75.8163,77.1506,0.4
633,Consistent,3,73.6232,74.799,0.6
633,Consistent,4,82.7207,79.3257,0.8
633,Consistent,5,73.5653,76.4455,1.0
633,Consistent,6,86.1737,80.7691,1.0
633,Consistent,7,72.4436,77.0689,1.0
633,Consistent,8,69.9414,73.9011,1.0
633,Consistent,9,74.1682,74.0198,1.0
633,Consistent,10,73.7546,73.9019,1.0
633,Consistent,11,70.9614,72.595,1.0
633,Consistent,12,88.0099,79.4461,1.0
633,Consistent,13,76.5931,78.1781,1.0
633,Consistent,14,77.3212,77.7973,1.0
633,Consistent,15,72.6906,75.5276,1.0
633,Consistent,16,72.1117,74.0094,1.0
633,Consistent,17,80.1278,76.7287,1.0
633,Consistent,18,66.6208,72.2363,1.0
633,Consistent,19,69.2857,70.9249,1.0
633,Consistent,20,73.7635,72.1865,1.0
634,Consistent,1,81.7552,81.7552,0.2
634,Consistent,2,73.1274,74.853,0.4
634,Consistent,3,77.0808,76.3382,0.6
634,Consistent,4,75.1386,75.6527,0.8
634,Consistent,5,81.4813,78.567,1.0
634,Consistent,6,67.0764,73.4601,1.0
634,Consistent,7,78.6798,75.78,1.0
634,Consistent,8,74.0055,74.9913,1.0
634,Consistent,9,79.6244,77.0505,1.0
634,Consistent,10,70.9036,74.3185,1.0
634,Consistent,11,75.122,74.6756,1.0
634,Consistent,12,74.4875,74.592,1.0
634,Consistent,13,69.9878,72.5457,1.0
634,Consistent,14,68.5979,70.7911,1.0
634,Consistent,15,72.0979,71.3719,1.0
634,Consistent,16,75.6497,73.2731,1.0
634,Consistent,17,71.2154,72.3586,1.0
634,Consistent,18,73.3496,72.7991,1.0
634,Consistent,19,65.571,69.5866,1.0
634,Consistent,20,73.1468,71.1689,1.0
635,Consistent,1,80.1179,80.1179,0.2
635,Consistent,2,78.5259,78.8443,0.4
635,Consistent,3,74.5654,75.9917,0.6
635,Consistent,4,76.2183,76.1212,0.8
635,Consistent,5,70.8587,73.4899,1.0
635,Consistent,6,83.1222,77.7709,1.0
635,Consistent,7,85.3388,81.1344,1.0
635,Consistent,8,75.8241,78.7743,1.0
635,Consistent,9,87.9534,82.8539,1.0
635,Consistent,10,71.5991,77.8518,1.0
635,Consistent,11,68.7446,73.8041,1.0
635,Consistent,12,71.4519,72.7587,1.0
635,Consistent,13,73.9025,73.2671,1.0
635,Consistent,14,86.5603,79.1752,1.0
635,Consistent,15,73.5942,76.6948,1.0
635,Consistent,16,70.7017,74.0312,1.0
635,Consistent,17,70.5077,72.4652,1.0
635,Consistent,18,80.7001,76.1252,1.0
635,Consistent,19,79.9865,77.8413,1.0
635,Consistent,20,72.5726,75.4997,1.0
636,Consistent,1,65.6211,65.6211,0.2
636,Consistent,2,69.357,68.6098,0.4
636,Consistent,3,83.6062,78.6074,0.6
636,Consistent,4,78.444,78.5141,0.8
636,Consistent,5,75.3273,76.9207,1.0
636,Consistent,6,84.3442,80.22,1.0
636,Consistent,7,84.7916,82.2518,1.0
636,Consistent,8,74.8203,78.9489,1.0
636,Consistent,9,74.9121,77.1548,1.0
636,Consistent,10,72.0898,74.9037,1.0
636,Consistent,11,73.577,74.314,1.0
636,Consistent,12,67.5684,71.316,1.0
636,Consistent,13,67.5481,69.6413,1.0
636,Consistent,14,66.3867,68.1948,1.0
636,Consistent,15,80.4217,73.629,1.0
636,Consistent,16,67.193,70.7685,1.0
636,Consistent,17,84.7498,76.9824,1.0
636,Consistent,18,71.3481,74.4783,1.0
636,Consistent,19,83.6867,78.5709,1.0
636,Consistent,20,73.1747,76.1726,1.0
637,Consistent,1,67.1691,67.1691,0.2
637,Consistent,2,81.4189,78.5689,0.4
637,Consistent,3,82.0093,80.8625,0.6
637,Consistent,4,70.4697,74.9238,0.8
637,Consistent,5,73.3417,74.1328,1.0
637,Consistent,6,70.471,72.5053,1.0
637,Consistent,7,74.3974,73.3462,1.0
637,Consistent,8,75.5391,74.3209,1.0
637,Consistent,9,73.2431,73.8418,1.0
637,Consistent,10,65.9055,70.3146,1.0
637,Consistent,11,72.0956,71.1062,1.0
637,Consistent,12,78.5176,74.4001,1.0
637,Consistent,13,73.9555,74.2025,1.0
637,Consistent,14,73.3628,73.8293,1.0
637,Consistent,15,70.3461,72.2812,1.0
637,Consistent,16,71.9497,72.1339,1.0
637,Consistent,17,82.0447,76.5387,1.0
637,Consistent,18,69.3011,73.322,1.0
637,Consistent,19,78.6041,75.6696,1.0
637,Consistent,20,75.2353,75.4766,1.0
638,Consistent,1,76.2241,76.2241,0.2
638,Consistent,2,71.3382,72.3154,0.4
638,Consistent,3,73.2411,72.9325,0.6
638,Consistent,4,74.9714,74.0976,0.8
638,Consistent,5,72.3967,73.2471,1.0
638,Consistent,6,76.6572,74.7627,1.0
638,Consistent,7,77.2872,75.8847,1.0
638,Consistent,8,85.8635,80.3197,1.0
638,Consistent,9,76.391,78.5736,1.0
638,Consistent,10,65.4388,72.7359,1.0
638,Consistent,11,80.8151,76.3267,1.0
638,Consistent,12,73.9806,75.284,1.0
638,Consistent,13,85.0596,79.6287,1.0
638,Consistent,14,82.3546,80.8402,1.0
638,Consistent,15,72.4737,77.1218,1.0
638,Consistent,16,78.6095,77.783,1.0
638,Consistent,17,72.0302,75.2262,1.0
638,Consistent,18,75.0135,75.1316,1.0
638,Consistent,19,78.3799,76.5753,1.0
638,Consistent,20,80.565,78.3485,1.0
639,Consistent,1,79.476,79.476,0.2
639,Consistent,2,75.3749,76.1952,0.4
639,Consistent,3,87.4171,83.6765,0.6
639,Consistent,4,73.1749,77.6756,0.8
639,Consistent,5,66.964,72.3198,1.0
639,Consistent,6,67.9265,70.3672,1.0
639,Consistent,7,82.37,75.7018,1.0
639,Consistent,8,74.6167,75.2196,1.0
639,Consistent,9,75.7953,75.4754,1.0
639,Consistent,10,72.2874,74.0585,1.0
639,Consistent,11,72.7365,73.471,1.0
639,Consistent,12,71.0645,72.4014,1.0
639,Consistent,13,77.3558,74.6033,1.0
639,Consistent,14,74.5131,74.5632,1.0
639,Consistent,15,77.175,75.724,1.0
639,Consistent,16,76.6972,76.1565,1.0
639,Consistent,17,72.8706,74.6961,1.0
639,Consistent,18,67.7063,71.5896,1.0
639,Consistent,19,67.271,69.6702,1.0
639,Consistent,20,90.1333,78.7649,1.0
640,Consistent,1,82.3909,82.3909,0.2
640,Consistent,2,81.7009,81.8389,0.4
640,Consistent,3,71.627,75.0309,0.6
640,Consistent,4,75.0475,75.0404,0.8
640,Consistent,5,70.9232,72.9818,1.0
640,Consistent,6,68.4396,70.963,1.0
640,Consistent,7,72.0561,71.4489,1.0
640,Consistent,8,81.6309,75.9742,1.0
640,Consistent,9,79.2037,77.4096,1.0
640,Consistent,10,70.1498,74.183,1.0
640,Consistent,11,73.4259,73.8465,1.0
640,Consistent,12,78.7456,76.0239,1.0
640,Consistent,13,72.1451,74.3,1.0
640,Consistent,14,75.3979,74.788,1.0
640,Consistent,15,77.0092,75.7752,1.0
640,Consistent,16,76.9547,76.2994,1.0
640,Consistent,17,76.2707,76.2867,1.0
640,Consistent,18,71.7315,74.2621,1.0
640,Consistent,19,72.2451,73.3657,1.0
640,Consistent,20,69.3318,71.5728,1.0
641,Consistent,1,67.1933,67.1933,0.2
641,Consistent,2,74.4263,72.9797,0.4
641,Consistent,3,79.0813,77.0474,0.6
641,Consistent,4,68.0986,71.9338,0.8
641,Consistent,5,76.3649,74.1493,1.0
641,Consistent,6,78.9232,76.271,1.0
641,Consistent,7,65.8163,71.6245,1.0
641,Consistent,8,73.6471,72.5234,1.0
641,Consistent,9,83.2311,77.2824,1.0
641,Consistent,10,77.7597,77.4945,1.0
641,Consistent,11,65.6477,72.2293,1.0
641,Consistent,12,78.2917,74.9237,1.0
641,Consistent,13,71.2613,73.296,1.0
641,Consistent,14,78.4565,75.5896,1.0
641,Consistent,15,71.5496,73.794,1.0
641,Consistent,16,74.7348,74.2122,1.0
641,Consistent,17,72.3123,73.3678,1.0
641,Consistent,18,75.0158,74.1002,1.0
641,Consistent,19,72.1636,73.2395,1.0
641,Consistent,20,73.8823,73.5252,1.0
642,Consistent,1,69.122,69.122,0.2
642,Consistent,2,77.4533,75.787,0.4
642,Consistent,3,75.8764,75.8466,0.6
642,Consistent,4,66.9173,70.7442,0.8
642,Consistent,5,79.9646,75.3544,1.0
642,Consistent,6,74.1186,74.8051,1.0
642,Consistent,7,75.8088,75.2512,1.0
642,Consistent,8,78.8228,76.8386,1.0
642,Consistent,9,76.6412,76.7509,1.0
642,Consistent,10,80.826,78.562,1.0
642,Consistent,11,73.5335,76.3271,1.0
642,Consistent,12,80.1721,78.036,1.0
642,Consistent,13,75.6146,76.9599,1.0
642,Consistent,14,77.5382,77.2169,1.0
642,Consistent,15,77.0181,77.1286,1.0
642,Consistent,16,81.2037,78.9397,1.0
642,Consistent,17,78.6071,78.7919,1.0
642,Consistent,18,72.7853,76.1223,1.0
642,Consistent,19,71.7937,74.1984,1.0
642,Consistent,20,74.7512,74.4441,1.0
643,Consistent,1,71.1995,71.1995,0.2
643,Consistent,2,69.739,70.0311,0.4
643,Consistent,3,64.3597,66.2502,0.6
643,Consistent,4,67.2537,66.8236,0.8
643,Consistent,5,84.927,75.8753,1.0
643,Consistent,6,71.7175,74.0274,1.0
643,Consistent,7,84.5173,78.6896,1.0
643,Consistent,8,77.0158,77.9457,1.0
643,Consistent,9,74.7512,76.5259,1.0
643,Consistent,10,67.497,72.513,1.0
643,Consistent,11,75.0233,73.6287,1.0
643,Consistent,12,84.4609,78.443,1.0
643,Consistent,13,82.7882,80.3742,1.0
643,Consistent,14,76.3712,78.5951,1.0
643,Consistent,15,69.2567,74.4447,1.0
643,Consistent,16,70.2142,72.5645,1.0
643,Consistent,17,70.737,71.7523,1.0
643,Consistent,18,81.3908,76.036,1.0
643,Consistent,19,83.1586,79.2016,1.0
643,Consistent,20,75.9795,77.7696,1.0
644,Consistent,1,73.4846,73.4846,0.2
644,Consistent,2,82.7436,80.8918,0.4
644,Consistent,3,70.1071,73.702,0.6
644,Consistent,4,75.2591,74.5918,0.8
644,Consistent,5,77.3148,75.9533,1.0
644,Consistent,6,70.686,73.6123,1.0
644,Consistent,7,71.8204,72.8159,1.0
644,Consistent,8,71.4313,72.2005,1.0
644,Consistent,9,82.0836,76.593,1.0
644,Consistent,10,84.5718,80.1392,1.0
644,Consistent,11,75.574,78.1102,1.0
644,Consistent,12,73.6589,76.1318,1.0
644,Consistent,13,72.0008,74.2958,1.0
644,Consistent,14,75.0087,74.6127,1.0
644,Consistent,15,72.2489,73.5621,1.0
644,Consistent,16,74.5148,73.9855,1.0
644,Consistent,17,77.0662,75.3547,1.0
644,Consistent,18,72.9734,74.2964,1.0
644,Consistent,19,74.0521,74.1878,1.0
644,Consistent,20,74.0727,74.1366,1.0
645,Consistent,1,73.4122,73.4122,0.2
645,Consistent,2,72.7928,72.9166,0.4
645,Consistent,3,78.811,76.8462,0.6
645,Consistent,4,66.1463,70.732,0.8
645,Consistent,5,82.8714,76.8017,1.0
645,Consistent,6,75.6776,76.3021,1.0
645,Consistent,7,78.0501,77.079,1.0
645,Consistent,8,78.6254,77.7663,1.0
645,Consistent,9,71.4597,74.9634,1.0
645,Consistent,10,70.4282,72.9477,1.0
645,Consistent,11,69.8387,71.5659,1.0
645,Consistent,12,73.7647,72.5431,1.0
645,Consistent,13,78.496,75.1889,1.0
645,Consistent,14,72.0812,73.8077,1.0
645,Consistent,15,78.0397,75.6886,1.0
645,Consistent,16,63.1604,70.1205,1.0
645,Consistent,17,73.0722,71.4323,1.0
645,Consistent,18,80.8357,75.6116,1.0
645,Consistent,19,74.1451,74.9598,1.0
645,Consistent,20,70.8543,73.1352,1.0
646,Consistent,1,71.7158,71.7158,0.2
646,Consistent,2,59.8599,62.2311,0.4
646,Consistent,3,69.941,67.371,0.6
646,Consistent,4,80.2862,74.7511,0.8
646,Consistent,5,72.087,73.4191,1.0
646,Consistent,6,72.6773,73.0894,1.0
646,Consistent,7,63.3409,68.7567,1.0
646,Consistent,8,66.8458,67.9074,1.0
646,Consistent,9,80.9502,73.7042,1.0
646,Consistent,10,78.0865,75.6519,1.0
646,Consistent,11,68.5128,72.479,1.0
646,Consistent,12,71.8471,72.1982,1.0
646,Consistent,13,74.8541,73.3786,1.0
646,Consistent,14,69.0194,71.4412,1.0
646,Consistent,15,64.9793,68.5692,1.0
646,Consistent,16,74.2039,71.0735,1.0
646,Consistent,17,77.863,74.0911,1.0
646,Consistent,18,77.9593,75.8103,1.0
646,Consistent,19,79.3762,77.3951,1.0
646,Consistent,20,67.2322,72.8783,1.0
647,Consistent,1,75.2895,75.2895,0.2
647,Consistent,2,73.6577,73.9841,0.4
647,Consistent,3,74.5639,74.3706,0.6
647,Consistent,4,73.9411,74.1252,0.8
647,Consistent,5,71.6978,72.9115,1.0
647,Consistent,6,59.911,67.1335,1.0
647,Consistent,7,80.8091,73.2116,1.0
647,Consistent,8,76.65,74.7397,1.0
647,Consistent,9,67.5786,71.557,1.0
647,Consistent,10,77.3657,74.1386,1.0
647,Consistent,11,72.7635,73.5274,1.0
647,Consistent,12,72.9051,73.2509,1.0
647,Consistent,13,71.1579,72.3207,1.0
647,Consistent,14,77.6847,74.7047,1.0
647,Consistent,15,71.0009,73.0585,1.0
647,Consistent,16,69.5158,71.484,1.0
647,Consistent,17,80.6587,75.5617,1.0
647,Consistent,18,74.1056,74.9145,1.0
647,Consistent,19,74.2626,74.6248,1.0
647,Consistent,20,78.4623,76.3303,1.0
648,Consistent,1,71.6621,71.6621,0.2
648,Consistent,2,72.6592,72.4598,0.4
648,Consistent,3,76.5286,75.1723,0.6
648,Consistent,4,67.2931,70.6699,0.8
648,Consistent,5,76.1055,73.3877,1.0
648,Consistent,6,71.2214,72.4249,1.0
648,Consistent,7,79.2774,75.4705,1.0
648,Consistent,8,77.7333,76.4762,1.0
648,Consistent,9,77.0727,76.7413,1.0
648,Consistent,10,66.9652,72.3964,1.0
648,Consistent,11,74.483,73.3238,1.0
648,Consistent,12,69.1137,71.4526,1.0
648,Consistent,13,74.8157,72.9473,1.0
648,Consistent,14,63.4236,68.7146,1.0
648,Consistent,15,67.2958,68.084,1.0
648,Consistent,16,80.9452,73.8001,1.0
648,Consistent,17,76.8453,75.1535,1.0
648,Consistent,18,73.2309,74.299,1.0
648,Consistent,19,70.4563,72.5911,1.0
648,Consistent,20,69.5787,71.2523,1.0
649,Consistent,1,76.0008,76.0008,0.2
649,Consistent,2,73.2818,73.8256,0.4
649,Consistent,3,82.7332,79.764,0.6
649,Consistent,4,74.0762,76.5138,0.8
649,Consistent,5,75.2936,75.9037,1.0
649,Consistent,6,68.0575,72.4165,1.0
649,Consistent,7,73.1965,72.7632,1.0
649,Consistent,8,75.885,74.1506,1.0
649,Consistent,9,73.1361,73.6997,1.0
649,Consistent,10,72.5719,73.1984,1.0
649,Consistent,11,76.6345,74.7256,1.0
649,Consistent,12,82.5741,78.2138,1.0
649,Consistent,13,75.7248,77.1076,1.0
649,Consistent,14,80.7209,78.7135,1.0
649,Consistent,15,78.108,78.4444,1.0
649,Consistent,16,80.4218,79.3232,1.0
649,Consistent,17,71.9514,76.0469,1.0
649,Consistent,18,73.9654,75.1218,1.0
649,Consistent,19,73.9861,74.617,1.0
649,Consistent,20,77.7314,76.0012,1.0
650,Consistent,1,78.9621,78.9621,0.2
650,Consistent,2,75.6253,76.2926,0.4
650,Consistent,3,79.3835,78.3532,0.6
650,Consistent,4,72.1833,74.8276,0.8
650,Consistent,5,79.4269,77.1272,1.0
650,Consistent,6,80.079,78.4392,1.0
650,Consistent,7,78.3875,78.4162,1.0
650,Consistent,8,75.6708,77.196,1.0
650,Consistent,9,78.5666,77.8052,1.0
650,Consistent,10,70.53,74.5718,1.0
650,Consistent,11,75.9918,75.2029,1.0
650,Consistent,12,76.5026,75.7805,1.0
650,Consistent,13,68.3524,72.4791,1.0
650,Consistent,14,77.3729,74.6542,1.0
650,Consistent,15,68.7559,72.0327,1.0
650,Consistent,16,72.8604,72.4006,1.0
650,Consistent,17,75.1988,73.6442,1.0
650,Consistent,18,71.3463,72.6229,1.0
650,Consistent,19,75.4128,73.8629,1.0
650,Consistent,20,75.3328,74.5162,1.0
651,Consistent,1,70.8991,70.8991,0.2
651,Consistent,2,77.8399,76.4517,0.4
651,Consistent,3,71.1792,72.9367,0.6
651,Consistent,4,86.4399,80.6528,0.8
651,Consistent,5,74.4526,77.5527,1.0
651,Consistent,6,69.1435,73.8153,1.0
651,Consistent,7,70.0783,72.1544,1.0
651,Consistent,8,80.7379,75.9693,1.0
651,Consistent,9,72.9542,74.6293,1.0
651,Consistent,10,68.1812,71.7635,1.0
651,Consistent,11,79.2686,75.0991,1.0
651,Consistent,12,72.9221,74.1315,1.0
651,Consistent,13,78.2671,75.9696,1.0
651,Consistent,14,79.6778,77.6177,1.0
651,Consistent,15,76.3723,77.0642,1.0
651,Consistent,16,86.9795,81.471,1.0
651,Consistent,17,66.3763,74.7622,1.0
651,Consistent,18,70.9102,73.0502,1.0
651,Consistent,19,73.7202,73.348,1.0
651,Consistent,20,86.3059,79.1071,1.0
652,Consistent,1,83.99,83.99,0.2
652,Consistent,2,81.4435,81.9528,0.4
652,Consistent,3,71.0294,74.6705,0.6
652,Consistent,4,71.6124,72.923,0.8
652,Consistent,5,70.8572,71.8901,1.0
652,Consistent,6,71.0829,71.5313,1.0
652,Consistent,7,82.4635,76.3901,1.0
652,Consistent,8,73.7812,75.2306,1.0
652,Consistent,9,74.4425,74.8803,1.0
652,Consistent,10,78.8719,76.6544,1.0
652,Consistent,11,66.6824,72.2224,1.0
652,Consistent,12,75.2632,73.5739,1.0
652,Consistent,13,69.5156,71.7702,1.0
652,Consistent,14,73.5279,72.5514,1.0
652,Consistent,15,72.0679,72.3365,1.0
652,Consistent,16,71.8101,72.1026,1.0
652,Consistent,17,76.1279,73.8916,1.0
652,Consistent,18,76.1061,74.8758,1.0
652,Consistent,19,73.9009,74.4425,1.0
652,Consistent,20,76.8534,75.514,1.0
653,Consistent,1,70.6569,70.6569,0.2
653,Consistent,2,78.4079,76.8577,0.4
653,Consistent,3,73.969,74.9319,0.6
653,Consistent,4,72.5817,73.5889,0.8
653,Consistent,5,71.0262,72.3076,1.0
653,Consistent,6,73.793,72.9678,1.0
653,Consistent,7,84.3532,78.028,1.0
653,Consistent,8,74.6834,76.5415,1.0
653,Consistent,9,69.278,73.3133,1.0
653,Consistent,10,79.5941,76.1047,1.0
653,Consistent,11,72.6404,74.565,1.0
653,Consistent,12,76.4188,75.3889,1.0
653,Consistent,13,71.9717,73.8702,1.0
653,Consistent,14,81.4039,77.2185,1.0
653,Consistent,15,72.0462,74.9197,1.0
653,Consistent,16,81.9893,78.0617,1.0
653,Consistent,17,69.7537,74.3693,1.0
653,Consistent,18,73.5355,73.9987,1.0
653,Consistent,19,82.0,77.5548,1.0
653,Consistent,20,75.8409,76.7931,1.0
654,Consistent,1,86.3573,86.3573,0.2
654,Consistent,2,73.6543,76.1949,0.4
654,Consistent,3,76.2852,76.2551,0.6
654,Consistent,4,84.5257,80.9812,0.8
654,Consistent,5,67.4304,74.2058,1.0
654,Consistent,6,66.8112,70.9193,1.0
654,Consistent,7,71.0225,70.9652,1.0
654,Consistent,8,79.0669,74.5659,1.0
654,Consistent,9,66.9507,71.1814,1.0
654,Consistent,10,77.9852,74.2053,1.0
654,Consistent,11,77.6335,75.729,1.0
654,Consistent,12,85.072,79.8814,1.0
654,Consistent,13,80.2274,80.0352,1.0
654,Consistent,14,76.8203,78.6063,1.0
654,Consistent,15,81.7957,80.0238,1.0
654,Consistent,16,77.6945,78.9886,1.0
654,Consistent,17,72.6996,76.1935,1.0
654,Consistent,18,69.277,73.1195,1.0
654,Consistent,19,72.1532,72.69,1.0
654,Consistent,20,74.7996,73.6276,1.0
655,Consistent,1,75.8751,75.8751,0.2
655,Consistent,2,64.324,66.6342,0.4
655,Consistent,3,73.9022,71.4795,0.6
655,Consistent,4,75.1429,73.5729,0.8
655,Consistent,5,77.7377,75.6553,1.0
655,Consistent,6,83.134,78.9792,1.0
655,Consistent,7,75.9283,77.6232,1.0
655,Consistent,8,70.4522,74.4361,1.0
655,Consistent,9,65.9096,70.6465,1.0
655,Consistent,10,78.4351,74.1081,1.0
655,Consistent,11,70.6546,72.5732,1.0
655,Consistent,12,79.3342,75.5781,1.0
655,Consistent,13,81.9871,78.4265,1.0
655,Consistent,14,67.2796,73.4724,1.0
655,Consistent,15,77.7695,75.3822,1.0
655,Consistent,16,81.4631,78.0848,1.0
655,Consistent,17,80.0952,78.9783,1.0
655,Consistent,18,64.5181,72.5516,1.0
655,Consistent,19,70.7317,71.7427,1.0
655,Consistent,20,68.5991,70.3456,1.0
656,Consistent,1,77.6174,77.6174,0.2
656,Consistent,2,77.0666,77.1768,0.4
656,Consistent,3,61.5105,66.7326,0.6
656,Consistent,4,73.4958,70.5973,0.8
656,Consistent,5,79.0036,74.8005,1.0
656,Consistent,6,75.7399,75.218,1.0
656,Consistent,7,75.7313,75.4461,1.0
656,Consistent,8,73.175,74.4368,1.0
656,Consistent,9,69.7053,72.3339,1.0
656,Consistent,10,74.9147,73.4809,1.0
656,Consistent,11,75.2605,74.2718,1.0
656,Consistent,12,78.0763,75.9627,1.0
656,Consistent,13,78.4825,77.0826,1.0
656,Consistent,14,75.4293,76.3478,1.0
656,Consistent,15,80.4745,78.1819,1.0
656,Consistent,16,73.1254,75.9346,1.0
656,Consistent,17,67.7799,72.3103,1.0
656,Consistent,18,77.3853,74.5658,1.0
656,Consistent,19,75.6319,75.0396,1.0
656,Consistent,20,77.4847,76.1263,1.0
657,Consistent,1,68.6777,68.6777,0.2
657,Consistent,2,83.954,80.8987,0.4
657,Consistent,3,78.5525,79.3346,0.6
657,Consistent,4,73.56,76.0348,0.8
657,Consistent,5,70.3227,73.1788,1.0
657,Consistent,6,80.3858,76.3819,1.0
657,Consistent,7,69.4912,73.3193,1.0
657,Consistent,8,86.3068,79.0916,1.0
657,Consistent,9,71.934,75.9104,1.0
657,Consistent,10,83.6025,79.3291,1.0
657,Consistent,11,74.0776,76.9951,1.0
657,Consistent,12,82.9037,79.6212,1.0
657,Consistent,13,71.3257,75.9343,1.0
657,Consistent,14,75.0942,75.5609,1.0
657,Consistent,15,79.0237,77.0999,1.0
657,Consistent,16,78.3104,77.6379,1.0
657,Consistent,17,80.5038,78.9116,1.0
657,Consistent,18,72.5626,76.0899,1.0
657,Consistent,19,75.424,75.7939,1.0
657,Consistent,20,81.2419,78.2153,1.0
658,Consistent,1,71.4737,71.4737,0.2
658,Consistent,2,77.8627,76.5849,0.4
658,Consistent,3,73.9042,74.7978,0.6
658,Consistent,4,76.0294,75.5015,0.8
658,Consistent,5,75.4228,75.4621,1.0
658,Consistent,6,71.0586,73.505,1.0
658,Consistent,7,73.6965,73.5901,1.0
658,Consistent,8,75.7247,74.5388,1.0
658,Consistent,9,74.4864,74.5155,1.0
658,Consistent,10,82.8637,78.2258,1.0
658,Consistent,11,80.0498,79.0365,1.0
658,Consistent,12,76.4499,77.8869,1.0
658,Consistent,13,71.1843,74.9079,1.0
658,Consistent,14,70.8799,73.1177,1.0
658,Consistent,15,84.8691,78.3405,1.0
658,Consistent,16,69.9506,74.6117,1.0
658,Consistent,17,75.5693,75.0373,1.0
658,Consistent,18,76.8047,75.8228,1.0
658,Consistent,19,73.4434,74.7653,1.0
658,Consistent,20,69.989,72.6425,1.0
659,Consistent,1,71.0755,71.0755,0.2
659,Consistent,2,72.2675,72.0291,0.4
659,Consistent,3,71.4525,71.6447,0.6
659,Consistent,4,81.6386,77.3555,0.8
659,Consistent,5,74.9544,76.1549,1.0
659,Consistent,6,72.381,74.4776,1.0
659,Consistent,7,75.5348,74.9475,1.0
659,Consistent,8,78.3398,76.4552,1.0
659,Consistent,9,73.2769,75.0426,1.0
659,Consistent,10,79.5099,77.0281,1.0
659,Consistent,11,68.6443,73.3019,1.0
659,Consistent,12,80.8565,76.6595,1.0
659,Consistent,13,74.9552,75.9021,1.0
659,Consistent,14,74.7599,75.3945,1.0
659,Consistent,15,71.5349,73.6791,1.0
659,Consistent,16,68.8607,71.5376,1.0
659,Consistent,17,66.6666,69.3727,1.0
659,Consistent,18,71.1861,70.1787,1.0
659,Consistent,19,77.9384,73.6274,1.0
659,Consistent,20,70.1936,72.1013,1.0
660,Consistent,1,67.2578,67.2578,0.2
660,Consistent,2,70.4547,69.8153,0.4
660,Consistent,3,73.0758,71.989,0.6
660,Consistent,4,73.2725,72.7224,0.8
660,Consistent,5,74.3555,73.539,1.0
660,Consistent,6,80.163,76.483,1.0
660,Consistent,7,81.2463,78.6,1.0
660,Consistent,8,85.0273,81.4566,1.0
660,Consistent,9,66.8755,74.9761,1.0
660,Consistent,10,70.7206,73.0848,1.0
660,Consistent,11,78.4924,75.4882,1.0
660,Consistent,12,72.7298,74.2622,1.0
660,Consistent,13,79.3039,76.503,1.0
660,Consistent,14,76.0356,76.2952,1.0
660,Consistent,15,82.896,79.2289,1.0
660,Consistent,16,80.2136,79.6665,1.0
660,Consistent,17,80.3051,79.9503,1.0
660,Consistent,18,72.9406,76.8349,1.0
660,Consistent,19,74.5127,75.8028,1.0
660,Consistent,20,73.4737,74.7677,1.0
661,Consistent,1,67.4705,67.4705,0.2
661,Consistent,2,82.3588,79.3812,0.4
661,Consistent,3,78.7269,78.945,0.6
661,Consistent,4,73.2749,75.7049,0.8
661,Consistent,5,81.523,78.6139,1.0
661,Consistent,6,71.8482,75.6069,1.0
661,Consistent,7,65.8093,71.2524,1.0
661,Consistent,8,80.0368,75.1566,1.0
661,Consistent,9,68.6072,72.2458,1.0
661,Consistent,10,74.0211,73.0348,1.0
661,Consistent,11,76.0306,74.3663,1.0
661,Consistent,12,76.9273,75.5045,1.0
661,Consistent,13,79.242,77.1656,1.0
661,Consistent,14,77.9043,77.4939,1.0
661,Consistent,15,77.7495,77.6075,1.0
661,Consistent,16,71.0462,74.6914,1.0
661,Consistent,17,76.4712,75.4824,1.0
661,Consistent,18,67.4723,71.9223,1.0
661,Consistent,19,82.8107,76.7616,1.0
661,Consistent,20,67.9872,72.8619,1.0
662,Consistent,1,73.2678,73.2678,0.2
662,Consistent,2,68.4056,69.3781,0.4
662,Consistent,3,71.3492,70.6921,0.6
662,Consistent,4,75.0671,73.1921,0.8
662,Consistent,5,72.3562,72.7742,1.0
662,Consistent,6,80.7212,76.3062,1.0
662,Consistent,7,76.1345,76.2299,1.0
662,Consistent,8,72.6855,74.6546,1.0
662,Consistent,9,74.3321,74.5113,1.0
662,Consistent,10,81.0985,77.4389,1.0
662,Consistent,11,79.5444,78.3747,1.0
662,Consistent,12,69.3061,74.3442,1.0
662,Consistent,13,71.5967,73.1231,1.0
662,Consistent,14,77.3739,75.0124,1.0
662,Consistent,15,76.7668,75.7921,1.0
662,Consistent,16,69.7481,73.1059,1.0
662,Consistent,17,78.7456,75.6124,1.0
662,Consistent,18,70.5456,73.3605,1.0
662,Consistent,19,81.5191,76.9866,1.0
662,Consistent,20,77.6472,77.2802,1.0
663,Consistent,1,69.3404,69.3404,0.2
663,Consistent,2,72.3546,71.7518,0.4
663,Consistent,3,72.2677,72.0957,0.6
663,Consistent,4,75.7994,74.2121,0.8
663,Consistent,5,73.9801,74.0961,1.0
663,Consistent,6,69.2726,71.9523,1.0
663,Consistent,7,68.0287,70.2085,1.0
663,Consistent,8,77.7451,73.5581,1.0
663,Consistent,9,76.4312,74.835,1.0
663,Consistent,10,75.5277,75.1429,1.0
663,Consistent,11,76.3537,75.681,1.0
663,Consistent,12,71.9054,74.003,1.0
663,Consistent,13,75.92,74.855,1.0
663,Consistent,14,87.6925,80.5605,1.0
663,Consistent,15,80.8728,80.6993,1.0
663,Consistent,16,73.558,77.5254,1.0
663,Consistent,17,72.3831,75.2399,1.0
663,Consistent,18,60.6978,68.7768,1.0
663,Consistent,19,80.3435,73.9175,1.0
663,Consistent,20,78.933,76.1466,1.0
664,Consistent,1,72.2809,72.2809,0.2
664,Consistent,2,67.8415,68.7293,0.4
664,Consistent,3,69.2237,69.0589,0.6
664,Consistent,4,77.222,73.7235,0.8
664,Consistent,5,74.5533,74.1384,1.0
664,Consistent,6,78.458,76.0582,1.0
664,Consistent,7,75.4322,75.78,1.0
664,Consistent,8,79.8338,77.5817,1.0
664,Consistent,9,76.8479,77.2555,1.0
664,Consistent,10,79.144,78.0948,1.0
664,Consistent,11,64.5516,72.0756,1.0
664,Consistent,12,68.8283,70.6324,1.0
664,Consistent,13,73.1782,71.7639,1.0
664,Consistent,14,80.3978,75.6012,1.0
664,Consistent,15,84.4026,79.5129,1.0
664,Consistent,16,74.1788,77.1422,1.0
664,Consistent,17,71.9421,74.8311,1.0
664,Consistent,18,65.2252,70.5618,1.0
664,Consistent,19,79.3178,74.4533,1.0
664,Consistent,20,72.249,73.4737,1.0
665,Consistent,1,89.7917,89.7917,0.2
665,Consistent,2,71.303,75.0007,0.4
665,Consistent,3,85.5264,82.0178,0.6
665,Consistent,4,78.7418,80.1458,0.8
665,Consistent,5,69.8587,75.0023,1.0
665,Consistent,6,76.1607,75.5171,1.0
665,Consistent,7,78.8569,77.0015,1.0
665,Consistent,8,73.8737,75.6114,1.0
665,Consistent,9,79.1899,77.2018,1.0
665,Consistent,10,79.0798,78.0365,1.0
665,Consistent,11,77.9817,78.0121,1.0
665,Consistent,12,74.9176,76.6368,1.0
665,Consistent,13,69.1253,73.2984,1.0
665,Consistent,14,74.6161,73.884,1.0
665,Consistent,15,75.8803,74.7713,1.0
665,Consistent,16,65.6197,70.7039,1.0
665,Consistent,17,75.8462,72.9894,1.0
665,Consistent,18,74.516,73.6679,1.0
665,Consistent,19,68.5169,71.3785,1.0
665,Consistent,20,73.335,72.2481,1.0
666,Consistent,1,73.4408,73.4408,0.2
666,Consistent,2,84.6505,82.4085,0.4
666,Consistent,3,76.1006,78.2032,0.6
666,Consistent,4,80.1802,79.3329,0.8
666,Consistent,5,74.4109,76.8719,1.0
666,Consistent,6,65.6304,71.8757,1.0
666,Consistent,7,78.3617,74.7584,1.0
666,Consistent,8,71.7091,73.4031,1.0
666,Consistent,9,73.322,73.3671,1.0
666,Consistent,10,69.7351,71.7529,1.0
666,Consistent,11,75.3638,73.3578,1.0
666,Consistent,12,80.3259,76.4547,1.0
666,Consistent,13,79.6637,77.8809,1.0
666,Consistent,14,82.9309,80.1254,1.0
666,Consistent,15,83.6398,81.6873,1.0
666,Consistent,16,64.7706,74.1688,1.0
666,Consistent,17,69.0319,71.8857,1.0
666,Consistent,18,65.959,69.2516,1.0
666,Consistent,19,78.1597,73.2108,1.0
666,Consistent,20,71.5346,72.4658,1.0
667,Volatile,1,60.2164,60.2164,0.2
667,Volatile,2,65.6681,64.5777,0.4
667,Volatile,3,77.6514,73.2935,0.6
667,Volatile,4,40.2936,54.4364,0.8
667,Volatile,5,44.8227,49.6296,1.0
667,Volatile,6,70.0259,58.6946,1.0
667,Volatile,7,93.9749,74.3748,1.0
667,Volatile,8,69.4921,72.2047,1.0
667,Volatile,9,54.1668,64.1878,1.0
667,Volatile,10,27.0358,47.6758,1.0
667,Volatile,11,89.0535,66.0659,1.0
667,Volatile,12,55.2814,61.2728,1.0
667,Volatile,13,47.0513,54.9521,1.0
667,Volatile,14,35.6935,46.3927,1.0
667,Volatile,15,41.218,44.0928,1.0
667,Volatile,16,50.7757,47.063,1.0
667,Volatile,17,65.223,55.1341,1.0
667,Volatile,18,45.8252,50.9968,1.0
667,Volatile,19,73.7142,61.0934,1.0
667,Volatile,20,65.071,62.8612,1.0
668,Volatile,1,100.0,100.0,0.2
668,Volatile,2,35.9111,48.7289,0.4
668,Volatile,3,73.2296,65.0627,0.6
668,Volatile,4,73.4801,69.8726,0.8
668,Volatile,5,49.3889,59.6307,1.0
668,Volatile,6,71.905,65.086,1.0
668,Volatile,7,85.3919,74.1108,1.0
668,Volatile,8,71.9298,73.1415,1.0
668,Volatile,9,97.6893,84.0516,1.0
668,Volatile,10,26.4462,58.4492,1.0
668,Volatile,11,53.1553,56.0964,1.0
668,Volatile,12,99.5011,75.3874,1.0
668,Volatile,13,88.2405,81.0999,1.0
668,Volatile,14,80.8102,80.9712,1.0
668,Volatile,15,94.6643,87.057,1.0
668,Volatile,16,31.6688,62.44,1.0
668,Volatile,17,85.9122,72.8721,1.0
668,Volatile,18,91.2874,81.0567,1.0
668,Volatile,19,56.826,70.2875,1.0
668,Volatile,20,100.0,83.4931,1.0
669,Volatile,1,73.927,73.927,0.2
669,Volatile,2,26.1446,35.7011,0.4
669,Volatile,3,77.6254,63.6507,0.6
669,Volatile,4,55.6028,59.0519,0.8
669,Volatile,5,93.2999,76.1759,1.0
669,Volatile,6,80.9589,78.3017,1.0
669,Volatile,7,58.0416,69.2972,1.0
669,Volatile,8,100.0,82.9429,1.0
669,Volatile,9,88.789,85.5412,1.0
669,Volatile,10,53.4416,71.2747,1.0
669,Volatile,11,66.9591,69.3566,1.0
669,Volatile,12,80.3383,74.2374,1.0
669,Volatile,13,62.7147,69.1162,1.0
669,Volatile,14,63.312,66.5366,1.0
669,Volatile,15,70.7345,68.4023,1.0
669,Volatile,16,48.684,59.6386,1.0
669,Volatile,17,25.3447,44.3969,1.0
669,Volatile,18,74.7827,57.9017,1.0
669,Volatile,19,30.222,45.5996,1.0
669,Volatile,20,50.1392,47.6172,1.0
670,Volatile,1,34.5684,34.5684,0.2
670,Volatile,2,37.0311,36.5386,0.4
670,Volatile,3,78.5271,64.5309,0.6
670,Volatile,4,65.5538,65.1154,0.8
670,Volatile,5,64.832,64.9737,1.0
670,Volatile,6,43.682,55.5107,1.0
670,Volatile,7,56.883,56.1206,1.0
670,Volatile,8,77.5291,65.6355,1.0
670,Volatile,9,68.9583,67.1123,1.0
670,Volatile,10,86.4535,75.7084,1.0
670,Volatile,11,89.3018,81.7499,1.0
670,Volatile,12,64.9556,74.2858,1.0
670,Volatile,13,32.955,55.9165,1.0
670,Volatile,14,54.8671,55.4501,1.0
670,Volatile,15,68.0462,61.0484,1.0
670,Volatile,16,54.4703,58.1248,1.0
670,Volatile,17,48.9075,54.0282,1.0
670,Volatile,18,71.395,61.7468,1.0
670,Volatile,19,100.0,78.7482,1.0
670,Volatile,20,60.2362,70.5207,1.0
671,Volatile,1,69.9439,69.9439,0.2
671,Volatile,2,43.7593,48.9962,0.4
671,Volatile,3,94.868,79.5774,0.6
671,Volatile,4,87.4949,84.1017,0.8
671,Volatile,5,86.1147,85.1082,1.0
671,Volatile,6,97.1959,90.4805,1.0
671,Volatile,7,61.4532,77.5795,1.0
671,Volatile,8,63.9516,71.5227,1.0
671,Volatile,9,100.0,84.1793,1.0
671,Volatile,10,82.6546,83.5016,1.0
671,Volatile,11,25.6156,57.7745,1.0
671,Volatile,12,79.0964,67.2509,1.0
671,Volatile,13,58.366,63.3021,1.0
671,Volatile,14,87.9634,74.2627,1.0
671,Volatile,15,78.1638,75.9965,1.0
671,Volatile,16,35.1891,57.8599,1.0
671,Volatile,17,75.3766,65.6451,1.0
671,Volatile,18,74.2126,69.4529,1.0
671,Volatile,19,77.2692,72.9268,1.0
671,Volatile,20,81.5106,76.7418,1.0
672,Volatile,1,99.9193,99.9193,0.2
672,Volatile,2,78.2778,82.6061,0.4
672,Volatile,3,70.458,74.5073,0.6
672,Volatile,4,92.9594,85.0513,0.8
672,Volatile,5,100.0,92.5257,1.0
672,Volatile,6,88.3014,90.6482,1.0
672,Volatile,7,74.1241,83.3042,1.0
672,Volatile,8,78.6506,81.2359,1.0
672,Volatile,9,75.1209,78.5181,1.0
672,Volatile,10,70.3704,74.8969,1.0
672,Volatile,11,100.0,86.0538,1.0
672,Volatile,12,55.0189,72.2605,1.0
672,Volatile,13,93.0981,81.5217,1.0
672,Volatile,14,67.4829,75.2822,1.0
672,Volatile,15,40.3916,59.7753,1.0
672,Volatile,16,66.2336,62.6457,1.0
672,Volatile,17,59.0645,61.054,1.0
672,Volatile,18,81.5515,70.164,1.0
672,Volatile,19,71.826,70.9027,1.0
672,Volatile,20,49.5595,61.4168,1.0
673,Volatile,1,99.4202,99.4202,0.2
673,Volatile,2,91.8027,93.3262,0.4
673,Volatile,3,100.0,97.7754,0.6
673,Volatile,4,74.7393,84.6119,0.8
673,Volatile,5,69.2853,76.9486,1.0
673,Volatile,6,84.0712,80.1142,1.0
673,Volatile,7,58.4505,70.4859,1.0
673,Volatile,8,72.6012,71.426,1.0
673,Volatile,9,66.4864,69.2307,1.0
673,Volatile,10,40.7793,56.5856,1.0
673,Volatile,11,72.5491,63.6805,1.0
673,Volatile,12,61.1807,62.5695,1.0
673,Volatile,13,65.149,63.7159,1.0
673,Volatile,14,77.2757,69.7425,1.0
673,Volatile,15,95.4507,81.1683,1.0
673,Volatile,16,53.0246,68.66,1.0
673,Volatile,17,63.2688,66.2639,1.0
673,Volatile,18,54.6983,61.1237,1.0
673,Volatile,19,53.3964,57.6893,1.0
673,Volatile,20,58.1086,57.8757,1.0
674,Volatile,1,66.071,66.071,0.2
674,Volatile,2,81.7174,78.5881,0.4
674,Volatile,3,76.4089,77.1353,0.6
674,Volatile,4,48.8629,60.9796,0.8
674,Volatile,5,95.8832,78.4314,1.0
674,Volatile,6,88.8882,83.0789,1.0
674,Volatile,7,51.9763,69.2555,1.0
674,Volatile,8,94.4822,80.4674,1.0
674,Volatile,9,76.5388,78.7213,1.0
674,Volatile,10,66.8709,73.4545,1.0
674,Volatile,11,77.1616,75.1021,1.0
674,Volatile,12,69.4846,72.6054,1.0
674,Volatile,13,80.9016,76.2926,1.0
674,Volatile,14,73.7463,75.1609,1.0
674,Volatile,15,63.2515,69.8678,1.0
674,Volatile,16,29.4835,51.9192,1.0
674,Volatile,17,80.5437,64.6412,1.0
674,Volatile,18,62.5269,63.7015,1.0
674,Volatile,19,85.5589,73.4159,1.0
674,Volatile,20,79.6335,76.1793,1.0
675,Volatile,1,63.0467,63.0467,0.2
675,Volatile,2,90.4598,84.9772,0.4
675,Volatile,3,74.0968,77.7236,0.6
675,Volatile,4,73.2729,75.1803,0.8
675,Volatile,5,67.2378,71.2091,1.0
675,Volatile,6,100.0,84.005,1.0
675,Volatile,7,55.7347,71.4404,1.0
675,Volatile,8,63.5465,67.932,1.0
675,Volatile,9,45.2533,57.8526,1.0
675,Volatile,10,84.5346,69.7113,1.0
675,Volatile,11,58.357,64.6649,1.0
675,Volatile,12,60.5993,62.858,1.0
675,Volatile,13,59.6613,61.4372,1.0
675,Volatile,14,71.2544,65.8004,1.0
675,Volatile,15,44.9848,56.549,1.0
675,Volatile,16,25.1351,42.5873,1.0
675,Volatile,17,79.1541,58.8392,1.0
675,Volatile,18,27.7288,45.0124,1.0
675,Volatile,19,87.0828,63.7103,1.0
675,Volatile,20,100.0,79.8391,1.0
676,Volatile,1,66.7155,66.7155,0.2
676,Volatile,2,95.9899,90.135,0.4
676,Volatile,3,69.5149,76.3882,0.6
676,Volatile,4,100.0,89.8807,0.8
676,Volatile,5,60.8756,75.3782,1.0
676,Volatile,6,22.7024,51.9667,1.0
676,Volatile,7,68.4018,59.2712,1.0
676,Volatile,8,100.0,77.3729,1.0
676,Volatile,9,80.6994,78.8513,1.0
676,Volatile,10,59.6935,70.3367,1.0
676,Volatile,11,76.578,73.1106,1.0
676,Volatile,12,89.4225,80.3604,1.0
676,Volatile,13,68.2877,74.9947,1.0
676,Volatile,14,100.0,86.1082,1.0
676,Volatile,15,59.6516,74.3497,1.0
676,Volatile,16,90.0502,81.3277,1.0
676,Volatile,17,85.2387,83.066,1.0
676,Volatile,18,56.0035,71.0382,1.0
676,Volatile,19,61.5112,66.804,1.0
676,Volatile,20,90.362,77.2742,1.0
677,Volatile,1,72.8958,72.8958,0.2
677,Volatile,2,76.7614,75.9883,0.4
677,Volatile,3,37.2807,50.1832,0.6
677,Volatile,4,83.12,69.0042,0.8
677,Volatile,5,75.7459,72.3751,1.0
677,Volatile,6,68.7218,70.7514,1.0
677,Volatile,7,77.2178,73.6254,1.0
677,Volatile,8,61.8156,68.3766,1.0
677,Volatile,9,58.1619,63.8368,1.0
677,Volatile,10,65.1623,64.4259,1.0
677,Volatile,11,60.7159,62.777,1.0
677,Volatile,12,100.0,79.3206,1.0
677,Volatile,13,88.2374,83.2836,1.0
677,Volatile,14,50.6306,68.7712,1.0
677,Volatile,15,100.0,82.6507,1.0
677,Volatile,16,61.3429,73.1805,1.0
677,Volatile,17,70.5891,72.0288,1.0
677,Volatile,18,87.9483,79.1041,1.0
677,Volatile,19,30.6002,57.5468,1.0
677,Volatile,20,65.2595,60.9747,1.0
678,Volatile,1,58.5333,58.5333,0.2
678,Volatile,2,74.1016,70.9879,0.4
678,Volatile,3,77.401,75.2633,0.6
678,Volatile,4,68.4548,71.3727,0.8
678,Volatile,5,67.5271,69.4499,1.0
678,Volatile,6,91.3026,79.1622,1.0
678,Volatile,7,76.0297,77.77,1.0
678,Volatile,8,70.8285,74.6849,1.0
678,Volatile,9,72.9574,73.9171,1.0
678,Volatile,10,100.0,85.5095,1.0
678,Volatile,11,73.4535,80.1513,1.0
678,Volatile,12,59.711,71.0667,1.0
678,Volatile,13,31.82,53.6237,1.0
678,Volatile,14,41.3213,48.156,1.0
678,Volatile,15,60.6595,53.7131,1.0
678,Volatile,16,67.8325,59.9884,1.0
678,Volatile,17,58.8876,59.4991,1.0
678,Volatile,18,77.0229,67.2875,1.0
678,Volatile,19,58.6298,63.4396,1.0
678,Volatile,20,51.7102,58.2266,1.0
679,Volatile,1,82.2529,82.2529,0.2
679,Volatile,2,97.3879,94.3609,0.4
679,Volatile,3,47.8566,63.3581,0.6
679,Volatile,4,74.8743,69.9388,0.8
679,Volatile,5,31.8999,50.9193,1.0
679,Volatile,6,40.5092,46.2926,1.0
679,Volatile,7,58.2247,51.5958,1.0
679,Volatile,8,92.6982,69.8635,1.0
679,Volatile,9,54.4259,63.0023,1.0
679,Volatile,10,53.678,58.8582,1.0
679,Volatile,11,70.7217,64.1309,1.0
679,Volatile,12,70.7417,67.069,1.0
679,Volatile,13,54.2974,61.3927,1.0
679,Volatile,14,100.0,78.5515,1.0
679,Volatile,15,64.6927,72.3921,1.0
679,Volatile,16,72.2717,72.3386,1.0
679,Volatile,17,61.9644,67.7278,1.0
679,Volatile,18,78.7994,72.6485,1.0
679,Volatile,19,94.6992,82.4488,1.0
679,Volatile,20,100.0,90.2493,1.0
680,Volatile,1,54.7547,54.7547,0.2
680,Volatile,2,92.0159,84.5637,0.4
680,Volatile,3,80.9936,82.1836,0.6
680,Volatile,4,89.4907,86.3591,0.8
680,Volatile,5,68.1624,77.2608,1.0
680,Volatile,6,66.2592,72.3712,1.0
680,Volatile,7,88.7143,79.6348,1.0
680,Volatile,8,89.0939,83.8388,1.0
680,Volatile,9,100.0,91.0216,1.0
680,Volatile,10,73.971,83.4435,1.0
680,Volatile,11,67.8617,76.5183,1.0
680,Volatile,12,20.8029,51.7559,1.0
680,Volatile,13,37.7748,45.5421,1.0
680,Volatile,14,62.115,52.9078,1.0
680,Volatile,15,47.9788,50.7171,1.0
680,Volatile,16,86.2826,66.524,1.0
680,Volatile,17,43.7996,56.4243,1.0
680,Volatile,18,59.9739,58.0019,1.0
680,Volatile,19,60.7595,59.2275,1.0
680,Volatile,20,94.0949,74.7241,1.0
681,Volatile,1,57.8352,57.8352,0.2
681,Volatile,2,79.0482,74.8056,0.4
681,Volatile,3,73.9141,74.2113,0.6
681,Volatile,4,88.0658,82.1281,0.8
681,Volatile,5,87.0043,84.5662,1.0
681,Volatile,6,69.3312,77.7951,1.0
681,Volatile,7,36.0741,59.2524,1.0
681,Volatile,8,65.3652,61.9692,1.0
681,Volatile,9,69.6009,65.3611,1.0
681,Volatile,10,75.7202,69.9651,1.0
681,Volatile,11,55.2489,63.4246,1.0
681,Volatile,12,92.818,76.4883,1.0
681,Volatile,13,70.2724,73.7257,1.0
681,Volatile,14,51.5901,63.8876,1.0
681,Volatile,15,60.8354,62.5311,1.0
681,Volatile,16,100.0,79.1839,1.0
681,Volatile,17,83.2876,81.0078,1.0
681,Volatile,18,90.9691,85.435,1.0
681,Volatile,19,49.1683,69.3165,1.0
681,Volatile,20,56.2234,63.4973,1.0
682,Volatile,1,56.3716,56.3716,0.2
682,Volatile,2,73.6879,70.2246,0.4
682,Volatile,3,66.52,67.7548,0.6
682,Volatile,4,60.2101,63.4436,0.8
682,Volatile,5,62.7186,63.0811,1.0
682,Volatile,6,54.1193,59.0981,1.0
682,Volatile,7,66.4032,62.3448,1.0
682,Volatile,8,92.2643,75.6424,1.0
682,Volatile,9,39.7372,59.6845,1.0
682,Volatile,10,76.9296,67.349,1.0
682,Volatile,11,97.6019,80.7947,1.0
682,Volatile,12,66.3363,74.3687,1.0
682,Volatile,13,59.4225,67.726,1.0
682,Volatile,14,88.4846,76.952,1.0
682,Volatile,15,50.3156,65.1136,1.0
682,Volatile,16,69.5462,67.0836,1.0
682,Volatile,17,49.2031,59.1367,1.0
682,Volatile,18,32.598,47.3417,1.0
682,Volatile,19,66.9603,56.0611,1.0
682,Volatile,20,44.7321,51.026,1.0
683,Volatile,1,69.7666,69.7666,0.2
683,Volatile,2,92.3006,87.7938,0.4
683,Volatile,3,100.0,95.9313,0.6
683,Volatile,4,71.8706,82.1823,0.8
683,Volatile,5,90.3843,86.2833,1.0
683,Volatile,6,77.9793,82.5926,1.0
683,Volatile,7,62.3377,73.5904,1.0
683,Volatile,8,31.5045,54.8856,1.0
683,Volatile,9,100.0,74.9364,1.0
683,Volatile,10,49.018,63.4171,1.0
683,Volatile,11,97.6554,78.6341,1.0
683,Volatile,12,80.7362,79.5684,1.0
683,Volatile,13,50.4797,66.6401,1.0
683,Volatile,14,76.24,70.9067,1.0
683,Volatile,15,100.0,83.8371,1.0
683,Volatile,16,100.0,91.0206,1.0
683,Volatile,17,59.7457,77.1207,1.0
683,Volatile,18,55.7604,67.6272,1.0
683,Volatile,19,72.0042,69.5725,1.0
683,Volatile,20,66.6897,68.2913,1.0
684,Volatile,1,93.9947,93.9947,0.2
684,Volatile,2,84.7918,86.6324,0.4
684,Volatile,3,36.1552,52.9809,0.6
684,Volatile,4,79.1735,67.9481,0.8
684,Volatile,5,66.4182,67.1831,1.0
684,Volatile,6,70.7422,68.7649,1.0
684,Volatile,7,74.9789,71.5267,1.0
684,Volatile,8,93.9746,81.5035,1.0
684,Volatile,9,89.5559,85.0823,1.0
684,Volatile,10,55.0051,71.7147,1.0
684,Volatile,11,68.8278,70.4316,1.0
684,Volatile,12,61.0296,66.2529,1.0
684,Volatile,13,36.3631,52.9686,1.0
684,Volatile,14,67.8126,59.5659,1.0
684,Volatile,15,100.0,77.5366,1.0
684,Volatile,16,35.7591,58.9688,1.0
684,Volatile,17,69.5188,63.6577,1.0
684,Volatile,18,68.8772,65.9775,1.0
684,Volatile,19,75.7547,70.3229,1.0
684,Volatile,20,50.7455,61.6218,1.0
685,Volatile,1,41.4978,41.4978,0.2
685,Volatile,2,42.428,42.242,0.4
685,Volatile,3,96.6187,78.4931,0.6
685,Volatile,4,50.3463,62.4092,0.8
685,Volatile,5,60.0088,61.209,1.0
685,Volatile,6,100.0,78.4494,1.0
685,Volatile,7,55.3149,68.1674,1.0
685,Volatile,8,76.848,72.0254,1.0
685,Volatile,9,91.2762,80.5814,1.0
685,Volatile,10,90.3144,84.9072,1.0
685,Volatile,11,43.3685,66.4455,1.0
685,Volatile,12,55.733,61.6844,1.0
685,Volatile,13,76.0473,68.0679,1.0
685,Volatile,14,100.0,82.2599,1.0
685,Volatile,15,54.7698,70.0421,1.0
685,Volatile,16,60.1277,65.6357,1.0
685,Volatile,17,78.3915,71.3049,1.0
685,Volatile,18,82.3932,76.233,1.0
685,Volatile,19,83.6051,79.5095,1.0
685,Volatile,20,53.0729,67.7599,1.0
686,Volatile,1,59.359,59.359,0.2
686,Volatile,2,74.31,71.3198,0.4
686,Volatile,3,95.2462,87.2708,0.6
686,Volatile,4,65.2303,74.6762,0.8
686,Volatile,5,69.554,72.1151,1.0
686,Volatile,6,49.4814,62.0557,1.0
686,Volatile,7,100.0,78.9198,1.0
686,Volatile,8,73.0853,76.3267,1.0
686,Volatile,9,91.5551,83.0949,1.0
686,Volatile,10,70.5979,77.5407,1.0
686,Volatile,11,71.7053,74.9472,1.0
686,Volatile,12,39.9938,59.4124,1.0
686,Volatile,13,26.9848,45.0001,1.0
686,Volatile,14,95.0381,67.2392,1.0
686,Volatile,15,71.5612,69.1601,1.0
686,Volatile,16,74.1286,71.3683,1.0
686,Volatile,17,45.0189,59.6575,1.0
686,Volatile,18,51.9387,56.2269,1.0
686,Volatile,19,91.246,71.791,1.0
686,Volatile,20,100.0,84.3283,1.0
687,Volatile,1,57.5745,57.5745,0.2
687,Volatile,2,83.4297,78.2586,0.4
687,Volatile,3,73.8005,75.2865,0.6
687,Volatile,4,67.5894,70.8882,0.8
687,Volatile,5,100.0,85.4441,1.0
687,Volatile,6,60.936,74.5516,1.0
687,Volatile,7,94.8143,83.5572,1.0
687,Volatile,8,77.6285,80.9222,1.0
687,Volatile,9,69.6622,75.9178,1.0
687,Volatile,10,97.4403,85.4834,1.0
687,Volatile,11,75.8027,81.1808,1.0
687,Volatile,12,68.0714,75.3544,1.0
687,Volatile,13,97.5888,85.2364,1.0
687,Volatile,14,94.9852,89.5692,1.0
687,Volatile,15,94.0393,91.5559,1.0
687,Volatile,16,0.0,50.8644,1.0
687,Volatile,17,78.8035,63.2818,1.0
687,Volatile,18,74.2423,68.1531,1.0
687,Volatile,19,69.3027,68.6641,1.0
687,Volatile,20,82.1956,74.6781,1.0
688,Volatile,1,75.2111,75.2111,0.2
688,Volatile,2,83.5561,81.8871,0.4
688,Volatile,3,64.6408,70.3896,0.6
688,Volatile,4,99.9636,87.289,0.8
688,Volatile,5,85.5789,86.434,1.0
688,Volatile,6,80.8505,83.9524,1.0
688,Volatile,7,79.8741,82.1398,1.0
688,Volatile,8,93.1456,87.0313,1.0
688,Volatile,9,90.4338,88.5435,1.0
688,Volatile,10,67.7446,79.2995,1.0
688,Volatile,11,89.8062,83.9692,1.0
688,Volatile,12,73.481,79.3078,1.0
688,Volatile,13,100.0,88.5043,1.0
688,Volatile,14,91.9546,90.0378,1.0
688,Volatile,15,57.4878,75.5711,1.0
688,Volatile,16,100.0,86.4284,1.0
688,Volatile,17,27.9592,60.4421,1.0
688,Volatile,18,82.7471,70.3554,1.0
688,Volatile,19,56.0751,64.0086,1.0
688,Volatile,20,100.0,80.0048,1.0
689,Volatile,1,75.0561,75.0561,0.2
689,Volatile,2,54.1241,58.3105,0.4
689,Volatile,3,64.6701,62.5502,0.6
689,Volatile,4,55.7214,58.648,0.8
689,Volatile,5,63.8845,61.2662,1.0
689,Volatile,6,63.427,62.2266,1.0
689,Volatile,7,54.9769,59.0045,1.0
689,Volatile,8,75.4013,66.292,1.0
689,Volatile,9,77.8245,71.4175,1.0
689,Volatile,10,50.0739,61.9315,1.0
689,Volatile,11,36.8346,50.7773,1.0
689,Volatile,12,76.2191,62.0848,1.0
689,Volatile,13,80.6384,70.3308,1.0
689,Volatile,14,84.6043,76.6746,1.0
689,Volatile,15,81.0235,78.6074,1.0
689,Volatile,16,100.0,88.1152,1.0
689,Volatile,17,89.9414,88.9269,1.0
689,Volatile,18,100.0,93.8483,1.0
689,Volatile,19,100.0,96.5824,1.0
689,Volatile,20,34.8379,69.1404,1.0
690,Volatile,1,26.0572,26.0572,0.2
690,Volatile,2,69.8522,61.0932,0.4
690,Volatile,3,80.0846,73.7542,0.6
690,Volatile,4,68.4823,70.7417,0.8
690,Volatile,5,84.0716,77.4066,1.0
690,Volatile,6,64.5952,71.7126,1.0
690,Volatile,7,56.121,64.783,1.0
690,Volatile,8,59.1422,62.276,1.0
690,Volatile,9,65.9966,63.9296,1.0
690,Volatile,10,86.8702,74.1254,1.0
690,Volatile,11,60.2652,67.9653,1.0
690,Volatile,12,64.2206,66.301,1.0
690,Volatile,13,81.4043,73.0136,1.0
690,Volatile,14,66.0241,69.9071,1.0
690,Volatile,15,92.3342,79.8747,1.0
690,Volatile,16,51.6099,67.3126,1.0
690,Volatile,17,47.2727,58.406,1.0
690,Volatile,18,76.0926,66.2667,1.0
690,Volatile,19,78.0858,71.5196,1.0
690,Volatile,20,52.7008,63.1557,1.0
691,Volatile,1,96.8719,96.8719,0.2
691,Volatile,2,100.0,99.3744,0.4
691,Volatile,3,57.4429,71.4201,0.6
691,Volatile,4,99.746,87.6063,0.8
691,Volatile,5,22.3574,54.9818,1.0
691,Volatile,6,91.5222,71.222,1.0
691,Volatile,7,52.8447,63.0543,1.0
691,Volatile,8,89.5215,74.8175,1.0
691,Volatile,9,50.7745,64.1317,1.0
691,Volatile,10,68.6302,66.1311,1.0
691,Volatile,11,53.7977,60.6496,1.0
691,Volatile,12,65.7224,62.9042,1.0
691,Volatile,13,100.0,79.3912,1.0
691,Volatile,14,67.8412,74.2579,1.0
691,Volatile,15,100.0,85.6988,1.0
691,Volatile,16,62.2837,75.2921,1.0
691,Volatile,17,99.8353,86.2002,1.0
691,Volatile,18,37.4861,64.5495,1.0
691,Volatile,19,64.2698,64.4252,1.0
691,Volatile,20,59.2778,62.1375,1.0
692,Volatile,1,100.0,100.0,0.2
692,Volatile,2,73.705,78.964,0.4
692,Volatile,3,28.2383,45.1469,0.6
692,Volatile,4,43.7974,44.3758,0.8
692,Volatile,5,49.7468,47.0613,1.0
692,Volatile,6,88.681,65.5589,1.0
692,Volatile,7,86.1001,74.6884,1.0
692,Volatile,8,63.992,69.9344,1.0
692,Volatile,9,59.0298,65.0879,1.0
692,Volatile,10,84.3278,73.639,1.0
692,Volatile,11,47.4095,61.9814,1.0
692,Volatile,12,79.1534,69.6134,1.0
692,Volatile,13,77.4504,73.0965,1.0
692,Volatile,14,64.5082,69.2795,1.0
692,Volatile,15,77.9536,73.1346,1.0
692,Volatile,16,72.0419,72.649,1.0
692,Volatile,17,79.9484,75.8932,1.0
692,Volatile,18,43.318,61.4153,1.0
692,Volatile,19,82.29,70.693,1.0
692,Volatile,20,90.532,79.5103,1.0
693,Volatile,1,76.419,76.419,0.2
693,Volatile,2,82.0243,80.9033,0.4
693,Volatile,3,67.8016,72.1688,0.6
693,Volatile,4,87.8267,81.1162,0.8
693,Volatile,5,71.3049,76.2105,1.0
693,Volatile,6,47.0412,63.2464,1.0
693,Volatile,7,86.4043,73.5388,1.0
693,Volatile,8,37.3171,57.4403,1.0
693,Volatile,9,75.6556,65.536,1.0
693,Volatile,10,62.3155,64.1047,1.0
693,Volatile,11,61.0375,62.7415,1.0
693,Volatile,12,73.4398,67.4963,1.0
693,Volatile,13,55.8142,62.3043,1.0
693,Volatile,14,80.2441,70.2775,1.0
693,Volatile,15,71.1359,70.659,1.0
693,Volatile,16,57.6541,64.8791,1.0
693,Volatile,17,96.7636,79.05,1.0
693,Volatile,18,74.0957,76.8481,1.0
693,Volatile,19,82.616,79.4116,1.0
693,Volatile,20,98.3318,87.8206,1.0
694,Volatile,1,98.0036,98.0036,0.2
694,Volatile,2,81.5957,84.8773,0.4
694,Volatile,3,63.9468,70.9237,0.6
694,Volatile,4,41.4059,54.0564,0.8
694,Volatile,5,74.1338,64.0951,1.0
694,Volatile,6,91.8917,76.4491,1.0
694,Volatile,7,77.0863,76.7323,1.0
694,Volatile,8,1.1083,43.1217,1.0
694,Volatile,9,87.4012,62.8015,1.0
694,Volatile,10,88.63,74.2808,1.0
694,Volatile,11,63.9756,69.7007,1.0
694,Volatile,12,89.7672,78.6192,1.0
694,Volatile,13,82.5593,80.3703,1.0
694,Volatile,14,56.2899,69.6679,1.0
694,Volatile,15,95.426,81.116,1.0
694,Volatile,16,44.6505,64.9091,1.0
694,Volatile,17,68.8551,66.6629,1.0
694,Volatile,18,66.86,66.7505,1.0
694,Volatile,19,53.4912,60.8575,1.0
694,Volatile,20,76.0759,67.6212,1.0
695,Volatile,1,96.2074,96.2074,0.2
695,Volatile,2,94.9548,95.2053,0.4
695,Volatile,3,84.4733,88.0506,0.6
695,Volatile,4,36.0815,58.354,0.8
695,Volatile,5,43.281,50.8175,1.0
695,Volatile,6,73.3234,60.8201,1.0
695,Volatile,7,69.3153,64.5957,1.0
695,Volatile,8,60.0384,62.5703,1.0
695,Volatile,9,100.0,79.2057,1.0
695,Volatile,10,72.1172,76.0553,1.0
695,Volatile,11,80.8483,78.1855,1.0
695,Volatile,12,89.7579,83.3288,1.0
695,Volatile,13,71.0992,77.8934,1.0
695,Volatile,14,100.0,87.7186,1.0
695,Volatile,15,51.1926,71.4848,1.0
695,Volatile,16,57.8786,65.4376,1.0
695,Volatile,17,51.1435,59.0846,1.0
695,Volatile,18,100.0,77.2692,1.0
695,Volatile,19,86.0417,81.1681,1.0
695,Volatile,20,59.117,71.3676,1.0
696,Volatile,1,52.7225,52.7225,0.2
696,Volatile,2,97.6978,88.7027,0.4
696,Volatile,3,77.2338,81.0568,0.6
696,Volatile,4,98.2084,90.8577,0.8
696,Volatile,5,68.797,79.8273,1.0
696,Volatile,6,80.2307,80.0066,1.0
696,Volatile,7,76.0046,78.2279,1.0
696,Volatile,8,57.5178,69.0234,1.0
696,Volatile,9,67.1171,68.1762,1.0
696,Volatile,10,46.3139,58.4596,1.0
696,Volatile,11,79.8821,67.9807,1.0
696,Volatile,12,85.225,75.6448,1.0
696,Volatile,13,89.8032,81.9375,1.0
696,Volatile,14,83.3309,82.5568,1.0
696,Volatile,15,67.4358,75.8363,1.0
696,Volatile,16,100.0,86.5757,1.0
696,Volatile,17,87.8462,87.1404,1.0
696,Volatile,18,97.7709,91.8651,1.0
696,Volatile,19,99.0257,95.0476,1.0
696,Volatile,20,67.488,82.7989,1.0
697,Volatile,1,77.7576,77.7576,0.2
697,Volatile,2,85.4913,83.9446,0.4
697,Volatile,3,47.0172,59.3263,0.6
697,Volatile,4,47.4605,52.5459,0.8
697,Volatile,5,44.0138,48.2798,1.0
697,Volatile,6,67.838,56.9723,1.0
697,Volatile,7,63.3337,59.7996,1.0
697,Volatile,8,41.2866,51.5716,1.0
697,Volatile,9,72.9872,61.0896,1.0
697,Volatile,10,68.0876,64.1998,1.0
697,Volatile,11,93.6448,77.2865,1.0
697,Volatile,12,100.0,87.3814,1.0
697,Volatile,13,79.129,83.7137,1.0
697,Volatile,14,56.0674,71.4264,1.0
697,Volatile,15,82.9345,76.5411,1.0
697,Volatile,16,70.1861,73.7166,1.0
697,Volatile,17,65.1975,69.9304,1.0
697,Volatile,18,52.768,62.3026,1.0
697,Volatile,19,60.7156,61.5973,1.0
697,Volatile,20,66.4442,63.7515,1.0
698,Volatile,1,86.0819,86.0819,0.2
698,Volatile,2,80.2205,81.3928,0.4
698,Volatile,3,100.0,93.7976,0.6
698,Volatile,4,83.4868,87.9057,0.8
698,Volatile,5,78.4859,83.1958,1.0
698,Volatile,6,63.8754,74.6089,1.0
698,Volatile,7,49.2507,63.3386,1.0
698,Volatile,8,58.6021,61.2335,1.0
698,Volatile,9,56.0032,58.9089,1.0
698,Volatile,10,18.7819,41.0747,1.0
698,Volatile,11,49.8274,44.9648,1.0
698,Volatile,12,100.0,69.4249,1.0
698,Volatile,13,77.372,72.9569,1.0
698,Volatile,14,62.4695,68.2959,1.0
698,Volatile,15,77.9696,72.5953,1.0
698,Volatile,16,30.9319,54.0782,1.0
698,Volatile,17,75.642,63.6621,1.0
698,Volatile,18,95.5498,77.8344,1.0
698,Volatile,19,67.5777,73.2759,1.0
698,Volatile,20,34.5602,56.0689,1.0
699,Volatile,1,61.7212,61.7212,0.2
699,Volatile,2,95.5852,88.8124,0.4
699,Volatile,3,75.1726,79.7192,0.6
699,Volatile,4,41.6338,57.9561,0.8
699,Volatile,5,100.0,78.9781,1.0
699,Volatile,6,44.9238,63.8428,1.0
699,Volatile,7,65.1415,64.42,1.0
699,Volatile,8,49.2523,57.6788,1.0
699,Volatile,9,49.28,53.946,1.0
699,Volatile,10,60.957,57.062,1.0
699,Volatile,11,82.723,68.4669,1.0
699,Volatile,12,95.8106,80.6197,1.0
699,Volatile,13,62.2766,72.4672,1.0
699,Volatile,14,49.7971,62.3916,1.0
699,Volatile,15,79.5728,70.0277,1.0
699,Volatile,16,80.1593,74.5306,1.0
699,Volatile,17,74.8075,74.6537,1.0
699,Volatile,18,75.5148,75.0364,1.0
699,Volatile,19,67.7487,71.7974,1.0
699,Volatile,20,71.963,71.871,1.0
700,Volatile,1,66.367,66.367,0.2
700,Volatile,2,91.4049,86.3973,0.4
700,Volatile,3,100.0,95.4658,0.6
700,Volatile,4,73.5931,82.9671,0.8
700,Volatile,5,69.8686,76.4178,1.0
700,Volatile,6,75.1172,75.8398,1.0
700,Volatile,7,56.8416,67.3961,1.0
700,Volatile,8,85.2996,75.3532,1.0
700,Volatile,9,78.8235,76.8956,1.0
700,Volatile,10,61.5906,70.0934,1.0
700,Volatile,11,88.0413,78.0702,1.0
700,Volatile,12,70.3798,74.6523,1.0
700,Volatile,13,50.5989,63.9619,1.0
700,Volatile,14,77.0321,69.7709,1.0
700,Volatile,15,74.7399,71.9793,1.0
700,Volatile,16,89.2084,79.6367,1.0
700,Volatile,17,86.6309,82.7452,1.0
700,Volatile,18,67.8155,76.1098,1.0
700,Volatile,19,60.5583,69.198,1.0
700,Volatile,20,70.0349,69.5699,1.0
701,Volatile,1,77.2662,77.2662,0.2
701,Volatile,2,79.6751,79.1933,0.4
701,Volatile,3,76.0282,77.0833,0.6
701,Volatile,4,68.1848,71.9984,0.8
701,Volatile,5,89.9363,80.9674,1.0
701,Volatile,6,56.514,70.0992,1.0
701,Volatile,7,100.0,83.3884,1.0
701,Volatile,8,85.2614,84.2209,1.0
701,Volatile,9,47.4503,67.8784,1.0
701,Volatile,10,73.7046,70.4678,1.0
701,Volatile,11,85.4537,77.1282,1.0
701,Volatile,12,63.0126,70.8546,1.0
701,Volatile,13,40.0971,57.1846,1.0
701,Volatile,14,49.2187,53.6442,1.0
701,Volatile,15,80.8419,65.7321,1.0
701,Volatile,16,34.9077,52.0323,1.0
701,Volatile,17,41.0131,47.1349,1.0
701,Volatile,18,80.7367,62.069,1.0
701,Volatile,19,65.549,63.6157,1.0
701,Volatile,20,56.0844,60.2684,1.0
702,Volatile,1,60.1054,60.1054,0.2
702,Volatile,2,40.5837,44.4881,0.4
702,Volatile,3,79.6891,67.9554,0.6
702,Volatile,4,53.8691,59.9061,0.8
702,Volatile,5,59.285,59.5955,1.0
702,Volatile,6,76.9357,67.3023,1.0
702,Volatile,7,64.8674,66.2201,1.0
702,Volatile,8,55.9069,61.6365,1.0
702,Volatile,9,30.2112,47.6697,1.0
702,Volatile,10,77.3485,60.8603,1.0
702,Volatile,11,71.5799,65.6245,1.0
702,Volatile,12,59.6523,62.9702,1.0
702,Volatile,13,49.252,56.8732,1.0
702,Volatile,14,70.2552,62.8208,1.0
702,Volatile,15,79.6094,70.2824,1.0
702,Volatile,16,71.9552,71.0259,1.0
702,Volatile,17,100.0,83.9033,1.0
702,Volatile,18,84.0955,83.9887,1.0
702,Volatile,19,67.8543,76.8179,1.0
702,Volatile,20,84.7656,80.3502,1.0
703,Volatile,1,70.9732,70.9732,0.2
703,Volatile,2,70.9039,70.9177,0.4
703,Volatile,3,95.9273,87.5908,0.6
703,Volatile,4,52.0388,67.2754,0.8
703,Volatile,5,70.4662,68.8708,1.0
703,Volatile,6,93.7942,79.9479,1.0
703,Volatile,7,76.1798,78.2732,1.0
703,Volatile,8,62.6189,71.3157,1.0
703,Volatile,9,35.8768,55.5651,1.0
703,Volatile,10,24.5931,41.7997,1.0
703,Volatile,11,100.0,67.6665,1.0
703,Volatile,12,76.1702,71.446,1.0
703,Volatile,13,58.3185,65.6115,1.0
703,Volatile,14,76.9891,70.6683,1.0
703,Volatile,15,51.0465,61.9475,1.0
703,Volatile,16,63.376,62.5824,1.0
703,Volatile,17,51.1812,57.5152,1.0
703,Volatile,18,41.7345,50.5016,1.0
703,Volatile,19,27.9003,40.4566,1.0
703,Volatile,20,38.0469,39.3856,1.0
704,Volatile,1,90.4258,90.4258,0.2
704,Volatile,2,50.2624,58.295,0.4
704,Volatile,3,80.6978,73.2302,0.6
704,Volatile,4,89.1329,82.3175,0.8
704,Volatile,5,70.3316,76.3245,1.0
704,Volatile,6,64.0287,70.8597,1.0
704,Volatile,7,72.6605,71.66,1.0
704,Volatile,8,61.6676,67.219,1.0
704,Volatile,9,94.0782,79.1564,1.0
704,Volatile,10,100.0,88.4202,1.0
704,Volatile,11,98.9962,93.1207,1.0
704,Volatile,12,26.9687,63.7198,1.0
704,Volatile,13,61.2595,62.6263,1.0
704,Volatile,14,70.0832,65.9405,1.0
704,Volatile,15,79.2612,71.8608,1.0
704,Volatile,16,35.4537,55.6799,1.0
704,Volatile,17,35.1311,46.5471,1.0
704,Volatile,18,96.1358,68.5865,1.0
704,Volatile,19,58.8176,64.2448,1.0
704,Volatile,20,40.2519,53.5813,1.0
705,Volatile,1,47.9272,47.9272,0.2
705,Volatile,2,77.8095,71.833,0.4
705,Volatile,3,53.549,59.6437,0.6
705,Volatile,4,74.8325,68.323,0.8
705,Volatile,5,50.4255,59.3742,1.0
705,Volatile,6,35.116,48.5928,1.0
705,Volatile,7,98.4876,70.7683,1.0
705,Volatile,8,77.9638,73.9663,1.0
705,Volatile,9,63.325,69.2368,1.0
705,Volatile,10,59.5728,64.9417,1.0
705,Volatile,11,99.298,80.2112,1.0
705,Volatile,12,81.8306,80.9309,1.0
705,Volatile,13,92.9363,86.2666,1.0
705,Volatile,14,58.3261,73.8486,1.0
705,Volatile,15,71.0133,72.5885,1.0
705,Volatile,16,78.044,75.0132,1.0
705,Volatile,17,58.9986,67.8956,1.0
705,Volatile,18,68.0894,67.9817,1.0
705,Volatile,19,58.3278,63.6911,1.0
705,Volatile,20,77.9812,70.0422,1.0
706,Volatile,1,43.5721,43.5721,0.2
706,Volatile,2,81.4394,73.8659,0.4
706,Volatile,3,76.2143,75.4315,0.6
706,Volatile,4,65.9338,70.0043,0.8
706,Volatile,5,78.9903,74.4973,1.0
706,Volatile,6,62.7012,69.2546,1.0
706,Volatile,7,56.5974,63.6292,1.0
706,Volatile,8,80.8745,71.2938,1.0
706,Volatile,9,81.7403,75.9367,1.0
706,Volatile,10,59.8546,68.7891,1.0
706,Volatile,11,58.139,64.0557,1.0
706,Volatile,12,66.3405,65.0712,1.0
706,Volatile,13,58.9599,62.355,1.0
706,Volatile,14,100.0,79.0861,1.0
706,Volatile,15,76.3295,77.861,1.0
706,Volatile,16,70.292,74.497,1.0
706,Volatile,17,51.3455,64.2074,1.0
706,Volatile,18,84.7798,73.3507,1.0
706,Volatile,19,57.7679,66.425,1.0
706,Volatile,20,56.9451,62.2117,1.0
707,Volatile,1,85.4523,85.4523,0.2
707,Volatile,2,77.7465,79.2876,0.4
707,Volatile,3,19.931,39.7166,0.6
707,Volatile,4,66.8446,55.2183,0.8
707,Volatile,5,72.5104,63.8643,1.0
707,Volatile,6,63.2081,63.5727,1.0
707,Volatile,7,73.2073,67.8547,1.0
707,Volatile,8,33.8062,52.7221,1.0
707,Volatile,9,13.3796,35.2365,1.0
707,Volatile,10,50.4906,42.0161,1.0
707,Volatile,11,75.6449,56.9623,1.0
707,Volatile,12,5.5009,34.0905,1.0
707,Volatile,13,53.1291,42.5521,1.0
707,Volatile,14,31.5448,37.66,1.0
707,Volatile,15,65.1475,49.8767,1.0
707,Volatile,16,100.0,72.1537,1.0
707,Volatile,17,65.6565,69.266,1.0
707,Volatile,18,67.8499,68.6367,1.0
707,Volatile,19,86.7846,76.7024,1.0
707,Volatile,20,70.4261,73.913,1.0
708,Volatile,1,65.7002,65.7002,0.2
708,Volatile,2,88.5329,83.9664,0.4
708,Volatile,3,79.4377,80.9473,0.6
708,Volatile,4,75.7725,77.9903,0.8
708,Volatile,5,67.2244,72.6073,1.0
708,Volatile,6,63.0787,68.3724,1.0
708,Volatile,7,88.3434,77.2484,1.0
708,Volatile,8,63.2707,71.0361,1.0
708,Volatile,9,94.6251,81.5201,1.0
708,Volatile,10,49.0571,67.0921,1.0
708,Volatile,11,98.6757,81.1292,1.0
708,Volatile,12,79.4408,80.3788,1.0
708,Volatile,13,50.6293,67.1568,1.0
708,Volatile,14,80.1796,72.9447,1.0
708,Volatile,15,56.9939,65.8555,1.0
708,Volatile,16,70.6686,67.9946,1.0
708,Volatile,17,60.2675,64.5603,1.0
708,Volatile,18,67.3418,65.7965,1.0
708,Volatile,19,88.8286,76.033,1.0
708,Volatile,20,80.3702,77.9607,1.0
709,Volatile,1,47.4927,47.4927,0.2
709,Volatile,2,48.6381,48.409,0.4
709,Volatile,3,75.4155,66.4133,0.6
709,Volatile,4,76.8637,72.385,0.8
709,Volatile,5,56.5111,64.448,1.0
709,Volatile,6,100.0,80.2489,1.0
709,Volatile,7,86.2699,82.9249,1.0
709,Volatile,8,57.4885,71.6198,1.0
709,Volatile,9,55.5549,64.4799,1.0
709,Volatile,10,65.4437,64.9082,1.0
709,Volatile,11,63.3629,64.2214,1.0
709,Volatile,12,95.1231,77.9555,1.0
709,Volatile,13,89.6905,83.1711,1.0
709,Volatile,14,70.7014,77.629,1.0
709,Volatile,15,83.5581,80.2641,1.0
709,Volatile,16,86.4595,83.0176,1.0
709,Volatile,17,71.1652,77.7499,1.0
709,Volatile,18,78.0524,77.8843,1.0
709,Volatile,19,81.8838,79.6619,1.0
709,Volatile,20,79.7521,79.702,1.0
710,Volatile,1,54.4239,54.4239,0.2
710,Volatile,2,56.4458,56.0414,0.4
710,Volatile,3,64.2281,61.4992,0.6
710,Volatile,4,55.8667,58.2806,0.8
710,Volatile,5,40.538,49.4093,1.0
710,Volatile,6,83.519,64.5692,1.0
710,Volatile,7,76.9282,70.0621,1.0
710,Volatile,8,43.2127,58.129,1.0
710,Volatile,9,65.1817,61.2635,1.0
710,Volatile,10,66.3143,63.5083,1.0
710,Volatile,11,73.6389,68.0108,1.0
710,Volatile,12,48.3616,59.2778,1.0
710,Volatile,13,42.9201,52.0077,1.0
710,Volatile,14,80.3945,64.6241,1.0
710,Volatile,15,39.3208,53.3781,1.0
710,Volatile,16,65.3467,58.6975,1.0
710,Volatile,17,63.4785,60.8224,1.0
710,Volatile,18,67.5343,63.8055,1.0
710,Volatile,19,75.0544,68.805,1.0
710,Volatile,20,100.0,82.6694,1.0
711,Volatile,1,38.0102,38.0102,0.2
711,Volatile,2,87.5316,77.6273,0.4
711,Volatile,3,19.7568,39.047,0.6
711,Volatile,4,97.8742,72.6626,0.8
711,Volatile,5,29.1426,50.9026,1.0
711,Volatile,6,100.0,72.7237,1.0
711,Volatile,7,62.2046,68.0485,1.0
711,Volatile,8,95.8077,80.3859,1.0
711,Volatile,9,91.6831,85.4069,1.0
711,Volatile,10,61.2702,74.6795,1.0
711,Volatile,11,62.805,69.4019,1.0
711,Volatile,12,53.2568,62.2263,1.0
711,Volatile,13,85.7474,72.6801,1.0
711,Volatile,14,61.5306,67.7248,1.0
711,Volatile,15,53.6203,61.4562,1.0
711,Volatile,16,80.7455,70.0292,1.0
711,Volatile,17,52.0565,62.0413,1.0
711,Volatile,18,63.4204,62.6542,1.0
711,Volatile,19,72.1421,66.8711,1.0
711,Volatile,20,57.1514,62.5512,1.0
712,Volatile,1,60.169,60.169,0.2
712,Volatile,2,100.0,92.0338,0.4
712,Volatile,3,65.9153,74.6215,0.6
712,Volatile,4,62.8075,67.8706,0.8
712,Volatile,5,66.4975,67.1841,1.0
712,Volatile,6,79.0891,72.4752,1.0
712,Volatile,7,49.3227,62.1852,1.0
712,Volatile,8,78.5443,69.4559,1.0
712,Volatile,9,75.1164,71.9717,1.0
712,Volatile,10,34.2269,55.1962,1.0
712,Volatile,11,100.0,75.109,1.0
712,Volatile,12,99.2163,85.8234,1.0
712,Volatile,13,53.9887,71.6746,1.0
712,Volatile,14,47.5515,60.9532,1.0
712,Volatile,15,74.561,67.0011,1.0
712,Volatile,16,41.4827,55.6596,1.0
712,Volatile,17,97.2857,74.1601,1.0
712,Volatile,18,60.6309,68.1471,1.0
712,Volatile,19,100.0,82.304,1.0
712,Volatile,20,53.5119,69.5075,1.0
713,Volatile,1,67.756,67.756,0.2
713,Volatile,2,95.3443,89.8266,0.4
713,Volatile,3,63.5352,72.299,0.6
713,Volatile,4,75.4418,74.0949,0.8
713,Volatile,5,91.8532,82.974,1.0
713,Volatile,6,58.8791,72.2652,1.0
713,Volatile,7,44.7652,60.043,1.0
713,Volatile,8,40.8258,51.502,1.0
713,Volatile,9,81.6687,64.9094,1.0
713,Volatile,10,77.7756,70.6277,1.0
713,Volatile,11,91.2333,79.7857,1.0
713,Volatile,12,64.5191,73.0006,1.0
713,Volatile,13,41.3853,58.9493,1.0
713,Volatile,14,22.945,42.9474,1.0
713,Volatile,15,100.0,68.3041,1.0
713,Volatile,16,80.5385,73.7416,1.0
713,Volatile,17,72.7358,73.2946,1.0
713,Volatile,18,75.5728,74.3071,1.0
713,Volatile,19,41.3732,59.6698,1.0
713,Volatile,20,54.1026,57.1955,1.0
714,Volatile,1,100.0,100.0,0.2
714,Volatile,2,83.1669,86.5336,0.4
714,Volatile,3,54.728,65.3299,0.6
714,Volatile,4,45.4637,53.9778,0.8
714,Volatile,5,59.6861,56.8319,1.0
714,Volatile,6,63.6914,59.8806,1.0
714,Volatile,7,100.0,77.7114,1.0
714,Volatile,8,66.2347,72.6106,1.0
714,Volatile,9,46.209,60.8766,1.0
714,Volatile,10,68.828,64.4105,1.0
714,Volatile,11,75.2868,69.2444,1.0
714,Volatile,12,44.3891,58.1976,1.0
714,Volatile,13,78.0433,67.0179,1.0
714,Volatile,14,94.1783,79.0892,1.0
714,Volatile,15,72.7734,76.2822,1.0
714,Volatile,16,54.0587,66.4051,1.0
714,Volatile,17,59.4226,63.3018,1.0
714,Volatile,18,36.8233,51.5335,1.0
714,Volatile,19,67.3233,58.5512,1.0
714,Volatile,20,76.2156,66.402,1.0
715,Volatile,1,52.0673,52.0673,0.2
715,Volatile,2,100.0,90.4135,0.4
715,Volatile,3,85.8456,87.3682,0.6
715,Volatile,4,34.1445,56.9546,0.8
715,Volatile,5,34.5547,45.7547,1.0
715,Volatile,6,50.3195,47.7835,1.0
715,Volatile,7,100.0,70.9908,1.0
715,Volatile,8,87.8184,78.4698,1.0
715,Volatile,9,100.0,88.0388,1.0
715,Volatile,10,70.2042,80.1123,1.0
715,Volatile,11,65.8102,73.7558,1.0
715,Volatile,12,45.0498,60.9976,1.0
715,Volatile,13,76.9937,68.107,1.0
715,Volatile,14,66.0766,67.2046,1.0
715,Volatile,15,65.3066,66.361,1.0
715,Volatile,16,100.0,81.3117,1.0
715,Volatile,17,67.4731,75.1612,1.0
715,Volatile,18,96.6196,84.6983,1.0
715,Volatile,19,38.2385,64.0495,1.0
715,Volatile,20,100.0,80.0275,1.0
716,Volatile,1,62.5346,62.5346,0.2
716,Volatile,2,84.1437,79.8219,0.4
716,Volatile,3,87.3255,84.8243,0.6
716,Volatile,4,60.0529,70.6692,0.8
716,Volatile,5,86.3806,78.5249,1.0
716,Volatile,6,87.4201,82.4783,1.0
716,Volatile,7,55.7371,70.5933,1.0
716,Volatile,8,55.974,64.0958,1.0
716,Volatile,9,70.9061,67.1226,1.0
716,Volatile,10,67.6901,67.3749,1.0
716,Volatile,11,97.8626,80.925,1.0
716,Volatile,12,84.0534,82.3154,1.0
716,Volatile,13,68.5915,76.2159,1.0
716,Volatile,14,82.1216,78.8406,1.0
716,Volatile,15,29.0669,56.719,1.0
716,Volatile,16,57.6938,57.1522,1.0
716,Volatile,17,75.7564,65.4208,1.0
716,Volatile,18,92.3073,77.3703,1.0
716,Volatile,19,73.9954,75.8704,1.0
716,Volatile,20,99.1648,86.2234,1.0
717,Volatile,1,87.3588,87.3588,0.2
717,Volatile,2,60.2334,65.6585,0.4
717,Volatile,3,67.1994,66.6858,0.6
717,Volatile,4,78.1684,73.2473,0.8
717,Volatile,5,61.0273,67.1373,1.0
717,Volatile,6,100.0,81.7429,1.0
717,Volatile,7,47.8255,66.6685,1.0
717,Volatile,8,76.3221,70.959,1.0
717,Volatile,9,84.7089,77.0701,1.0
717,Volatile,10,63.7311,71.1416,1.0
717,Volatile,11,59.224,65.8449,1.0
717,Volatile,12,68.4784,67.0153,1.0
717,Volatile,13,86.24,75.5596,1.0
717,Volatile,14,60.003,68.6456,1.0
717,Volatile,15,48.6216,59.746,1.0
717,Volatile,16,93.0117,74.5308,1.0
717,Volatile,17,77.9859,76.0664,1.0
717,Volatile,18,90.1571,82.329,1.0
717,Volatile,19,85.1866,83.599,1.0
717,Volatile,20,100.0,90.8884,1.0
718,Volatile,1,92.2994,92.2994,0.2
718,Volatile,2,55.5184,62.8746,0.4
718,Volatile,3,79.4054,73.8951,0.6
718,Volatile,4,58.8502,65.298,0.8
718,Volatile,5,60.9175,63.1078,1.0
718,Volatile,6,41.75,53.6154,1.0
718,Volatile,7,64.2777,58.3542,1.0
718,Volatile,8,80.9007,68.3749,1.0
718,Volatile,9,68.6796,68.5103,1.0
718,Volatile,10,48.0126,59.4002,1.0
718,Volatile,11,39.5396,50.5733,1.0
718,Volatile,12,100.0,72.5407,1.0
718,Volatile,13,76.5032,74.3018,1.0
718,Volatile,14,53.5186,65.0648,1.0
718,Volatile,15,79.2357,71.363,1.0
718,Volatile,16,100.0,84.0905,1.0
718,Volatile,17,82.4092,83.3433,1.0
718,Volatile,18,14.2586,52.639,1.0
718,Volatile,19,100.0,73.6883,1.0
718,Volatile,20,33.0151,55.6113,1.0
719,Volatile,1,65.8798,65.8798,0.2
719,Volatile,2,47.3319,51.0415,0.4
719,Volatile,3,55.2,53.8138,0.6
719,Volatile,4,75.6882,66.3135,0.8
719,Volatile,5,28.5795,47.4465,1.0
719,Volatile,6,68.1951,56.6681,1.0
719,Volatile,7,92.9468,72.792,1.0
719,Volatile,8,53.1352,64.0556,1.0
719,Volatile,9,42.1943,54.3395,1.0
719,Volatile,10,67.2139,60.0614,1.0
719,Volatile,11,63.2332,61.4711,1.0
719,Volatile,12,58.0954,59.9708,1.0
719,Volatile,13,46.2331,53.8652,1.0
719,Volatile,14,80.3837,65.6512,1.0
719,Volatile,15,81.9053,72.8752,1.0
719,Volatile,16,48.6871,62.1249,1.0
719,Volatile,17,51.4549,57.3827,1.0
719,Volatile,18,72.7298,64.2037,1.0
719,Volatile,19,50.7006,58.2023,1.0
719,Volatile,20,73.5732,65.0338,1.0
720,Volatile,1,99.3609,99.3609,0.2
720,Volatile,2,68.8035,74.915,0.4
720,Volatile,3,45.7277,55.4568,0.6
720,Volatile,4,77.8421,68.2484,0.8
720,Volatile,5,66.4469,67.3476,1.0
720,Volatile,6,66.9969,67.1917,1.0
720,Volatile,7,79.5065,72.6649,1.0
720,Volatile,8,83.8207,77.6231,1.0
720,Volatile,9,70.71,74.5506,1.0
720,Volatile,10,68.7864,71.9887,1.0
720,Volatile,11,100.0,84.4382,1.0
720,Volatile,12,94.0111,88.6928,1.0
720,Volatile,13,86.6709,87.7942,1.0
720,Volatile,14,72.6241,81.0519,1.0
720,Volatile,15,49.8851,67.2,1.0
720,Volatile,16,92.5477,78.4657,1.0
720,Volatile,17,72.8859,75.9858,1.0
720,Volatile,18,58.4566,68.195,1.0
720,Volatile,19,65.1372,66.836,1.0
720,Volatile,20,50.6763,59.6539,1.0
721,Volatile,1,91.1466,91.1466,0.2
721,Volatile,2,83.6607,85.1579,0.4
721,Volatile,3,73.6326,77.4744,0.6
721,Volatile,4,69.1443,72.7143,0.8
721,Volatile,5,56.3866,64.5505,1.0
721,Volatile,6,27.3985,48.0385,1.0
721,Volatile,7,41.7415,45.2398,1.0
721,Volatile,8,55.1471,49.6431,1.0
721,Volatile,9,52.1407,50.7531,1.0
721,Volatile,10,75.7872,61.8794,1.0
721,Volatile,11,86.2299,72.7018,1.0
721,Volatile,12,67.4312,70.3593,1.0
721,Volatile,13,98.1783,82.7233,1.0
721,Volatile,14,54.342,70.1094,1.0
721,Volatile,15,67.2893,68.856,1.0
721,Volatile,16,68.9803,68.9112,1.0
721,Volatile,17,91.8437,79.1035,1.0
721,Volatile,18,72.1177,75.9987,1.0
721,Volatile,19,72.6714,74.5199,1.0
721,Volatile,20,36.9031,57.8013,1.0
722,Volatile,1,52.0019,52.0019,0.2
722,Volatile,2,91.919,83.9356,0.4
722,Volatile,3,28.4932,46.974,0.6
722,Volatile,4,96.8599,75.4802,0.8
722,Volatile,5,79.9933,77.7367,1.0
722,Volatile,6,55.0496,67.6536,1.0
722,Volatile,7,53.359,61.3004,1.0
722,Volatile,8,100.0,78.5002,1.0
722,Volatile,9,98.2281,87.2682,1.0
722,Volatile,10,67.6112,78.5317,1.0
722,Volatile,11,72.6918,75.9362,1.0
722,Volatile,12,57.0764,67.5541,1.0
722,Volatile,13,72.6957,69.8392,1.0
722,Volatile,14,56.5219,63.9204,1.0
722,Volatile,15,68.4291,65.9243,1.0
722,Volatile,16,100.0,81.0691,1.0
722,Volatile,17,68.0877,75.2996,1.0
722,Volatile,18,49.0396,63.6285,1.0
722,Volatile,19,42.6726,54.3147,1.0
722,Volatile,20,72.5424,62.4159,1.0
723,Volatile,1,54.7821,54.7821,0.2
723,Volatile,2,74.9321,70.9021,0.4
723,Volatile,3,37.6099,48.7073,0.6
723,Volatile,4,83.805,68.7631,0.8
723,Volatile,5,48.7967,58.7799,1.0
723,Volatile,6,70.9259,64.1782,1.0
723,Volatile,7,63.2339,63.7585,1.0
723,Volatile,8,100.0,79.8658,1.0
723,Volatile,9,73.4298,77.0054,1.0
723,Volatile,10,100.0,87.2252,1.0
723,Volatile,11,81.2148,84.5539,1.0
723,Volatile,12,98.5081,90.7558,1.0
723,Volatile,13,65.824,79.675,1.0
723,Volatile,14,76.9101,78.4461,1.0
723,Volatile,15,94.3729,85.5247,1.0
723,Volatile,16,88.0992,86.6689,1.0
723,Volatile,17,80.6199,83.9804,1.0
723,Volatile,18,63.4413,74.8519,1.0
723,Volatile,19,66.8245,71.2842,1.0
723,Volatile,20,92.7532,80.826,1.0
724,Volatile,1,96.9182,96.9182,0.2
724,Volatile,2,58.1427,65.8978,0.4
724,Volatile,3,55.1248,58.7158,0.6
724,Volatile,4,51.9173,54.831,0.8
724,Volatile,5,86.594,70.7125,1.0
724,Volatile,6,51.4105,62.1338,1.0
724,Volatile,7,86.3521,72.8975,1.0
724,Volatile,8,80.9138,76.4603,1.0
724,Volatile,9,59.0982,68.7438,1.0
724,Volatile,10,100.0,82.6354,1.0
724,Volatile,11,40.7548,64.0218,1.0
724,Volatile,12,100.0,80.0121,1.0
724,Volatile,13,76.3777,78.3968,1.0
724,Volatile,14,28.5307,56.2341,1.0
724,Volatile,15,100.0,75.6856,1.0
724,Volatile,16,89.4443,81.8006,1.0
724,Volatile,17,61.4358,72.7495,1.0
724,Volatile,18,50.7056,62.9522,1.0
724,Volatile,19,38.6187,52.1373,1.0
724,Volatile,20,100.0,73.4096,1.0
725,Volatile,1,51.5324,51.5324,0.2
725,Volatile,2,44.7282,46.0891,0.4
725,Volatile,3,75.3584,65.6019,0.6
725,Volatile,4,37.2421,49.3963,0.8
725,Volatile,5,50.369,49.8827,1.0
725,Volatile,6,89.8994,67.6679,1.0
725,Volatile,7,79.2842,72.8307,1.0
725,Volatile,8,62.2726,68.1382,1.0
725,Volatile,9,70.3661,69.1284,1.0
725,Volatile,10,61.1506,65.5827,1.0
725,Volatile,11,68.76,66.9949,1.0
725,Volatile,12,54.7638,61.5588,1.0
725,Volatile,13,58.3952,60.1528,1.0
725,Volatile,14,57.7864,59.1011,1.0
725,Volatile,15,55.4828,57.4929,1.0
725,Volatile,16,90.8782,72.3308,1.0
725,Volatile,17,85.4023,78.1404,1.0
725,Volatile,18,51.3527,66.2348,1.0
725,Volatile,19,46.1121,57.2914,1.0
725,Volatile,20,66.8545,61.5416,1.0
726,Volatile,1,100.0,100.0,0.2
726,Volatile,2,49.4459,59.5567,0.4
726,Volatile,3,66.7755,64.3692,0.6
726,Volatile,4,71.7744,68.6008,0.8
726,Volatile,5,67.8272,68.214,1.0
726,Volatile,6,60.8358,64.9348,1.0
726,Volatile,7,93.1016,77.4534,1.0
726,Volatile,8,79.0892,78.1804,1.0
726,Volatile,9,86.9161,82.0629,1.0
726,Volatile,10,81.7876,81.9406,1.0
726,Volatile,11,87.879,84.5799,1.0
726,Volatile,12,100.0,91.4333,1.0
726,Volatile,13,96.6209,93.7389,1.0
726,Volatile,14,100.0,96.5216,1.0
726,Volatile,15,94.3468,95.555,1.0
726,Volatile,16,56.6111,78.2466,1.0
726,Volatile,17,86.9462,82.1131,1.0
726,Volatile,18,84.2087,83.0445,1.0
726,Volatile,19,100.0,90.5803,1.0
726,Volatile,20,50.6568,72.8365,1.0
727,Volatile,1,81.159,81.159,0.2
727,Volatile,2,56.3786,61.3347,0.4
727,Volatile,3,80.2509,73.9455,0.6
727,Volatile,4,65.7051,69.2367,0.8
727,Volatile,5,79.5894,74.413,1.0
727,Volatile,6,41.7932,59.9153,1.0
727,Volatile,7,85.8645,71.4483,1.0
727,Volatile,8,74.1212,72.6363,1.0
727,Volatile,9,73.0439,72.8174,1.0
727,Volatile,10,100.0,84.8986,1.0
727,Volatile,11,62.3503,74.8771,1.0
727,Volatile,12,76.8453,75.7519,1.0
727,Volatile,13,72.0054,74.0868,1.0
727,Volatile,14,73.9608,74.0308,1.0
727,Volatile,15,100.0,85.5727,1.0
727,Volatile,16,71.2761,79.2187,1.0
727,Volatile,17,58.6544,70.079,1.0
727,Volatile,18,100.0,83.3772,1.0
727,Volatile,19,63.8462,74.6968,1.0
727,Volatile,20,37.8964,58.3411,1.0
728,Volatile,1,55.1831,55.1831,0.2
728,Volatile,2,45.0683,47.0912,0.4
728,Volatile,3,34.0007,38.3642,0.6
728,Volatile,4,62.7397,52.2931,0.8
728,Volatile,5,68.5957,60.4444,1.0
728,Volatile,6,93.6106,75.1849,1.0
728,Volatile,7,82.588,78.4752,1.0
728,Volatile,8,81.6767,79.8981,1.0
728,Volatile,9,52.1358,67.5593,1.0
728,Volatile,10,87.6987,76.5101,1.0
728,Volatile,11,97.8247,85.9832,1.0
728,Volatile,12,77.8914,82.3869,1.0
728,Volatile,13,78.4504,80.6373,1.0
728,Volatile,14,44.7062,64.6679,1.0
728,Volatile,15,91.0887,76.4105,1.0
728,Volatile,16,100.0,86.8947,1.0
728,Volatile,17,76.459,82.2566,1.0
728,Volatile,18,58.1129,71.5261,1.0
728,Volatile,19,66.7601,69.4079,1.0
728,Volatile,20,61.5916,65.934,1.0
729,Volatile,1,62.791,62.791,0.2
729,Volatile,2,82.9597,78.9259,0.4
729,Volatile,3,75.5893,76.7015,0.6
729,Volatile,4,90.0787,84.3456,0.8
729,Volatile,5,77.4181,80.8818,1.0
729,Volatile,6,52.7182,68.3647,1.0
729,Volatile,7,59.9862,64.6409,1.0
729,Volatile,8,58.7432,62.0197,1.0
729,Volatile,9,66.2706,63.909,1.0
729,Volatile,10,100.0,79.9494,1.0
729,Volatile,11,100.0,88.8608,1.0
729,Volatile,12,86.732,87.9147,1.0
729,Volatile,13,72.3753,81.0083,1.0
729,Volatile,14,42.767,64.0121,1.0
729,Volatile,15,74.4002,68.629,1.0
729,Volatile,16,54.1999,62.2161,1.0
729,Volatile,17,100.0,79.0089,1.0
729,Volatile,18,37.8779,60.7285,1.0
729,Volatile,19,77.6897,68.2668,1.0
729,Volatile,20,52.5152,61.2661,1.0
730,Volatile,1,69.8097,69.8097,0.2
730,Volatile,2,83.3214,80.619,0.4
730,Volatile,3,90.4394,87.1659,0.6
730,Volatile,4,68.7862,76.6632,0.8
730,Volatile,5,85.2243,80.9438,1.0
730,Volatile,6,56.7506,70.1913,1.0
730,Volatile,7,74.9108,72.2888,1.0
730,Volatile,8,90.0441,80.1801,1.0
730,Volatile,9,76.642,78.6076,1.0
730,Volatile,10,59.4131,70.0767,1.0
730,Volatile,11,64.4192,67.5622,1.0
730,Volatile,12,90.3131,77.6737,1.0
730,Volatile,13,48.1631,64.5579,1.0
730,Volatile,14,51.1137,58.5827,1.0
730,Volatile,15,82.0318,69.0045,1.0
730,Volatile,16,61.2171,65.5435,1.0
730,Volatile,17,40.9388,54.6081,1.0
730,Volatile,18,97.0164,73.4562,1.0
730,Volatile,19,48.008,62.1459,1.0
730,Volatile,20,66.0114,63.8639,1.0
731,Volatile,1,57.6096,57.6096,0.2
731,Volatile,2,64.0463,62.759,0.4
731,Volatile,3,52.3076,55.7914,0.6
731,Volatile,4,84.2856,72.0738,0.8
731,Volatile,5,72.2165,72.1451,1.0
731,Volatile,6,89.6731,79.9353,1.0
731,Volatile,7,57.8166,70.1048,1.0
731,Volatile,8,100.0,83.3916,1.0
731,Volatile,9,31.907,60.5095,1.0
731,Volatile,10,38.2973,50.6374,1.0
731,Volatile,11,100.0,72.5764,1.0
731,Volatile,12,79.4808,75.645,1.0
731,Volatile,13,76.8277,76.1707,1.0
731,Volatile,14,78.6255,77.2617,1.0
731,Volatile,15,81.4241,79.1117,1.0
731,Volatile,16,75.9954,77.7266,1.0
731,Volatile,17,50.6819,65.7068,1.0
731,Volatile,18,86.3638,74.8877,1.0
731,Volatile,19,83.2136,78.5881,1.0
731,Volatile,20,98.5686,87.4683,1.0
732,Volatile,1,100.0,100.0,0.2
732,Volatile,2,76.6095,81.2876,0.4
732,Volatile,3,45.449,57.3952,0.6
732,Volatile,4,100.0,81.7408,0.8
732,Volatile,5,49.637,65.6889,1.0
732,Volatile,6,76.7593,70.6091,1.0
732,Volatile,7,64.8653,68.0563,1.0
732,Volatile,8,61.3875,65.0924,1.0
732,Volatile,9,85.286,74.0673,1.0
732,Volatile,10,74.8892,74.4326,1.0
732,Volatile,11,80.2648,77.0247,1.0
732,Volatile,12,53.6863,66.6521,1.0
732,Volatile,13,66.5185,66.5927,1.0
732,Volatile,14,54.6093,61.2667,1.0
732,Volatile,15,66.0186,63.3787,1.0
732,Volatile,16,67.6248,65.2658,1.0
732,Volatile,17,100.0,80.7032,1.0
732,Volatile,18,64.8122,73.6406,1.0
732,Volatile,19,27.488,53.1283,1.0
732,Volatile,20,97.9018,73.0277,1.0
733,Volatile,1,78.9852,78.9852,0.2
733,Volatile,2,67.3798,69.7009,0.4
733,Volatile,3,61.2557,64.0708,0.6
733,Volatile,4,51.0615,56.6369,0.8
733,Volatile,5,100.0,78.3184,1.0
733,Volatile,6,71.0369,75.0822,1.0
733,Volatile,7,35.245,57.3768,1.0
733,Volatile,8,76.5548,65.9003,1.0
733,Volatile,9,94.1234,78.4439,1.0
733,Volatile,10,73.1287,76.0816,1.0
733,Volatile,11,51.9681,65.3645,1.0
733,Volatile,12,50.1785,58.6152,1.0
733,Volatile,13,51.6536,55.5212,1.0
733,Volatile,14,100.0,75.2895,1.0
733,Volatile,15,68.5667,72.3016,1.0
733,Volatile,16,36.4255,56.3567,1.0
733,Volatile,17,77.6827,65.8349,1.0
733,Volatile,18,72.8207,68.9397,1.0
733,Volatile,19,61.0221,65.4208,1.0
733,Volatile,20,49.5919,58.3857,1.0
734,Volatile,1,48.7221,48.7221,0.2
734,Volatile,2,91.7327,83.1306,0.4
734,Volatile,3,74.9503,77.677,0.6
734,Volatile,4,79.5729,78.7604,0.8
734,Volatile,5,74.8952,76.8278,1.0
734,Volatile,6,76.5538,76.706,1.0
734,Volatile,7,60.6321,69.562,1.0
734,Volatile,8,65.8834,67.9271,1.0
734,Volatile,9,93.2982,79.2032,1.0
734,Volatile,10,98.2918,87.687,1.0
734,Volatile,11,45.5582,68.9631,1.0
734,Volatile,12,65.8348,67.5727,1.0
734,Volatile,13,86.7857,76.1118,1.0
734,Volatile,14,100.0,86.7288,1.0
734,Volatile,15,100.0,92.6271,1.0
734,Volatile,16,54.0848,75.4972,1.0
734,Volatile,17,95.5009,84.3878,1.0
734,Volatile,18,71.1727,78.5144,1.0
734,Volatile,19,90.8883,84.0139,1.0
734,Volatile,20,85.7656,84.7924,1.0
735,Volatile,1,44.7207,44.7207,0.2
735,Volatile,2,80.9995,73.7437,0.4
735,Volatile,3,90.1139,84.6572,0.6
735,Volatile,4,69.5969,76.0513,0.8
735,Volatile,5,65.0737,70.5625,1.0
735,Volatile,6,38.5667,56.3421,1.0
735,Volatile,7,83.6724,68.4889,1.0
735,Volatile,8,74.175,71.016,1.0
735,Volatile,9,51.5563,62.3673,1.0
735,Volatile,10,63.4832,62.8632,1.0
735,Volatile,11,73.0901,67.4085,1.0
735,Volatile,12,58.8273,63.5946,1.0
735,Volatile,13,70.0535,66.4653,1.0
735,Volatile,14,35.0013,52.4813,1.0
735,Volatile,15,96.9884,72.2622,1.0
735,Volatile,16,70.3182,71.3982,1.0
735,Volatile,17,48.0129,61.0048,1.0
735,Volatile,18,20.8058,43.1386,1.0
735,Volatile,19,90.5827,64.2248,1.0
735,Volatile,20,81.1618,71.7524,1.0
736,Volatile,1,74.2137,74.2137,0.2
736,Volatile,2,87.273,84.6611,0.4
736,Volatile,3,87.218,86.3657,0.6
736,Volatile,4,73.8888,79.236,0.8
736,Volatile,5,64.9157,72.0759,1.0
736,Volatile,6,61.6572,67.4453,1.0
736,Volatile,7,78.4188,72.3224,1.0
736,Volatile,8,97.9406,83.7083,1.0
736,Volatile,9,67.9419,76.701,1.0
736,Volatile,10,99.5295,86.847,1.0
736,Volatile,11,77.463,82.6764,1.0
736,Volatile,12,77.6138,80.4264,1.0
736,Volatile,13,100.0,89.1258,1.0
736,Volatile,14,100.0,93.9588,1.0
736,Volatile,15,100.0,96.6438,1.0
736,Volatile,16,54.0477,77.7122,1.0
736,Volatile,17,100.0,87.6179,1.0
736,Volatile,18,68.3557,79.0569,1.0
736,Volatile,19,65.4502,73.0095,1.0
736,Volatile,20,26.815,52.4786,1.0
737,Volatile,1,76.5258,76.5258,0.2
737,Volatile,2,48.3329,53.9715,0.4
737,Volatile,3,78.1651,70.1006,0.6
737,Volatile,4,46.7687,56.7681,0.8
737,Volatile,5,100.0,78.384,1.0
737,Volatile,6,81.0315,79.5607,1.0
737,Volatile,7,100.0,88.6448,1.0
737,Volatile,8,49.5395,71.2647,1.0
737,Volatile,9,100.0,84.0359,1.0
737,Volatile,10,33.9458,61.7736,1.0
737,Volatile,11,74.1615,67.2794,1.0
737,Volatile,12,57.3675,62.8741,1.0
737,Volatile,13,61.0409,62.0593,1.0
737,Volatile,14,59.6701,60.9974,1.0
737,Volatile,15,51.7057,56.8678,1.0
737,Volatile,16,44.8062,51.5071,1.0
737,Volatile,17,61.1515,55.7935,1.0
737,Volatile,18,72.3206,63.1389,1.0
737,Volatile,19,93.2739,76.5322,1.0
737,Volatile,20,75.907,76.2543,1.0
738,Volatile,1,93.3308,93.3308,0.2
738,Volatile,2,40.4365,51.0153,0.4
738,Volatile,3,61.3406,57.8989,0.6
738,Volatile,4,84.2201,72.9396,0.8
738,Volatile,5,76.8638,74.9017,1.0
738,Volatile,6,52.7765,65.0683,1.0
738,Volatile,7,88.6814,75.563,1.0
738,Volatile,8,59.3745,68.3681,1.0
738,Volatile,9,54.4527,62.1835,1.0
738,Volatile,10,79.739,69.9859,1.0
738,Volatile,11,70.1234,70.047,1.0
738,Volatile,12,59.5418,65.378,1.0
738,Volatile,13,58.8626,62.4823,1.0
738,Volatile,14,48.6041,56.3142,1.0
738,Volatile,15,62.085,58.879,1.0
738,Volatile,16,92.0002,73.5995,1.0
738,Volatile,17,74.891,74.1735,1.0
738,Volatile,18,89.1719,80.8395,1.0
738,Volatile,19,80.3214,80.6092,1.0
738,Volatile,20,57.7551,70.4518,1.0
739,Volatile,1,37.0172,37.0172,0.2
739,Volatile,2,51.4629,48.5738,0.4
739,Volatile,3,56.5753,53.9081,0.6
739,Volatile,4,55.0283,54.5482,0.8
739,Volatile,5,89.6204,72.0843,1.0
739,Volatile,6,89.4118,79.7854,1.0
739,Volatile,7,100.0,88.7697,1.0
739,Volatile,8,54.7256,73.639,1.0
739,Volatile,9,100.0,85.355,1.0
739,Volatile,10,100.0,91.8639,1.0
739,Volatile,11,65.3547,80.082,1.0
739,Volatile,12,79.4711,79.8105,1.0
739,Volatile,13,94.8147,86.479,1.0
739,Volatile,14,68.8215,78.6312,1.0
739,Volatile,15,67.2722,73.5828,1.0
739,Volatile,16,57.4533,66.4141,1.0
739,Volatile,17,22.7992,47.0297,1.0
739,Volatile,18,71.4094,57.8651,1.0
739,Volatile,19,55.8026,56.9485,1.0
739,Volatile,20,48.493,53.1905,1.0
740,Volatile,1,78.4438,78.4438,0.2
740,Volatile,2,40.9738,48.4678,0.4
740,Volatile,3,86.1216,73.5703,0.6
740,Volatile,4,79.672,77.057,0.8
740,Volatile,5,61.9961,69.5266,1.0
740,Volatile,6,68.7338,69.1742,1.0
740,Volatile,7,46.1956,58.9615,1.0
740,Volatile,8,85.0068,70.5372,1.0
740,Volatile,9,73.7473,71.9639,1.0
740,Volatile,10,75.237,73.4186,1.0
740,Volatile,11,80.0378,76.3605,1.0
740,Volatile,12,57.1517,67.8232,1.0
740,Volatile,13,39.6188,55.2879,1.0
740,Volatile,14,89.1464,70.3361,1.0
740,Volatile,15,83.7744,76.3087,1.0
740,Volatile,16,59.2928,68.7461,1.0
740,Volatile,17,78.1822,72.9399,1.0
740,Volatile,18,95.1595,82.8153,1.0
740,Volatile,19,92.774,87.2414,1.0
740,Volatile,20,58.7088,74.5602,1.0
741,Volatile,1,40.2248,40.2248,0.2
741,Volatile,2,43.6557,42.9695,0.4
741,Volatile,3,63.7655,56.8335,0.6
741,Volatile,4,99.2463,81.0694,0.8
741,Volatile,5,55.4311,68.2502,1.0
741,Volatile,6,58.0734,63.7272,1.0
741,Volatile,7,57.6618,61.0315,1.0
741,Volatile,8,59.3654,60.291,1.0
741,Volatile,9,69.7755,64.5063,1.0
741,Volatile,10,44.399,55.5697,1.0
741,Volatile,11,91.6872,71.6219,1.0
741,Volatile,12,67.1036,69.6138,1.0
741,Volatile,13,100.0,83.1188,1.0
741,Volatile,14,46.5286,66.8565,1.0
741,Volatile,15,100.0,81.5869,1.0
741,Volatile,16,97.8269,88.8047,1.0
741,Volatile,17,61.7663,76.7876,1.0
741,Volatile,18,62.0988,70.2593,1.0
741,Volatile,19,51.574,61.9547,1.0
741,Volatile,20,51.8036,57.4431,1.0
742,Volatile,1,69.9879,69.9879,0.2
742,Volatile,2,70.4139,70.3287,0.4
742,Volatile,3,37.9529,48.7448,0.6
742,Volatile,4,100.0,78.0335,0.8
742,Volatile,5,64.8097,71.4216,1.0
742,Volatile,6,71.3122,71.373,1.0
742,Volatile,7,57.4753,65.1962,1.0
742,Volatile,8,64.6598,64.9578,1.0
742,Volatile,9,62.8424,64.0176,1.0
742,Volatile,10,69.9414,66.6504,1.0
742,Volatile,11,69.7082,68.0094,1.0
742,Volatile,12,86.0973,76.0485,1.0
742,Volatile,13,74.5444,75.38,1.0
742,Volatile,14,84.0857,79.2492,1.0
742,Volatile,15,69.8038,75.0512,1.0
742,Volatile,16,74.6251,74.8618,1.0
742,Volatile,17,65.1739,70.5561,1.0
742,Volatile,18,90.0622,79.2255,1.0
742,Volatile,19,76.4524,77.993,1.0
742,Volatile,20,66.8385,73.0355,1.0
743,Volatile,1,66.2418,66.2418,0.2
743,Volatile,2,67.8152,67.5005,0.4
743,Volatile,3,70.6089,69.5728,0.6
743,Volatile,4,68.8728,69.1728,0.8
743,Volatile,5,58.8232,63.998,1.0
743,Volatile,6,85.298,73.4647,1.0
743,Volatile,7,86.5615,79.2855,1.0
743,Volatile,8,100.0,88.4919,1.0
743,Volatile,9,57.9274,74.9077,1.0
743,Volatile,10,83.3288,78.6504,1.0
743,Volatile,11,31.8173,57.8357,1.0
743,Volatile,12,86.5809,70.6113,1.0
743,Volatile,13,40.8684,57.3922,1.0
743,Volatile,14,50.3134,54.2461,1.0
743,Volatile,15,76.6445,64.2009,1.0
743,Volatile,16,57.57,61.2539,1.0
743,Volatile,17,54.8329,58.4001,1.0
743,Volatile,18,60.3037,59.2461,1.0
743,Volatile,19,84.5925,70.5112,1.0
743,Volatile,20,51.3422,61.9916,1.0
744,Volatile,1,68.9169,68.9169,0.2
744,Volatile,2,62.4269,63.7249,0.4
744,Volatile,3,86.3978,78.8402,0.6
744,Volatile,4,86.9584,83.4792,0.8
744,Volatile,5,33.2944,58.3868,1.0
744,Volatile,6,90.9022,72.8381,1.0
744,Volatile,7,57.7849,66.1478,1.0
744,Volatile,8,74.7258,69.9602,1.0
744,Volatile,9,51.2218,61.6321,1.0
744,Volatile,10,77.4227,68.6501,1.0
744,Volatile,11,100.0,82.5834,1.0
744,Volatile,12,72.5433,78.1211,1.0
744,Volatile,13,60.803,70.4242,1.0
744,Volatile,14,65.3568,68.172,1.0
744,Volatile,15,40.6194,55.9264,1.0
744,Volatile,16,98.9793,75.061,1.0
744,Volatile,17,76.2577,75.5929,1.0
744,Volatile,18,49.022,63.7836,1.0
744,Volatile,19,49.6736,57.5125,1.0
744,Volatile,20,70.3056,63.1983,1.0
745,Volatile,1,88.6399,88.6399,0.2
745,Volatile,2,46.9802,55.3121,0.4
745,Volatile,3,92.2682,79.9495,0.6
745,Volatile,4,68.1673,73.2168,0.8
745,Volatile,5,51.3951,62.306,1.0
745,Volatile,6,60.6462,61.5683,1.0
745,Volatile,7,100.0,78.6491,1.0
745,Volatile,8,42.2357,62.4654,1.0
745,Volatile,9,55.3621,59.3084,1.0
745,Volatile,10,89.0517,72.5276,1.0
745,Volatile,11,74.3291,73.3283,1.0
745,Volatile,12,54.1752,64.8158,1.0
745,Volatile,13,89.2959,75.6958,1.0
745,Volatile,14,90.2459,82.1625,1.0
745,Volatile,15,76.6278,79.7027,1.0
745,Volatile,16,57.7521,69.9468,1.0
745,Volatile,17,60.8339,65.8966,1.0
745,Volatile,18,75.6935,70.2508,1.0
745,Volatile,19,43.7614,58.4777,1.0
745,Volatile,20,96.5557,75.4013,1.0
746,Volatile,1,100.0,100.0,0.2
746,Volatile,2,65.2809,72.2247,0.4
746,Volatile,3,77.1221,75.4896,0.6
746,Volatile,4,93.716,85.9047,0.8
746,Volatile,5,100.0,92.9524,1.0
746,Volatile,6,100.0,96.0846,1.0
746,Volatile,7,35.2892,69.0645,1.0
746,Volatile,8,63.6889,66.6753,1.0
746,Volatile,9,80.0138,72.6035,1.0
746,Volatile,10,60.1157,67.0534,1.0
746,Volatile,11,100.0,81.6963,1.0
746,Volatile,12,100.0,89.8313,1.0
746,Volatile,13,53.6814,73.7647,1.0
746,Volatile,14,66.752,70.6479,1.0
746,Volatile,15,55.0089,63.6973,1.0
746,Volatile,16,66.0974,64.764,1.0
746,Volatile,17,65.4914,65.0873,1.0
746,Volatile,18,89.0852,75.753,1.0
746,Volatile,19,52.2307,65.2986,1.0
746,Volatile,20,17.665,44.1281,1.0
747,Volatile,1,37.9091,37.9091,0.2
747,Volatile,2,49.434,47.129,0.4
747,Volatile,3,56.8862,53.6338,0.6
747,Volatile,4,73.7435,65.125,0.8
747,Volatile,5,48.4041,56.7646,1.0
747,Volatile,6,45.778,51.8817,1.0
747,Volatile,7,51.4111,51.6725,1.0
747,Volatile,8,47.6869,49.9011,1.0
747,Volatile,9,58.9101,53.9051,1.0
747,Volatile,10,58.0543,55.7492,1.0
747,Volatile,11,83.7811,68.2078,1.0
747,Volatile,12,50.2094,60.2085,1.0
747,Volatile,13,62.8481,61.3817,1.0
747,Volatile,14,59.0995,60.3674,1.0
747,Volatile,15,86.1777,71.8386,1.0
747,Volatile,16,66.9144,69.6501,1.0
747,Volatile,17,91.0139,79.1451,1.0
747,Volatile,18,46.9526,64.8373,1.0
747,Volatile,19,69.0127,66.693,1.0
747,Volatile,20,58.4822,63.0438,1.0
748,Volatile,1,45.4791,45.4791,0.2
748,Volatile,2,68.6498,64.0156,0.4
748,Volatile,3,100.0,88.0052,0.6
748,Volatile,4,52.9418,67.969,0.8
748,Volatile,5,67.4509,67.7099,1.0
748,Volatile,6,43.7554,57.0635,1.0
748,Volatile,7,40.8154,49.8421,1.0
748,Volatile,8,54.255,51.8034,1.0
748,Volatile,9,61.0003,55.8909,1.0
748,Volatile,10,61.8883,58.5564,1.0
748,Volatile,11,65.4795,61.6334,1.0
748,Volatile,12,37.0333,50.7,1.0
748,Volatile,13,57.4811,53.7138,1.0
748,Volatile,14,80.0352,65.4122,1.0
748,Volatile,15,42.8351,55.3779,1.0
748,Volatile,16,62.8971,58.7198,1.0
748,Volatile,17,75.8569,66.3363,1.0
748,Volatile,18,54.3547,61.0111,1.0
748,Volatile,19,76.8305,68.0419,1.0
748,Volatile,20,39.5775,55.3911,1.0
749,Volatile,1,87.769,87.769,0.2
749,Volatile,2,77.316,79.4066,0.4
749,Volatile,3,71.1133,73.8777,0.6
749,Volatile,4,92.4964,84.517,0.8
749,Volatile,5,63.413,73.965,1.0
749,Volatile,6,57.6429,66.7107,1.0
749,Volatile,7,97.4509,80.373,1.0
749,Volatile,8,100.0,89.0961,1.0
749,Volatile,9,56.1312,74.4451,1.0
749,Volatile,10,67.7251,71.4584,1.0
749,Volatile,11,90.9009,80.0995,1.0
749,Volatile,12,68.4371,74.9162,1.0
749,Volatile,13,81.8918,78.0165,1.0
749,Volatile,14,85.6081,81.3905,1.0
749,Volatile,15,58.7539,71.3298,1.0
749,Volatile,16,78.3855,74.4657,1.0
749,Volatile,17,69.8761,72.4259,1.0
749,Volatile,18,45.6626,60.5311,1.0
749,Volatile,19,50.2069,55.9426,1.0
749,Volatile,20,56.9517,56.3911,1.0
750,Volatile,1,88.5704,88.5704,0.2
750,Volatile,2,89.2272,89.0958,0.4
750,Volatile,3,84.9983,86.3641,0.6
750,Volatile,4,78.8022,82.043,0.8
750,Volatile,5,78.2565,80.1498,1.0
750,Volatile,6,75.5512,78.106,1.0
750,Volatile,7,78.1519,78.1264,1.0
750,Volatile,8,79.5073,78.7401,1.0
750,Volatile,9,41.9116,62.3719,1.0
750,Volatile,10,54.1951,58.7377,1.0
750,Volatile,11,49.4216,54.5972,1.0
750,Volatile,12,92.1429,71.2842,1.0
750,Volatile,13,100.0,84.0468,1.0
750,Volatile,14,26.619,58.5233,1.0
750,Volatile,15,100.0,76.9574,1.0
750,Volatile,16,71.7344,74.6361,1.0
750,Volatile,17,90.2544,81.5776,1.0
750,Volatile,18,80.1293,80.9339,1.0
750,Volatile,19,98.8079,88.8779,1.0
750,Volatile,20,74.1948,82.3521,1.0
751,Volatile,1,42.7309,42.7309,0.2
751,Volatile,2,67.8865,62.8554,0.4
751,Volatile,3,80.3131,74.4939,0.6
751,Volatile,4,65.6808,69.4578,0.8
751,Volatile,5,83.1546,76.3062,1.0
751,Volatile,6,68.6861,72.9195,1.0
751,Volatile,7,58.0898,66.3285,1.0
751,Volatile,8,48.2804,58.3071,1.0
751,Volatile,9,62.1637,60.0212,1.0
751,Volatile,10,74.0914,66.2746,1.0
751,Volatile,11,30.8122,50.5135,1.0
751,Volatile,12,54.3985,52.2402,1.0
751,Volatile,13,30.0662,42.3851,1.0
751,Volatile,14,57.6585,49.1733,1.0
751,Volatile,15,93.9463,69.0724,1.0
751,Volatile,16,46.2777,58.9414,1.0
751,Volatile,17,84.0632,70.1066,1.0
751,Volatile,18,100.0,83.3926,1.0
751,Volatile,19,99.0708,90.3607,1.0
751,Volatile,20,72.6703,82.4983,1.0
752,Volatile,1,87.1687,87.1687,0.2
752,Volatile,2,42.6063,51.5188,0.4
752,Volatile,3,38.5317,42.8607,0.6
752,Volatile,4,70.574,58.6969,0.8
752,Volatile,5,77.9722,68.3345,1.0
752,Volatile,6,91.8881,78.8028,1.0
752,Volatile,7,58.6248,69.8348,1.0
752,Volatile,8,73.8679,71.6273,1.0
752,Volatile,9,73.1822,72.3184,1.0
752,Volatile,10,67.3721,70.12,1.0
752,Volatile,11,68.5505,69.4225,1.0
752,Volatile,12,52.9059,62.0818,1.0
752,Volatile,13,75.5941,68.0873,1.0
752,Volatile,14,73.901,70.6712,1.0
752,Volatile,15,61.1998,66.4616,1.0
752,Volatile,16,83.3155,73.9522,1.0
752,Volatile,17,90.5566,81.332,1.0
752,Volatile,18,83.5475,82.3167,1.0
752,Volatile,19,49.1511,67.5764,1.0
752,Volatile,20,71.9929,69.5393,1.0
753,Volatile,1,51.7714,51.7714,0.2
753,Volatile,2,71.9311,67.8991,0.4
753,Volatile,3,51.8493,57.1992,0.6
753,Volatile,4,95.5433,79.1101,0.8
753,Volatile,5,85.6666,82.3884,1.0
753,Volatile,6,93.0598,87.1312,1.0
753,Volatile,7,91.0344,88.866,1.0
753,Volatile,8,64.588,78.0758,1.0
753,Volatile,9,61.4878,70.7033,1.0
753,Volatile,10,100.0,83.7241,1.0
753,Volatile,11,66.6976,76.1568,1.0
753,Volatile,12,42.9084,61.3797,1.0
753,Volatile,13,90.1493,74.1662,1.0
753,Volatile,14,72.8755,73.5926,1.0
753,Volatile,15,100.0,85.3292,1.0
753,Volatile,16,74.8594,80.676,1.0
753,Volatile,17,69.6,75.7533,1.0
753,Volatile,18,100.0,86.5296,1.0
753,Volatile,19,39.2307,65.5079,1.0
753,Volatile,20,58.2928,62.3011,1.0
754,Volatile,1,52.2527,52.2527,0.2
754,Volatile,2,26.0984,31.3293,0.4
754,Volatile,3,87.4635,68.7521,0.6
754,Volatile,4,58.8516,63.0947,0.8
754,Volatile,5,88.1074,75.601,1.0
754,Volatile,6,77.7817,76.5702,1.0
754,Volatile,7,82.1428,79.0469,1.0
754,Volatile,8,60.892,70.9781,1.0
754,Volatile,9,54.715,63.7501,1.0
754,Volatile,10,71.7952,67.3257,1.0
754,Volatile,11,88.3834,76.6847,1.0
754,Volatile,12,68.9924,73.2659,1.0
754,Volatile,13,55.9613,65.5749,1.0
754,Volatile,14,46.0196,56.8837,1.0
754,Volatile,15,74.0833,64.5279,1.0
754,Volatile,16,58.9186,62.0349,1.0
754,Volatile,17,68.5652,64.9373,1.0
754,Volatile,18,65.2244,65.0649,1.0
754,Volatile,19,61.1114,63.3078,1.0
754,Volatile,20,75.8761,68.8937,1.0
755,Volatile,1,81.0901,81.0901,0.2
755,Volatile,2,100.0,96.218,0.4
755,Volatile,3,85.1594,88.8456,0.6
755,Volatile,4,100.0,95.2195,0.8
755,Volatile,5,53.628,74.4238,1.0
755,Volatile,6,37.9811,58.227,1.0
755,Volatile,7,69.7114,63.3312,1.0
755,Volatile,8,87.1605,73.922,1.0
755,Volatile,9,84.0232,78.4114,1.0
755,Volatile,10,94.2276,85.4409,1.0
755,Volatile,11,19.2691,56.0312,1.0
755,Volatile,12,95.0595,73.3771,1.0
755,Volatile,13,76.7093,74.8581,1.0
755,Volatile,14,39.1197,58.9744,1.0
755,Volatile,15,84.4706,70.306,1.0
755,Volatile,16,73.3897,71.6765,1.0
755,Volatile,17,77.6246,74.3201,1.0
755,Volatile,18,89.9822,81.281,1.0
755,Volatile,19,78.6055,80.0919,1.0
755,Volatile,20,40.5435,62.5148,1.0
756,Volatile,1,67.1395,67.1395,0.2
756,Volatile,2,37.6471,43.5456,0.4
756,Volatile,3,82.9812,69.836,0.6
756,Volatile,4,97.9594,85.9065,0.8
756,Volatile,5,45.171,65.5387,1.0
756,Volatile,6,56.5707,61.553,1.0
756,Volatile,7,52.3526,57.4639,1.0
756,Volatile,8,60.9219,59.0008,1.0
756,Volatile,9,78.2485,67.5553,1.0
756,Volatile,10,61.1386,64.7034,1.0
756,Volatile,11,83.0506,72.8577,1.0
756,Volatile,12,91.3076,81.0577,1.0
756,Volatile,13,92.0352,85.9366,1.0
756,Volatile,14,47.6364,68.9143,1.0
756,Volatile,15,97.7186,81.7162,1.0
756,Volatile,16,99.3214,89.5407,1.0
756,Volatile,17,100.0,94.1893,1.0
756,Volatile,18,66.8437,82.0357,1.0
756,Volatile,19,54.9632,70.0035,1.0
756,Volatile,20,50.3152,61.2531,1.0
757,Volatile,1,47.9644,47.9644,0.2
757,Volatile,2,70.2338,65.7799,0.4
757,Volatile,3,86.957,79.898,0.6
757,Volatile,4,96.1312,89.1741,0.8
757,Volatile,5,60.2889,74.7315,1.0
757,Volatile,6,69.2262,72.2847,1.0
757,Volatile,7,67.9162,70.3432,1.0
757,Volatile,8,57.2944,64.5437,1.0
757,Volatile,9,84.715,73.5087,1.0
757,Volatile,10,77.257,75.1746,1.0
757,Volatile,11,72.8365,74.1354,1.0
757,Volatile,12,77.1661,75.4824,1.0
757,Volatile,13,82.309,78.5165,1.0
757,Volatile,14,82.1087,80.113,1.0
757,Volatile,15,53.2302,68.1651,1.0
757,Volatile,16,87.9266,76.948,1.0
757,Volatile,17,75.1073,76.1299,1.0
757,Volatile,18,61.3077,69.5422,1.0
757,Volatile,19,74.6846,71.8277,1.0
757,Volatile,20,76.8895,74.0774,1.0
758,Volatile,1,91.6357,91.6357,0.2
758,Volatile,2,49.0769,57.5886,0.4
758,Volatile,3,96.4997,83.5293,0.6
758,Volatile,4,70.4633,76.063,0.8
758,Volatile,5,59.8769,67.97,1.0
758,Volatile,6,59.2648,64.101,1.0
758,Volatile,7,49.9726,57.8217,1.0
758,Volatile,8,35.1817,47.7595,1.0
758,Volatile,9,83.548,63.6655,1.0
758,Volatile,10,100.0,79.8142,1.0
758,Volatile,11,37.6477,61.0735,1.0
758,Volatile,12,50.9914,56.5926,1.0
758,Volatile,13,85.0317,69.2322,1.0
758,Volatile,14,69.0873,69.1678,1.0
758,Volatile,15,86.6884,76.9547,1.0
758,Volatile,16,67.9656,72.9595,1.0
758,Volatile,17,58.3875,66.4831,1.0
758,Volatile,18,65.4832,66.0387,1.0
758,Volatile,19,22.3582,46.6251,1.0
758,Volatile,20,47.1303,46.8497,1.0
759,Volatile,1,88.9656,88.9656,0.2
759,Volatile,2,93.838,92.8635,0.4
759,Volatile,3,98.1233,96.3701,0.6
759,Volatile,4,78.8174,86.34,0.8
759,Volatile,5,24.8786,55.6093,1.0
759,Volatile,6,57.2999,56.3607,1.0
759,Volatile,7,96.4931,74.1973,1.0
759,Volatile,8,100.0,85.6652,1.0
759,Volatile,9,97.253,90.8153,1.0
759,Volatile,10,65.275,79.464,1.0
759,Volatile,11,43.8685,63.6438,1.0
759,Volatile,12,69.1874,66.1076,1.0
759,Volatile,13,70.2961,67.9692,1.0
759,Volatile,14,100.0,82.2051,1.0
759,Volatile,15,74.5558,78.8054,1.0
759,Volatile,16,70.3336,75.0402,1.0
759,Volatile,17,71.4699,73.4534,1.0
759,Volatile,18,77.9972,75.4729,1.0
759,Volatile,19,82.5288,78.6088,1.0
759,Volatile,20,55.5093,68.3423,1.0
760,Volatile,1,48.8476,48.8476,0.2
760,Volatile,2,97.4112,87.6985,0.4
760,Volatile,3,37.1792,54.0189,0.6
760,Volatile,4,100.0,80.2938,0.8
760,Volatile,5,31.7864,56.0401,1.0
760,Volatile,6,58.3092,57.0486,1.0
760,Volatile,7,89.4371,71.4435,1.0
760,Volatile,8,70.0068,70.805,1.0
760,Volatile,9,43.6705,58.7452,1.0
760,Volatile,10,78.5286,67.5378,1.0
760,Volatile,11,71.3401,69.2277,1.0
760,Volatile,12,65.679,67.6505,1.0
760,Volatile,13,57.5216,63.1488,1.0
760,Volatile,14,69.3079,65.8861,1.0
760,Volatile,15,58.3616,62.5419,1.0
760,Volatile,16,100.0,79.1899,1.0
760,Volatile,17,65.1997,72.972,1.0
760,Volatile,18,62.5249,68.3288,1.0
760,Volatile,19,59.1673,64.257,1.0
760,Volatile,20,100.0,80.1428,1.0
761,Volatile,1,37.2187,37.2187,0.2
761,Volatile,2,77.1886,69.1947,0.4
761,Volatile,3,65.2142,66.541,0.6
761,Volatile,4,41.532,52.2501,0.8
761,Volatile,5,53.6185,52.9343,1.0
761,Volatile,6,76.3391,63.3364,1.0
761,Volatile,7,52.7121,58.6145,1.0
761,Volatile,8,75.1913,65.982,1.0
761,Volatile,9,100.0,81.1011,1.0
761,Volatile,10,73.412,77.6837,1.0
761,Volatile,11,40.9298,61.3486,1.0
761,Volatile,12,53.0641,57.6666,1.0
761,Volatile,13,64.2919,60.6112,1.0
761,Volatile,14,62.9553,61.653,1.0
761,Volatile,15,73.0403,66.714,1.0
761,Volatile,16,76.2489,70.9517,1.0
761,Volatile,17,100.0,83.8621,1.0
761,Volatile,18,69.9256,77.6681,1.0
761,Volatile,19,46.9561,64.0183,1.0
761,Volatile,20,93.0761,76.9329,1.0
762,Volatile,1,95.2605,95.2605,0.2
762,Volatile,2,74.6489,78.7712,0.4
762,Volatile,3,65.0721,69.6385,0.6
762,Volatile,4,82.4509,76.9599,0.8
762,Volatile,5,65.7784,71.3691,1.0
762,Volatile,6,28.8858,52.4877,1.0
762,Volatile,7,81.2695,65.2796,1.0
762,Volatile,8,87.845,75.3087,1.0
762,Volatile,9,98.8217,85.7589,1.0
762,Volatile,10,55.3848,72.2593,1.0
762,Volatile,11,74.5233,73.2655,1.0
762,Volatile,12,74.956,74.0169,1.0
762,Volatile,13,71.7077,72.9905,1.0
762,Volatile,14,72.2971,72.6824,1.0
762,Volatile,15,70.7427,71.8203,1.0
762,Volatile,16,74.235,72.8935,1.0
762,Volatile,17,84.8136,78.1913,1.0
762,Volatile,18,94.4058,85.3977,1.0
762,Volatile,19,54.8734,71.8313,1.0
762,Volatile,20,66.554,69.4858,1.0
763,Volatile,1,61.5478,61.5478,0.2
763,Volatile,2,58.6866,59.2588,0.4
763,Volatile,3,37.6794,44.8725,0.6
763,Volatile,4,70.4844,59.5079,0.8
763,Volatile,5,79.5864,69.5472,1.0
763,Volatile,6,66.898,68.3698,1.0
763,Volatile,7,69.8208,69.0147,1.0
763,Volatile,8,78.3687,73.172,1.0
763,Volatile,9,98.2224,84.3055,1.0
763,Volatile,10,61.6047,74.2163,1.0
763,Volatile,11,46.5678,61.928,1.0
763,Volatile,12,68.1912,64.7117,1.0
763,Volatile,13,100.0,80.3954,1.0
763,Volatile,14,46.782,65.4561,1.0
763,Volatile,15,83.0027,73.2546,1.0
763,Volatile,16,93.1583,82.1007,1.0
763,Volatile,17,22.6893,55.6956,1.0
763,Volatile,18,78.2045,65.6995,1.0
763,Volatile,19,82.0682,72.9745,1.0
763,Volatile,20,64.6533,69.2762,1.0
764,Volatile,1,57.0712,57.0712,0.2
764,Volatile,2,58.1868,57.9636,0.4
764,Volatile,3,63.4286,61.607,0.6
764,Volatile,4,63.9581,62.9505,0.8
764,Volatile,5,60.1845,61.5675,1.0
764,Volatile,6,63.1105,62.2533,1.0
764,Volatile,7,93.8158,76.2811,1.0
764,Volatile,8,45.7114,62.6946,1.0
764,Volatile,9,35.0188,50.3942,1.0
764,Volatile,10,94.1357,69.8349,1.0
764,Volatile,11,66.1596,68.2014,1.0
764,Volatile,12,62.2354,65.5498,1.0
764,Volatile,13,67.7757,66.5391,1.0
764,Volatile,14,74.1855,69.9375,1.0
764,Volatile,15,59.519,65.3071,1.0
764,Volatile,16,80.1186,71.89,1.0
764,Volatile,17,50.7547,62.4965,1.0
764,Volatile,18,63.9635,63.1485,1.0
764,Volatile,19,25.7061,46.5074,1.0
764,Volatile,20,93.4447,67.3685,1.0
765,Volatile,1,66.4782,66.4782,0.2
765,Volatile,2,83.4021,80.0173,0.4
765,Volatile,3,79.5315,79.6934,0.6
765,Volatile,4,80.9963,80.4379,0.8
765,Volatile,5,69.8445,75.1412,1.0
765,Volatile,6,77.7645,76.3071,1.0
765,Volatile,7,50.7743,64.9592,1.0
765,Volatile,8,46.5764,56.7891,1.0
765,Volatile,9,67.9779,61.7619,1.0
765,Volatile,10,56.4045,59.3808,1.0
765,Volatile,11,98.5093,76.7712,1.0
765,Volatile,12,77.5029,77.0964,1.0
765,Volatile,13,55.6704,67.5737,1.0
765,Volatile,14,64.5692,66.2384,1.0
765,Volatile,15,72.6601,69.0925,1.0
765,Volatile,16,68.6399,68.8914,1.0
765,Volatile,17,75.4349,71.7996,1.0
765,Volatile,18,71.3731,71.61,1.0
765,Volatile,19,42.1869,58.5331,1.0
765,Volatile,20,26.9819,44.5103,1.0
766,Volatile,1,62.5278,62.5278,0.2
766,Volatile,2,81.2099,77.4734,0.4
766,Volatile,3,62.7526,67.6596,0.6
766,Volatile,4,94.7313,83.1291,0.8
766,Volatile,5,69.0623,76.0957,1.0
766,Volatile,6,97.1439,85.4505,1.0
766,Volatile,7,93.0381,88.8227,1.0
766,Volatile,8,91.0257,89.8018,1.0
766,Volatile,9,45.9298,70.3031,1.0
766,Volatile,10,70.3428,70.3208,1.0
766,Volatile,11,94.4555,81.0473,1.0
766,Volatile,12,75.4469,78.5582,1.0
766,Volatile,13,81.0872,79.6822,1.0
766,Volatile,14,42.2423,63.0422,1.0
766,Volatile,15,100.0,79.4679,1.0
766,Volatile,16,54.1725,68.2255,1.0
766,Volatile,17,30.1115,51.2859,1.0
766,Volatile,18,62.9775,56.4822,1.0
766,Volatile,19,21.0503,40.7347,1.0
766,Volatile,20,48.2975,44.0959,1.0
767,Volatile,1,100.0,100.0,0.2
767,Volatile,2,62.3992,69.9193,0.4
767,Volatile,3,41.4443,50.936,0.6
767,Volatile,4,70.506,62.1188,0.8
767,Volatile,5,52.0439,57.0814,1.0
767,Volatile,6,87.2904,70.5076,1.0
767,Volatile,7,52.2091,62.3749,1.0
767,Volatile,8,75.4147,68.1704,1.0
767,Volatile,9,47.0588,58.7875,1.0
767,Volatile,10,100.0,77.1041,1.0
767,Volatile,11,80.0725,78.4234,1.0
767,Volatile,12,67.0899,73.3863,1.0
767,Volatile,13,64.1408,69.2772,1.0
767,Volatile,14,58.928,64.6776,1.0
767,Volatile,15,54.7817,60.2794,1.0
767,Volatile,16,54.2321,57.5917,1.0
767,Volatile,17,100.0,76.4398,1.0
767,Volatile,18,58.9477,68.6656,1.0
767,Volatile,19,27.4116,50.3305,1.0
767,Volatile,20,46.6806,48.7083,1.0
768,Volatile,1,88.5545,88.5545,0.2
768,Volatile,2,64.9535,69.6737,0.4
768,Volatile,3,67.3184,68.1035,0.6
768,Volatile,4,93.3963,82.5565,0.8
768,Volatile,5,54.4567,68.5066,1.0
768,Volatile,6,82.6484,74.7918,1.0
768,Volatile,7,56.6423,66.7254,1.0
768,Volatile,8,81.5175,73.2997,1.0
768,Volatile,9,62.1773,68.3564,1.0
768,Volatile,10,65.169,66.9398,1.0
768,Volatile,11,86.4027,75.59,1.0
768,Volatile,12,84.9605,79.7546,1.0
768,Volatile,13,66.6914,73.9488,1.0
768,Volatile,14,60.5675,68.0016,1.0
768,Volatile,15,100.0,82.2231,1.0
768,Volatile,16,81.7866,82.0291,1.0
768,Volatile,17,62.1772,73.206,1.0
768,Volatile,18,56.9383,65.9759,1.0
768,Volatile,19,90.498,76.8746,1.0
768,Volatile,20,72.308,74.845,1.0
769,Volatile,1,66.7289,66.7289,0.2
769,Volatile,2,72.2995,71.1854,0.4
769,Volatile,3,76.7559,74.8991,0.6
769,Volatile,4,68.8662,71.4517,0.8
769,Volatile,5,94.0737,82.7627,1.0
769,Volatile,6,95.1868,88.2845,1.0
769,Volatile,7,80.6378,84.886,1.0
769,Volatile,8,97.4944,90.4897,1.0
769,Volatile,9,70.1699,81.4587,1.0
769,Volatile,10,83.8066,82.5022,1.0
769,Volatile,11,90.0891,85.8742,1.0
769,Volatile,12,90.3808,87.8771,1.0
769,Volatile,13,88.32,88.0739,1.0
769,Volatile,14,82.6238,85.6516,1.0
769,Volatile,15,100.0,92.0287,1.0
769,Volatile,16,59.2061,77.4409,1.0
769,Volatile,17,66.8956,72.7541,1.0
769,Volatile,18,65.7098,69.6233,1.0
769,Volatile,19,62.6387,66.519,1.0
769,Volatile,20,30.2246,50.3881,1.0
770,Volatile,1,97.4973,97.4973,0.2
770,Volatile,2,49.4792,59.0828,0.4
770,Volatile,3,73.3963,68.6251,0.6
770,Volatile,4,41.5628,53.1609,0.8
770,Volatile,5,82.4143,67.7876,1.0
770,Volatile,6,54.2921,61.7896,1.0
770,Volatile,7,47.2808,55.3412,1.0
770,Volatile,8,73.8869,63.5837,1.0
770,Volatile,9,55.9853,60.2067,1.0
770,Volatile,10,58.5168,59.4556,1.0
770,Volatile,11,73.4358,65.669,1.0
770,Volatile,12,85.9998,74.7049,1.0
770,Volatile,13,53.632,65.3392,1.0
770,Volatile,14,50.1762,58.6001,1.0
770,Volatile,15,70.4697,63.8754,1.0
770,Volatile,16,80.7851,71.3908,1.0
770,Volatile,17,99.2551,83.7749,1.0
770,Volatile,18,48.5734,68.1298,1.0
770,Volatile,19,63.6407,66.1346,1.0
770,Volatile,20,93.5157,78.304,1.0
771,Volatile,1,100.0,100.0,0.2
771,Volatile,2,50.1382,60.1105,0.4
771,Volatile,3,55.2238,56.8527,0.6
771,Volatile,4,77.622,68.7209,0.8
771,Volatile,5,58.4451,63.583,1.0
771,Volatile,6,54.8154,59.6863,1.0
771,Volatile,7,74.8894,66.4432,1.0
771,Volatile,8,100.0,81.3573,1.0
771,Volatile,9,43.8104,64.6698,1.0
771,Volatile,10,99.9667,80.3573,1.0
771,Volatile,11,58.5046,70.645,1.0
771,Volatile,12,76.9158,73.432,1.0
771,Volatile,13,100.0,85.24,1.0
771,Volatile,14,76.5065,81.3584,1.0
771,Volatile,15,64.0502,73.6659,1.0
771,Volatile,16,84.3635,78.4204,1.0
771,Volatile,17,66.5367,73.1387,1.0
771,Volatile,18,80.427,76.378,1.0
771,Volatile,19,65.9064,71.7239,1.0
771,Volatile,20,87.2231,78.6124,1.0
772,Volatile,1,42.1154,42.1154,0.2
772,Volatile,2,49.7296,48.2067,0.4
772,Volatile,3,41.8214,43.9499,0.6
772,Volatile,4,68.8714,58.1907,0.8
772,Volatile,5,39.4092,48.8,1.0
772,Volatile,6,56.1634,52.0726,1.0
772,Volatile,7,47.8498,50.1958,1.0
772,Volatile,8,99.5935,72.1504,1.0
772,Volatile,9,50.1864,62.3886,1.0
772,Volatile,10,44.2691,54.3355,1.0
772,Volatile,11,74.9668,63.5049,1.0
772,Volatile,12,100.0,79.725,1.0
772,Volatile,13,67.6787,74.3711,1.0
772,Volatile,14,69.2256,72.0842,1.0
772,Volatile,15,95.8151,82.6313,1.0
772,Volatile,16,87.5646,84.8239,1.0
772,Volatile,17,78.5083,82.0169,1.0
772,Volatile,18,58.3532,71.4997,1.0
772,Volatile,19,79.1192,74.8861,1.0
772,Volatile,20,42.7843,60.6187,1.0
773,Volatile,1,57.5265,57.5265,0.2
773,Volatile,2,98.6293,90.4087,0.4
773,Volatile,3,96.0399,94.1628,0.6
773,Volatile,4,78.7497,85.3553,0.8
773,Volatile,5,31.4129,58.3841,1.0
773,Volatile,6,45.8356,52.807,1.0
773,Volatile,7,56.4106,54.4086,1.0
773,Volatile,8,66.566,59.8119,1.0
773,Volatile,9,44.9918,53.2252,1.0
773,Volatile,10,65.0737,58.4912,1.0
773,Volatile,11,100.0,76.9396,1.0
773,Volatile,12,78.0167,77.4183,1.0
773,Volatile,13,74.3765,76.0664,1.0
773,Volatile,14,49.6489,64.3253,1.0
773,Volatile,15,37.2203,52.2786,1.0
773,Volatile,16,45.4361,49.2375,1.0
773,Volatile,17,36.4122,43.5374,1.0
773,Volatile,18,71.5007,55.9655,1.0
773,Volatile,19,77.6777,65.6154,1.0
773,Volatile,20,50.6942,58.9837,1.0
774,Volatile,1,72.9584,72.9584,0.2
774,Volatile,2,99.3799,94.0956,0.4
774,Volatile,3,100.0,98.0319,0.6
774,Volatile,4,85.4082,90.8183,0.8
774,Volatile,5,66.5032,78.6608,1.0
774,Volatile,6,84.7621,81.3725,1.0
774,Volatile,7,97.0362,88.3341,1.0
774,Volatile,8,29.8554,62.3436,1.0
774,Volatile,9,99.6414,78.9204,1.0
774,Volatile,10,59.1083,70.115,1.0
774,Volatile,11,59.3007,65.3087,1.0
774,Volatile,12,62.9014,64.2388,1.0
774,Volatile,13,76.4017,69.6445,1.0
774,Volatile,14,47.7749,59.9247,1.0
774,Volatile,15,64.3037,61.8709,1.0
774,Volatile,16,80.5055,70.153,1.0
774,Volatile,17,74.3714,72.0278,1.0
774,Volatile,18,77.6163,74.5116,1.0
774,Volatile,19,63.5206,69.6267,1.0
774,Volatile,20,83.8742,75.9589,1.0
775,Volatile,1,91.1283,91.1283,0.2
775,Volatile,2,89.9288,90.1687,0.4
775,Volatile,3,78.5522,82.4244,0.6
775,Volatile,4,88.7779,86.0549,0.8
775,Volatile,5,87.4212,86.7381,1.0
775,Volatile,6,100.0,92.6323,1.0
775,Volatile,7,94.3613,93.4007,1.0
775,Volatile,8,68.2251,82.2116,1.0
775,Volatile,9,51.7664,68.6804,1.0
775,Volatile,10,64.7772,66.9456,1.0
775,Volatile,11,63.3643,65.3539,1.0
775,Volatile,12,80.2285,71.9648,1.0
775,Volatile,13,55.9949,64.8671,1.0
775,Volatile,14,93.8435,77.7455,1.0
775,Volatile,15,42.2087,61.9514,1.0
775,Volatile,16,37.3495,51.0172,1.0
775,Volatile,17,67.2977,58.253,1.0
775,Volatile,18,53.1488,55.9845,1.0
775,Volatile,19,44.8353,51.0293,1.0
775,Volatile,20,57.2586,53.7979,1.0
776,Volatile,1,54.7703,54.7703,0.2
776,Volatile,2,70.2027,67.1162,0.4
776,Volatile,3,57.5906,60.7658,0.6
776,Volatile,4,59.2173,59.8809,0.8
776,Volatile,5,69.9027,64.8918,1.0
776,Volatile,6,90.2848,76.1776,1.0
776,Volatile,7,99.4149,86.5053,1.0
776,Volatile,8,72.9554,80.4831,1.0
776,Volatile,9,74.5109,77.8288,1.0
776,Volatile,10,66.3363,72.721,1.0
776,Volatile,11,79.625,75.7894,1.0
776,Volatile,12,77.8044,76.685,1.0
776,Volatile,13,96.517,85.4992,1.0
776,Volatile,14,32.2259,61.8222,1.0
776,Volatile,15,65.31,63.3723,1.0
776,Volatile,16,76.7838,69.333,1.0
776,Volatile,17,69.4743,69.3958,1.0
776,Volatile,18,51.2165,61.3161,1.0
776,Volatile,19,44.0127,53.6257,1.0
776,Volatile,20,86.1264,68.0705,1.0
777,Volatile,1,54.8615,54.8615,0.2
777,Volatile,2,34.902,38.8939,0.4
777,Volatile,3,87.1315,71.0523,0.6
777,Volatile,4,79.1797,75.6965,0.8
777,Volatile,5,67.6825,71.6895,1.0
777,Volatile,6,51.709,62.8093,1.0
777,Volatile,7,67.7312,64.9968,1.0
777,Volatile,8,94.3118,78.0257,1.0
777,Volatile,9,37.706,60.1058,1.0
777,Volatile,10,38.7204,50.6012,1.0
777,Volatile,11,57.4447,53.6428,1.0
777,Volatile,12,69.4671,60.6758,1.0
777,Volatile,13,60.0742,60.4084,1.0
777,Volatile,14,82.8563,70.3853,1.0
777,Volatile,15,91.7767,79.8926,1.0
777,Volatile,16,75.5754,77.9738,1.0
777,Volatile,17,81.2086,79.4115,1.0
777,Volatile,18,75.442,77.6473,1.0
777,Volatile,19,70.1902,74.333,1.0
777,Volatile,20,44.1288,60.9089,1.0
778,Volatile,1,49.4402,49.4402,0.2
778,Volatile,2,42.9816,44.2733,0.4
778,Volatile,3,67.0299,59.4444,0.6
778,Volatile,4,74.6456,68.1308,0.8
778,Volatile,5,41.0148,54.5728,1.0
778,Volatile,6,71.4519,62.0746,1.0
778,Volatile,7,52.4957,57.8173,1.0
778,Volatile,8,48.616,53.7278,1.0
778,Volatile,9,57.493,55.4012,1.0
778,Volatile,10,47.5905,51.9298,1.0
778,Volatile,11,82.1332,65.3535,1.0
778,Volatile,12,66.6399,65.9253,1.0
778,Volatile,13,86.3043,74.9826,1.0
778,Volatile,14,61.1301,68.8259,1.0
778,Volatile,15,61.8863,65.7416,1.0
778,Volatile,16,100.0,80.9676,1.0
778,Volatile,17,37.5388,61.6659,1.0
778,Volatile,18,95.6896,76.7876,1.0
778,Volatile,19,100.0,87.1042,1.0
778,Volatile,20,85.3163,86.3096,1.0
779,Volatile,1,63.3906,63.3906,0.2
779,Volatile,2,98.538,91.5086,0.4
779,Volatile,3,63.5648,72.8794,0.6
779,Volatile,4,55.8843,63.1679,0.8
779,Volatile,5,62.2346,62.7013,1.0
779,Volatile,6,58.5961,60.8768,1.0
779,Volatile,7,51.0675,56.5171,1.0
779,Volatile,8,92.2002,72.3762,1.0
779,Volatile,9,54.531,64.445,1.0
779,Volatile,10,69.4071,66.6504,1.0
779,Volatile,11,41.1246,55.3056,1.0
779,Volatile,12,70.6162,62.1103,1.0
779,Volatile,13,46.8815,55.3419,1.0
779,Volatile,14,46.3903,51.3634,1.0
779,Volatile,15,67.8142,58.6749,1.0
779,Volatile,16,91.1394,73.1036,1.0
779,Volatile,17,78.8083,75.639,1.0
779,Volatile,18,80.1824,77.6583,1.0
779,Volatile,19,67.4017,73.0998,1.0
779,Volatile,20,63.2872,68.7386,1.0
780,Volatile,1,85.8228,85.8228,0.2
780,Volatile,2,58.7365,64.1537,0.4
780,Volatile,3,86.6887,79.177,0.6
780,Volatile,4,94.7189,88.0581,0.8
780,Volatile,5,53.1723,70.6152,1.0
780,Volatile,6,56.1111,64.1689,1.0
780,Volatile,7,59.0861,61.9099,1.0
780,Volatile,8,40.6607,52.4658,1.0
780,Volatile,9,60.6119,56.0863,1.0
780,Volatile,10,96.029,73.8386,1.0
780,Volatile,11,49.0885,62.8386,1.0
780,Volatile,12,96.5039,77.8009,1.0
780,Volatile,13,61.3311,70.481,1.0
780,Volatile,14,100.0,83.6006,1.0
780,Volatile,15,56.3637,71.4953,1.0
780,Volatile,16,67.1204,69.5509,1.0
780,Volatile,17,51.7963,61.66,1.0
780,Volatile,18,56.246,59.2538,1.0
780,Volatile,19,96.7636,75.9248,1.0
780,Volatile,20,79.4907,77.5097,1.0
781,Volatile,1,90.5764,90.5764,0.2
781,Volatile,2,43.6882,53.0658,0.4
781,Volatile,3,83.0966,73.0863,0.6
781,Volatile,4,50.5711,60.2205,0.8
781,Volatile,5,43.2536,51.7371,1.0
781,Volatile,6,74.7753,61.9763,1.0
781,Volatile,7,74.5708,67.5738,1.0
781,Volatile,8,71.0669,69.1263,1.0
781,Volatile,9,84.3512,75.8929,1.0
781,Volatile,10,87.4713,81.0389,1.0
781,Volatile,11,99.3946,89.197,1.0
781,Volatile,12,46.1931,70.0842,1.0
781,Volatile,13,100.0,83.3801,1.0
781,Volatile,14,100.0,90.7667,1.0
781,Volatile,15,62.6754,78.2817,1.0
781,Volatile,16,36.6302,59.7699,1.0
781,Volatile,17,42.33,52.0188,1.0
781,Volatile,18,60.763,55.9051,1.0
781,Volatile,19,100.0,75.5028,1.0
781,Volatile,20,70.3416,73.209,1.0
782,Volatile,1,57.6563,57.6563,0.2
782,Volatile,2,56.292,56.5648,0.4
782,Volatile,3,43.5456,47.8853,0.6
782,Volatile,4,87.4915,70.5174,0.8
782,Volatile,5,68.1586,69.338,1.0
782,Volatile,6,100.0,82.9656,1.0
782,Volatile,7,82.5642,82.7872,1.0
782,Volatile,8,86.5987,84.4812,1.0
782,Volatile,9,65.1579,75.8931,1.0
782,Volatile,10,48.1794,63.5759,1.0
782,Volatile,11,52.5284,58.6659,1.0
782,Volatile,12,42.6151,51.5322,1.0
782,Volatile,13,88.2079,67.8325,1.0
782,Volatile,14,62.3017,65.3744,1.0
782,Volatile,15,89.05,75.8969,1.0
782,Volatile,16,72.7183,74.4842,1.0
782,Volatile,17,64.1436,69.8884,1.0
782,Volatile,18,46.6079,59.5415,1.0
782,Volatile,19,76.0327,66.8709,1.0
782,Volatile,20,65.6273,66.3182,1.0
783,Volatile,1,88.0437,88.0437,0.2
783,Volatile,2,55.6918,62.1622,0.4
783,Volatile,3,82.3222,75.6022,0.6
783,Volatile,4,100.0,89.5438,0.8
783,Volatile,5,75.4511,82.4975,1.0
783,Volatile,6,85.7058,83.9234,1.0
783,Volatile,7,81.4378,82.8187,1.0
783,Volatile,8,100.0,90.4548,1.0
783,Volatile,9,77.4312,84.6666,1.0
783,Volatile,10,83.9992,84.3699,1.0
783,Volatile,11,69.2745,77.6608,1.0
783,Volatile,12,54.5122,67.3726,1.0
783,Volatile,13,45.8365,57.801,1.0
783,Volatile,14,95.3385,74.4843,1.0
783,Volatile,15,49.8328,63.5281,1.0
783,Volatile,16,84.9173,73.0344,1.0
783,Volatile,17,78.3203,75.3837,1.0
783,Volatile,18,88.3557,81.149,1.0
783,Volatile,19,59.7058,71.6187,1.0
783,Volatile,20,54.1854,63.8706,1.0
784,Volatile,1,77.5674,77.5674,0.2
784,Volatile,2,64.1532,66.836,0.4
784,Volatile,3,45.3794,52.5316,0.6
784,Volatile,4,100.0,79.6564,0.8
784,Volatile,5,54.1718,66.9141,1.0
784,Volatile,6,50.1273,59.4533,1.0
784,Volatile,7,65.1573,61.9884,1.0
784,Volatile,8,95.0572,76.6856,1.0
784,Volatile,9,26.6653,54.4544,1.0
784,Volatile,10,93.3977,71.7625,1.0
784,Volatile,11,51.7705,62.8772,1.0
784,Volatile,12,75.2905,68.3942,1.0
784,Volatile,13,56.4799,63.0989,1.0
784,Volatile,14,100.0,79.4994,1.0
784,Volatile,15,72.4924,76.3852,1.0
784,Volatile,16,55.8382,67.2532,1.0
784,Volatile,17,63.9782,65.7976,1.0
784,Volatile,18,71.7927,68.4621,1.0
784,Volatile,19,73.5535,70.725,1.0
784,Volatile,20,78.7752,74.3029,1.0
785,Volatile,1,69.9719,69.9719,0.2
785,Volatile,2,42.4568,47.9598,0.4
785,Volatile,3,63.1946,58.1164,0.6
785,Volatile,4,82.1332,71.8402,0.8
785,Volatile,5,56.6023,64.2213,1.0
785,Volatile,6,83.4556,72.7699,1.0
785,Volatile,7,70.6344,71.8208,1.0
785,Volatile,8,65.6452,69.0761,1.0
785,Volatile,9,93.8829,80.1013,1.0
785,Volatile,10,35.2374,60.1618,1.0
785,Volatile,11,56.4936,58.5315,1.0
785,Volatile,12,94.6486,74.5835,1.0
785,Volatile,13,100.0,85.8797,1.0
785,Volatile,14,100.0,92.1554,1.0
785,Volatile,15,71.0071,82.7562,1.0
785,Volatile,16,79.1579,81.157,1.0
785,Volatile,17,86.3486,83.4643,1.0
785,Volatile,18,95.5015,88.8142,1.0
785,Volatile,19,76.2618,83.2354,1.0
785,Volatile,20,88.523,85.5854,1.0
786,Volatile,1,79.1955,79.1955,0.2
786,Volatile,2,80.4445,80.1947,0.4
786,Volatile,3,51.6326,61.1533,0.6
786,Volatile,4,63.4157,62.4461,0.8
786,Volatile,5,59.5446,60.9954,1.0
786,Volatile,6,46.2221,54.4295,1.0
786,Volatile,7,36.9679,46.6688,1.0
786,Volatile,8,61.5275,53.2726,1.0
786,Volatile,9,64.7224,58.3614,1.0
786,Volatile,10,72.1007,64.4678,1.0
786,Volatile,11,81.1148,71.8664,1.0
786,Volatile,12,73.7624,72.7091,1.0
786,Volatile,13,64.8618,69.2214,1.0
786,Volatile,14,51.6975,61.433,1.0
786,Volatile,15,87.5414,73.0367,1.0
786,Volatile,16,67.9636,70.782,1.0
786,Volatile,17,61.3242,66.5785,1.0
786,Volatile,18,66.2709,66.4418,1.0
786,Volatile,19,55.3451,61.5099,1.0
786,Volatile,20,59.3865,60.5662,1.0
787,Volatile,1,58.7508,58.7508,0.2
787,Volatile,2,64.2533,63.1528,0.4
787,Volatile,3,83.1151,76.461,0.6
787,Volatile,4,78.1422,77.4217,0.8
787,Volatile,5,100.0,88.7109,1.0
787,Volatile,6,94.2346,91.1658,1.0
787,Volatile,7,100.0,95.0921,1.0
787,Volatile,8,81.1832,88.9104,1.0
787,Volatile,9,80.8621,85.3334,1.0
787,Volatile,10,60.2517,74.186,1.0
787,Volatile,11,86.5203,79.6679,1.0
787,Volatile,12,56.8777,69.5389,1.0
787,Volatile,13,40.5909,56.6731,1.0
787,Volatile,14,100.0,75.9295,1.0
787,Volatile,15,45.0164,62.1903,1.0
787,Volatile,16,78.777,69.5622,1.0
787,Volatile,17,52.3934,61.9316,1.0
787,Volatile,18,92.5334,75.5324,1.0
787,Volatile,19,95.259,84.2998,1.0
787,Volatile,20,80.5836,82.6481,1.0
788,Volatile,1,94.9273,94.9273,0.2
788,Volatile,2,70.1467,75.1029,0.4
788,Volatile,3,100.0,91.701,0.6
788,Volatile,4,84.9233,87.828,0.8
788,Volatile,5,51.989,69.9085,1.0
788,Volatile,6,71.3921,70.5679,1.0
788,Volatile,7,66.95,68.9599,1.0
788,Volatile,8,64.9915,67.1962,1.0
788,Volatile,9,36.8572,53.7122,1.0
788,Volatile,10,77.7373,64.39,1.0
788,Volatile,11,42.2849,54.5655,1.0
788,Volatile,12,19.4919,38.9772,1.0
788,Volatile,13,63.1197,49.7072,1.0
788,Volatile,14,54.8821,52.0072,1.0
788,Volatile,15,52.7693,52.3459,1.0
788,Volatile,16,7.9381,32.6091,1.0
788,Volatile,17,52.9831,41.6642,1.0
788,Volatile,18,66.5272,52.7144,1.0
788,Volatile,19,57.3169,54.76,1.0
788,Volatile,20,77.7469,64.9764,1.0
789,Volatile,1,97.8532,97.8532,0.2
789,Volatile,2,80.3273,83.8325,0.4
789,Volatile,3,90.5279,88.2961,0.6
789,Volatile,4,92.1825,90.5169,0.8
789,Volatile,5,49.6228,70.0699,1.0
789,Volatile,6,78.7823,73.942,1.0
789,Volatile,7,89.9031,81.0359,1.0
789,Volatile,8,61.2808,72.2558,1.0
789,Volatile,9,54.1875,64.2254,1.0
789,Volatile,10,80.6081,71.5066,1.0
789,Volatile,11,40.3674,57.667,1.0
789,Volatile,12,48.2399,53.4772,1.0
789,Volatile,13,56.6649,54.8939,1.0
789,Volatile,14,79.0103,65.6123,1.0
789,Volatile,15,74.3783,69.5083,1.0
789,Volatile,16,90.6474,78.9035,1.0
789,Volatile,17,51.5626,66.752,1.0
789,Volatile,18,50.4905,59.5247,1.0
789,Volatile,19,80.4782,68.8374,1.0
789,Volatile,20,54.0267,62.2548,1.0
790,Volatile,1,57.9299,57.9299,0.2
790,Volatile,2,32.8647,37.8777,0.4
790,Volatile,3,75.8169,63.1705,0.6
790,Volatile,4,100.0,84.2159,0.8
790,Volatile,5,49.4142,66.8151,1.0
790,Volatile,6,90.4341,77.3124,1.0
790,Volatile,7,68.812,73.5345,1.0
790,Volatile,8,34.6917,56.271,1.0
790,Volatile,9,52.1055,54.4197,1.0
790,Volatile,10,50.8707,52.8423,1.0
790,Volatile,11,63.6694,57.6544,1.0
790,Volatile,12,78.3903,66.8703,1.0
790,Volatile,13,100.0,81.5946,1.0
790,Volatile,14,41.3771,63.7202,1.0
790,Volatile,15,60.3045,62.2021,1.0
790,Volatile,16,52.0804,57.7035,1.0
790,Volatile,17,44.6404,51.8977,1.0
790,Volatile,18,71.909,60.7916,1.0
790,Volatile,19,70.0296,64.8974,1.0
790,Volatile,20,33.724,51.0425,1.0
791,Volatile,1,70.363,70.363,0.2
791,Volatile,2,45.8921,50.7863,0.4
791,Volatile,3,70.2366,63.7531,0.6
791,Volatile,4,95.3899,81.8313,0.8
791,Volatile,5,79.2614,80.5463,1.0
791,Volatile,6,73.5503,77.437,1.0
791,Volatile,7,59.4247,69.4315,1.0
791,Volatile,8,71.3374,70.2786,1.0
791,Volatile,9,81.2651,75.1615,1.0
791,Volatile,10,79.2833,76.9934,1.0
791,Volatile,11,68.0156,73.0033,1.0
791,Volatile,12,74.3475,73.6007,1.0
791,Volatile,13,43.6688,60.2976,1.0
791,Volatile,14,55.3133,58.0824,1.0
791,Volatile,15,84.1512,69.6685,1.0
791,Volatile,16,86.8407,77.3006,1.0
791,Volatile,17,71.872,74.8879,1.0
791,Volatile,18,99.5793,85.8618,1.0
791,Volatile,19,80.1604,83.3279,1.0
791,Volatile,20,65.3374,75.3321,1.0
792,Volatile,1,45.6049,45.6049,0.2
792,Volatile,2,98.7747,88.1407,0.4
792,Volatile,3,85.4063,86.3178,0.6
792,Volatile,4,100.0,94.1362,0.8
792,Volatile,5,100.0,97.0681,1.0
792,Volatile,6,44.2612,73.5984,1.0
792,Volatile,7,44.3133,60.5828,1.0
792,Volatile,8,12.736,39.3176,1.0
792,Volatile,9,88.3672,61.1174,1.0
792,Volatile,10,83.1297,70.9006,1.0
792,Volatile,11,71.9556,71.3695,1.0
792,Volatile,12,45.4773,59.8619,1.0
792,Volatile,13,68.2193,63.5763,1.0
792,Volatile,14,73.6941,68.0731,1.0
792,Volatile,15,85.6545,75.8871,1.0
792,Volatile,16,75.4597,75.6971,1.0
792,Volatile,17,83.276,79.0655,1.0
792,Volatile,18,67.5174,73.933,1.0
792,Volatile,19,93.6296,82.6871,1.0
792,Volatile,20,82.6346,82.6638,1.0
793,Volatile,1,46.2613,46.2613,0.2
793,Volatile,2,97.7844,87.4798,0.4
793,Volatile,3,94.5114,92.1676,0.6
793,Volatile,4,79.3095,84.8201,0.8
793,Volatile,5,75.6144,80.2172,1.0
793,Volatile,6,100.0,89.0096,1.0
793,Volatile,7,37.3337,66.0425,1.0
793,Volatile,8,94.8245,78.8345,1.0
793,Volatile,9,60.4759,70.6751,1.0
793,Volatile,10,91.9035,80.11,1.0
793,Volatile,11,72.4075,76.6867,1.0
793,Volatile,12,45.1415,62.6666,1.0
793,Volatile,13,60.0696,61.5124,1.0
793,Volatile,14,90.4346,74.3667,1.0
793,Volatile,15,65.7958,70.5574,1.0
793,Volatile,16,57.5703,64.7854,1.0
793,Volatile,17,57.4366,61.5192,1.0
793,Volatile,18,82.8449,70.9973,1.0
793,Volatile,19,100.0,83.8874,1.0
793,Volatile,20,27.1823,58.6851,1.0
794,Volatile,1,100.0,100.0,0.2
794,Volatile,2,74.0749,79.2599,0.4
794,Volatile,3,81.6045,80.823,0.6
794,Volatile,4,61.2748,69.6526,0.8
794,Volatile,5,69.9297,69.7911,1.0
794,Volatile,6,73.8503,71.5952,1.0
794,Volatile,7,49.0181,61.5609,1.0
794,Volatile,8,53.8864,58.15,1.0
794,Volatile,9,93.6914,73.9462,1.0
794,Volatile,10,38.9531,58.3937,1.0
794,Volatile,11,78.8208,67.4724,1.0
794,Volatile,12,62.5897,65.3023,1.0
794,Volatile,13,50.7859,58.8505,1.0
794,Volatile,14,100.0,77.1392,1.0
794,Volatile,15,50.9099,65.4817,1.0
794,Volatile,16,47.398,57.4445,1.0
794,Volatile,17,66.2605,61.3627,1.0
794,Volatile,18,54.6288,58.3699,1.0
794,Volatile,19,70.1276,63.5955,1.0
794,Volatile,20,73.108,67.8233,1.0
795,Volatile,1,74.6932,74.6932,0.2
795,Volatile,2,67.5222,68.9564,0.4
795,Volatile,3,55.9568,60.29,0.6
795,Volatile,4,82.8681,73.1917,0.8
795,Volatile,5,67.7661,70.4789,1.0
795,Volatile,6,60.0877,65.8606,1.0
795,Volatile,7,99.5999,80.8558,1.0
795,Volatile,8,67.5738,74.9527,1.0
795,Volatile,9,91.8397,82.458,1.0
795,Volatile,10,94.5368,87.8264,1.0
795,Volatile,11,95.7535,91.3495,1.0
795,Volatile,12,83.8232,88.0045,1.0
795,Volatile,13,69.9873,79.9969,1.0
795,Volatile,14,68.7192,74.9845,1.0
795,Volatile,15,65.1176,70.5992,1.0
795,Volatile,16,26.6621,51.0716,1.0
795,Volatile,17,84.3761,65.8736,1.0
795,Volatile,18,74.8893,69.8806,1.0
795,Volatile,19,86.5105,77.2717,1.0
795,Volatile,20,67.66,72.9998,1.0
796,Volatile,1,83.2965,83.2965,0.2
796,Volatile,2,42.4499,50.6192,0.4
796,Volatile,3,46.6147,47.9495,0.6
796,Volatile,4,20.4758,32.2502,0.8
796,Volatile,5,67.313,49.7816,1.0
796,Volatile,6,54.5495,51.9007,1.0
796,Volatile,7,51.9324,51.9148,1.0
796,Volatile,8,76.693,62.9273,1.0
796,Volatile,9,61.4899,62.2885,1.0
796,Volatile,10,41.3382,52.9772,1.0
796,Volatile,11,100.0,73.8762,1.0
796,Volatile,12,69.2598,71.8245,1.0
796,Volatile,13,48.3367,61.3855,1.0
796,Volatile,14,56.6033,59.2601,1.0
796,Volatile,15,66.5371,62.4943,1.0
796,Volatile,16,66.4951,64.2724,1.0
796,Volatile,17,96.0433,78.3928,1.0
796,Volatile,18,68.4114,73.9566,1.0
796,Volatile,19,100.0,85.5315,1.0
796,Volatile,20,61.3515,74.7848,1.0
797,Volatile,1,78.5287,78.5287,0.2
797,Volatile,2,90.4396,88.0574,0.4
797,Volatile,3,93.903,91.9545,0.6
797,Volatile,4,96.2374,94.4019,0.8
797,Volatile,5,64.5598,79.4808,1.0
797,Volatile,6,69.8902,75.2183,1.0
797,Volatile,7,20.4115,50.8598,1.0
797,Volatile,8,66.0798,57.6242,1.0
797,Volatile,9,91.8251,72.8246,1.0
797,Volatile,10,87.9367,79.5411,1.0
797,Volatile,11,68.2703,74.5318,1.0
797,Volatile,12,100.0,85.851,1.0
797,Volatile,13,62.3199,75.3927,1.0
797,Volatile,14,55.6772,66.6303,1.0
797,Volatile,15,60.6368,63.9665,1.0
797,Volatile,16,47.5507,56.6706,1.0
797,Volatile,17,82.4479,68.1272,1.0
797,Volatile,18,75.7696,71.5238,1.0
797,Volatile,19,82.1996,76.2686,1.0
797,Volatile,20,61.7126,69.7993,1.0
798,Volatile,1,68.8385,68.8385,0.2
798,Volatile,2,26.4316,34.913,0.4
798,Volatile,3,77.5245,63.3207,0.6
798,Volatile,4,71.9768,68.267,0.8
798,Volatile,5,47.9894,58.1282,1.0
798,Volatile,6,67.9068,62.4743,1.0
798,Volatile,7,64.843,63.5271,1.0
798,Volatile,8,100.0,79.7373,1.0
798,Volatile,9,48.7775,65.9773,1.0
798,Volatile,10,76.6285,70.7112,1.0
798,Volatile,11,48.1846,60.6994,1.0
798,Volatile,12,58.8425,59.8741,1.0
798,Volatile,13,75.5364,66.8351,1.0
798,Volatile,14,65.7727,66.363,1.0
798,Volatile,15,69.8802,67.9262,1.0
798,Volatile,16,76.6544,71.8054,1.0
798,Volatile,17,60.1262,66.6146,1.0
798,Volatile,18,87.6829,75.9783,1.0
798,Volatile,19,63.8904,70.6059,1.0
798,Volatile,20,68.0489,69.4695,1.0
799,Volatile,1,77.2262,77.2262,0.2
799,Volatile,2,74.54,75.0772,0.4
799,Volatile,3,82.8846,80.2821,0.6
799,Volatile,4,76.3393,78.0291,0.8
799,Volatile,5,79.3806,78.7048,1.0
799,Volatile,6,63.4925,71.9438,1.0
799,Volatile,7,48.6246,61.5797,1.0
799,Volatile,8,41.4472,52.6319,1.0
799,Volatile,9,36.5858,45.5003,1.0
799,Volatile,10,100.0,69.7224,1.0
799,Volatile,11,25.7445,50.1767,1.0
799,Volatile,12,93.8745,69.5979,1.0
799,Volatile,13,53.5826,62.48,1.0
799,Volatile,14,93.7288,76.3684,1.0
799,Volatile,15,25.9492,53.9598,1.0
799,Volatile,16,65.2981,58.9991,1.0
799,Volatile,17,99.0805,76.813,1.0
799,Volatile,18,84.2642,80.1247,1.0
799,Volatile,19,63.2547,72.6269,1.0
799,Volatile,20,31.1405,54.1885,1.0
800,Volatile,1,43.5502,43.5502,0.2
800,Volatile,2,97.7829,86.9364,0.4
800,Volatile,3,63.0352,71.0023,0.6
800,Volatile,4,68.5635,69.6087,0.8
800,Volatile,5,75.6707,72.6397,1.0
800,Volatile,6,43.9432,59.8857,1.0
800,Volatile,7,78.1458,68.0013,1.0
800,Volatile,8,61.6077,65.1597,1.0
800,Volatile,9,75.8741,69.9216,1.0
800,Volatile,10,58.439,64.8182,1.0
800,Volatile,11,38.5377,53.138,1.0
800,Volatile,12,61.4525,56.8333,1.0
800,Volatile,13,82.8156,68.381,1.0
800,Volatile,14,77.8812,72.6033,1.0
800,Volatile,15,70.6186,71.7212,1.0
800,Volatile,16,87.9626,78.9396,1.0
800,Volatile,17,65.9281,73.1567,1.0
800,Volatile,18,71.1255,72.254,1.0
800,Volatile,19,60.4047,66.9876,1.0
800,Volatile,20,89.1324,76.8297,1.0
801,Volatile,1,75.8306,75.8306,0.2
801,Volatile,2,58.8608,62.2548,0.4
801,Volatile,3,40.2194,47.5645,0.6
801,Volatile,4,92.0992,73.0129,0.8
801,Volatile,5,55.1187,64.0658,1.0
801,Volatile,6,71.4413,67.3438,1.0
801,Volatile,7,100.0,81.8577,1.0
801,Volatile,8,86.0302,83.7121,1.0
801,Volatile,9,100.0,90.9512,1.0
801,Volatile,10,59.2375,76.8562,1.0
801,Volatile,11,91.4195,83.3288,1.0
801,Volatile,12,70.5334,77.6419,1.0
801,Volatile,13,77.3203,77.499,1.0
801,Volatile,14,100.0,87.4994,1.0
801,Volatile,15,64.4271,77.2451,1.0
801,Volatile,16,70.3851,74.1962,1.0
801,Volatile,17,51.9357,64.3026,1.0
801,Volatile,18,87.7694,74.7323,1.0
801,Volatile,19,58.7875,67.6457,1.0
801,Volatile,20,90.4542,77.7828,1.0
802,Volatile,1,37.0017,37.0017,0.2
802,Volatile,2,80.9728,72.1786,0.4
802,Volatile,3,57.1261,62.1436,0.6
802,Volatile,4,84.6104,74.9817,0.8
802,Volatile,5,69.7288,72.3553,1.0
802,Volatile,6,59.2932,66.5499,1.0
802,Volatile,7,62.2688,64.6472,1.0
802,Volatile,8,52.9922,59.4672,1.0
802,Volatile,9,86.7558,71.5955,1.0
802,Volatile,10,49.0273,61.5651,1.0
802,Volatile,11,64.6584,62.9399,1.0
802,Volatile,12,76.9048,69.1465,1.0
802,Volatile,13,100.0,82.8592,1.0
802,Volatile,14,69.814,77.0613,1.0
802,Volatile,15,65.1498,71.7673,1.0
802,Volatile,16,75.4727,73.4142,1.0
802,Volatile,17,28.5307,53.466,1.0
802,Volatile,18,46.0271,50.1598,1.0
802,Volatile,19,62.4927,55.6411,1.0
802,Volatile,20,55.7406,55.6853,1.0
803,Volatile,1,37.9833,37.9833,0.2
803,Volatile,2,87.1556,77.3211,0.4
803,Volatile,3,75.1951,75.9038,0.6
803,Volatile,4,72.8053,74.1332,0.8
803,Volatile,5,56.1202,65.1267,1.0
803,Volatile,6,71.5879,67.9983,1.0
803,Volatile,7,80.289,73.4608,1.0
803,Volatile,8,64.7021,69.5681,1.0
803,Volatile,9,78.8914,73.7118,1.0
803,Volatile,10,54.0788,64.986,1.0
803,Volatile,11,71.9497,68.081,1.0
803,Volatile,12,92.85,79.0894,1.0
803,Volatile,13,94.6404,86.001,1.0
803,Volatile,14,96.5518,90.6902,1.0
803,Volatile,15,75.7114,84.0329,1.0
803,Volatile,16,70.6323,78.0771,1.0
803,Volatile,17,61.0242,70.498,1.0
803,Volatile,18,33.8503,54.2102,1.0
803,Volatile,19,43.102,49.2732,1.0
803,Volatile,20,66.6389,56.9913,1.0
804,Volatile,1,67.8342,67.8342,0.2
804,Volatile,2,98.2445,92.1624,0.4
804,Volatile,3,96.296,94.9181,0.6
804,Volatile,4,56.2703,72.8336,0.8
804,Volatile,5,86.3665,79.6001,1.0
804,Volatile,6,60.4586,71.0928,1.0
804,Volatile,7,83.6523,76.6748,1.0
804,Volatile,8,86.1204,80.8728,1.0
804,Volatile,9,94.8419,87.0813,1.0
804,Volatile,10,60.1471,75.1105,1.0
804,Volatile,11,90.2861,81.8552,1.0
804,Volatile,12,32.5437,59.939,1.0
804,Volatile,13,95.9243,75.9325,1.0
804,Volatile,14,69.4997,73.0734,1.0
804,Volatile,15,69.9254,71.6743,1.0
804,Volatile,16,29.2513,52.8196,1.0
804,Volatile,17,62.2267,57.0005,1.0
804,Volatile,18,97.1096,74.8268,1.0
804,Volatile,19,61.466,68.8886,1.0
804,Volatile,20,84.2693,75.7245,1.0
805,Volatile,1,70.6911,70.6911,0.2
805,Volatile,2,91.2534,87.1409,0.4
805,Volatile,3,73.83,78.267,0.6
805,Volatile,4,51.3638,62.8937,0.8
805,Volatile,5,71.129,67.0114,1.0
805,Volatile,6,100.0,81.673,1.0
805,Volatile,7,79.9529,80.9085,1.0
805,Volatile,8,67.6711,75.0252,1.0
805,Volatile,9,100.0,86.1251,1.0
805,Volatile,10,93.1843,89.2625,1.0
805,Volatile,11,86.3347,87.9613,1.0
805,Volatile,12,76.3468,82.7993,1.0
805,Volatile,13,84.6055,83.602,1.0
805,Volatile,14,85.2546,84.3365,1.0
805,Volatile,15,26.3437,58.5619,1.0
805,Volatile,16,77.8987,67.1561,1.0
805,Volatile,17,66.7839,66.9907,1.0
805,Volatile,18,60.0045,63.8857,1.0
805,Volatile,19,66.0913,64.8659,1.0
805,Volatile,20,38.883,53.318,1.0
806,Volatile,1,33.9078,33.9078,0.2
806,Volatile,2,94.93,82.7256,0.4
806,Volatile,3,79.2432,80.404,0.6
806,Volatile,4,21.7398,46.8816,0.8
806,Volatile,5,58.4723,52.6769,1.0
806,Volatile,6,87.611,68.2032,1.0
806,Volatile,7,64.3997,66.5128,1.0
806,Volatile,8,94.9001,79.1294,1.0
806,Volatile,9,90.995,84.403,1.0
806,Volatile,10,42.8658,65.942,1.0
806,Volatile,11,67.1335,66.4716,1.0
806,Volatile,12,61.0382,64.0567,1.0
806,Volatile,13,42.2152,54.3494,1.0
806,Volatile,14,40.9145,48.3783,1.0
806,Volatile,15,53.8796,50.8233,1.0
806,Volatile,16,57.1815,53.6492,1.0
806,Volatile,17,75.6646,63.4338,1.0
806,Volatile,18,90.8843,75.634,1.0
806,Volatile,19,80.2729,77.6957,1.0
806,Volatile,20,85.0074,80.9454,1.0
807,Volatile,1,64.6676,64.6676,0.2
807,Volatile,2,82.06,78.5815,0.4
807,Volatile,3,67.0325,70.8822,0.6
807,Volatile,4,61.1706,65.3327,0.8
807,Volatile,5,100.0,82.6663,1.0
807,Volatile,6,23.3905,56.3215,1.0
807,Volatile,7,32.5339,45.7492,1.0
807,Volatile,8,77.654,59.9291,1.0
807,Volatile,9,64.7004,62.0497,1.0
807,Volatile,10,41.2603,52.81,1.0
807,Volatile,11,48.9078,51.0757,1.0
807,Volatile,12,51.5119,51.2695,1.0
807,Volatile,13,87.8467,67.5261,1.0
807,Volatile,14,94.2482,79.4026,1.0
807,Volatile,15,100.0,88.557,1.0
807,Volatile,16,38.2198,66.1849,1.0
807,Volatile,17,42.6575,55.7283,1.0
807,Volatile,18,41.2875,49.3101,1.0
807,Volatile,19,95.7771,69.9621,1.0
807,Volatile,20,78.3445,73.6876,1.0
808,Volatile,1,71.604,71.604,0.2
808,Volatile,2,74.5926,73.9949,0.4
808,Volatile,3,68.8644,70.5746,0.6
808,Volatile,4,47.5772,57.4332,0.8
808,Volatile,5,80.2635,68.8483,1.0
808,Volatile,6,66.2772,67.7056,1.0
808,Volatile,7,45.9936,58.0558,1.0
808,Volatile,8,81.4857,68.4691,1.0
808,Volatile,9,61.4842,65.3647,1.0
808,Volatile,10,74.5497,69.4469,1.0
808,Volatile,11,67.5004,68.5818,1.0
808,Volatile,12,87.8276,77.1355,1.0
808,Volatile,13,74.4033,75.9212,1.0
808,Volatile,14,52.326,65.4344,1.0
808,Volatile,15,76.4401,70.3258,1.0
808,Volatile,16,77.0938,73.3338,1.0
808,Volatile,17,80.2267,76.3973,1.0
808,Volatile,18,90.7175,82.7618,1.0
808,Volatile,19,57.6803,71.6145,1.0
808,Volatile,20,83.3587,76.8341,1.0
809,Volatile,1,35.5037,35.5037,0.2
809,Volatile,2,67.6003,61.181,0.4
809,Volatile,3,64.5068,63.3982,0.6
809,Volatile,4,98.9569,83.7175,0.8
809,Volatile,5,66.8733,75.2954,1.0
809,Volatile,6,82.1598,78.3462,1.0
809,Volatile,7,34.7644,58.9765,1.0
809,Volatile,8,62.9648,60.7491,1.0
809,Volatile,9,53.0728,57.3374,1.0
809,Volatile,10,100.0,76.2986,1.0
809,Volatile,11,56.6641,67.5721,1.0
809,Volatile,12,71.4656,69.3025,1.0
809,Volatile,13,72.5315,70.7376,1.0
809,Volatile,14,38.2104,56.2811,1.0
809,Volatile,15,59.4793,57.7025,1.0
809,Volatile,16,78.0953,66.766,1.0
809,Volatile,17,71.7144,68.9653,1.0
809,Volatile,18,23.9918,48.9771,1.0
809,Volatile,19,58.6602,53.2807,1.0
809,Volatile,20,90.4164,69.7855,1.0
810,Volatile,1,81.7645,81.7645,0.2
810,Volatile,2,94.3607,91.8414,0.4
810,Volatile,3,50.2871,64.1385,0.6
810,Volatile,4,95.6186,82.1271,0.8
810,Volatile,5,69.1119,75.6195,1.0
810,Volatile,6,100.0,86.4553,1.0
810,Volatile,7,70.0661,79.1712,1.0
810,Volatile,8,29.0505,56.8953,1.0
810,Volatile,9,86.9851,70.2686,1.0
810,Volatile,10,61.1297,66.2069,1.0
810,Volatile,11,62.4754,64.5484,1.0
810,Volatile,12,40.9381,54.0549,1.0
810,Volatile,13,100.0,74.475,1.0
810,Volatile,14,59.578,67.8541,1.0
810,Volatile,15,100.0,82.1412,1.0
810,Volatile,16,61.3751,72.9118,1.0
810,Volatile,17,51.4451,63.3711,1.0
810,Volatile,18,96.3906,78.0464,1.0
810,Volatile,19,68.5333,73.8184,1.0
810,Volatile,20,68.7286,71.5562,1.0
811,Volatile,1,44.3675,44.3675,0.2
811,Volatile,2,60.8475,57.5515,0.4
811,Volatile,3,78.5739,71.5665,0.6
811,Volatile,4,44.0164,55.8236,0.8
811,Volatile,5,59.2182,57.5209,1.0
811,Volatile,6,61.5911,59.3299,1.0
811,Volatile,7,71.3288,64.6627,1.0
811,Volatile,8,99.5912,80.1865,1.0
811,Volatile,9,64.0009,72.9929,1.0
811,Volatile,10,56.19,65.5249,1.0
811,Volatile,11,100.0,80.8472,1.0
811,Volatile,12,61.3363,72.1757,1.0
811,Volatile,13,66.1868,69.514,1.0
811,Volatile,14,62.8431,66.5491,1.0
811,Volatile,15,64.4646,65.6227,1.0
811,Volatile,16,71.5551,68.2593,1.0
811,Volatile,17,88.4159,77.2178,1.0
811,Volatile,18,78.0798,77.6009,1.0
811,Volatile,19,91.5419,83.7969,1.0
811,Volatile,20,90.8806,86.9452,1.0
812,Volatile,1,74.171,74.171,0.2
812,Volatile,2,77.5262,76.8552,0.4
812,Volatile,3,92.1747,87.0682,0.6
812,Volatile,4,47.7758,64.6154,0.8
812,Volatile,5,100.0,82.3077,1.0
812,Volatile,6,59.7483,72.2813,1.0
812,Volatile,7,62.9807,68.1477,1.0
812,Volatile,8,45.762,58.1985,1.0
812,Volatile,9,46.357,52.9356,1.0
812,Volatile,10,89.4807,69.1779,1.0
812,Volatile,11,100.0,82.8766,1.0
812,Volatile,12,58.6552,72.1115,1.0
812,Volatile,13,76.9463,74.2603,1.0
812,Volatile,14,74.4033,74.3239,1.0
812,Volatile,15,90.0049,81.2932,1.0
812,Volatile,16,100.0,89.6073,1.0
812,Volatile,17,100.0,94.2263,1.0
812,Volatile,18,65.2268,81.3376,1.0
812,Volatile,19,80.5754,80.9988,1.0
812,Volatile,20,82.5612,81.6932,1.0
813,Volatile,1,69.5982,69.5982,0.2
813,Volatile,2,48.0813,52.3847,0.4
813,Volatile,3,54.0245,53.4779,0.6
813,Volatile,4,92.9631,76.0408,0.8
813,Volatile,5,95.0262,85.5335,1.0
813,Volatile,6,65.8487,76.7847,1.0
813,Volatile,7,75.2211,76.0898,1.0
813,Volatile,8,93.9453,84.0255,1.0
813,Volatile,9,35.9146,62.6429,1.0
813,Volatile,10,61.073,61.9452,1.0
813,Volatile,11,100.0,78.8584,1.0
813,Volatile,12,75.9862,77.5819,1.0
813,Volatile,13,47.4157,64.1747,1.0
813,Volatile,14,72.3456,67.8062,1.0
813,Volatile,15,90.4287,77.8607,1.0
813,Volatile,16,19.0693,51.7312,1.0
813,Volatile,17,73.5257,61.4176,1.0
813,Volatile,18,62.5517,61.9217,1.0
813,Volatile,19,37.16,50.9165,1.0
813,Volatile,20,71.6385,60.1263,1.0
814,Volatile,1,67.2704,67.2704,0.2
814,Volatile,2,69.5182,69.0686,0.4
814,Volatile,3,63.0348,65.0461,0.6
814,Volatile,4,49.5732,56.2045,0.8
814,Volatile,5,40.9039,48.5542,1.0
814,Volatile,6,56.1862,51.9462,1.0
814,Volatile,7,87.185,67.6079,1.0
814,Volatile,8,74.6614,70.7428,1.0
814,Volatile,9,68.6165,69.7978,1.0
814,Volatile,10,49.2046,60.6453,1.0
814,Volatile,11,62.5217,61.4792,1.0
814,Volatile,12,84.7432,71.8188,1.0
814,Volatile,13,80.0957,75.4974,1.0
814,Volatile,14,60.456,68.8123,1.0
814,Volatile,15,17.772,46.1277,1.0
814,Volatile,16,56.503,50.739,1.0
814,Volatile,17,60.3461,55.0088,1.0
814,Volatile,18,51.8579,53.6084,1.0
814,Volatile,19,61.7365,57.2209,1.0
814,Volatile,20,86.331,70.1587,1.0
815,Volatile,1,69.2541,69.2541,0.2
815,Volatile,2,89.7939,85.686,0.4
815,Volatile,3,39.8326,55.117,0.6
815,Volatile,4,63.8987,60.1351,0.8
815,Volatile,5,31.2196,45.6773,1.0
815,Volatile,6,61.4684,52.6956,1.0
815,Volatile,7,49.0869,51.0917,1.0
815,Volatile,8,95.6251,70.8843,1.0
815,Volatile,9,78.1942,74.1332,1.0
815,Volatile,10,90.2966,81.3169,1.0
815,Volatile,11,61.413,72.4707,1.0
815,Volatile,12,49.6056,62.3085,1.0
815,Volatile,13,48.9687,56.3797,1.0
815,Volatile,14,75.3088,64.7926,1.0
815,Volatile,15,100.0,80.4403,1.0
815,Volatile,16,78.2476,79.4658,1.0
815,Volatile,17,62.5046,71.9275,1.0
815,Volatile,18,66.2246,69.3929,1.0
815,Volatile,19,69.374,69.3845,1.0
815,Volatile,20,100.0,82.9914,1.0
816,Volatile,1,94.6722,94.6722,0.2
816,Volatile,2,75.1992,79.0938,0.4
816,Volatile,3,72.1946,74.4944,0.6
816,Volatile,4,75.9871,75.3473,0.8
816,Volatile,5,79.8855,77.6164,1.0
816,Volatile,6,61.736,70.5585,1.0
816,Volatile,7,53.1184,62.8073,1.0
816,Volatile,8,90.6444,75.1794,1.0
816,Volatile,9,70.4397,73.0728,1.0
816,Volatile,10,88.9746,80.1403,1.0
816,Volatile,11,100.0,88.9668,1.0
816,Volatile,12,80.4123,85.1648,1.0
816,Volatile,13,77.171,81.612,1.0
816,Volatile,14,100.0,89.7844,1.0
816,Volatile,15,74.1404,82.8315,1.0
816,Volatile,16,48.1891,67.4349,1.0
816,Volatile,17,64.3755,66.0752,1.0
816,Volatile,18,100.0,81.1529,1.0
816,Volatile,19,44.1167,64.6923,1.0
816,Volatile,20,54.9508,60.3628,1.0
817,Volatile,1,92.1285,92.1285,0.2
817,Volatile,2,64.5676,70.0798,0.4
817,Volatile,3,67.7951,68.5566,0.6
817,Volatile,4,91.4675,81.6485,0.8
817,Volatile,5,55.6636,68.6561,1.0
817,Volatile,6,40.628,56.1991,1.0
817,Volatile,7,42.2223,49.9872,1.0
817,Volatile,8,81.6356,64.0532,1.0
817,Volatile,9,75.1826,68.9996,1.0
817,Volatile,10,56.1487,63.2881,1.0
817,Volatile,11,46.8242,55.9708,1.0
817,Volatile,12,64.5885,59.8009,1.0
817,Volatile,13,92.3303,74.2584,1.0
817,Volatile,14,53.2836,64.9363,1.0
817,Volatile,15,56.7463,61.2963,1.0
817,Volatile,16,46.1896,54.5822,1.0
817,Volatile,17,62.6517,58.1687,1.0
817,Volatile,18,76.7616,66.4322,1.0
817,Volatile,19,100.0,81.3512,1.0
817,Volatile,20,74.3556,78.2421,1.0
818,Volatile,1,68.9264,68.9264,0.2
818,Volatile,2,87.2587,83.5923,0.4
818,Volatile,3,83.9243,83.8136,0.6
818,Volatile,4,58.4468,69.3183,0.8
818,Volatile,5,100.0,84.6591,1.0
818,Volatile,6,69.5123,77.9272,1.0
818,Volatile,7,74.7275,76.5051,1.0
818,Volatile,8,81.027,78.5148,1.0
818,Volatile,9,76.9174,77.8049,1.0
818,Volatile,10,100.0,87.6694,1.0
818,Volatile,11,58.2018,74.5727,1.0
818,Volatile,12,85.6676,79.5038,1.0
818,Volatile,13,73.2914,76.7427,1.0
818,Volatile,14,89.6545,82.4813,1.0
818,Volatile,15,65.7003,75.0231,1.0
818,Volatile,16,62.9917,69.6758,1.0
818,Volatile,17,84.6415,76.3272,1.0
818,Volatile,18,77.1599,76.6973,1.0
818,Volatile,19,53.5941,66.4292,1.0
818,Volatile,20,96.9122,79.9772,1.0
819,Volatile,1,84.6502,84.6502,0.2
819,Volatile,2,68.5159,71.7428,0.4
819,Volatile,3,60.6354,64.3378,0.6
819,Volatile,4,77.2826,71.7349,0.8
819,Volatile,5,83.2097,77.4723,1.0
819,Volatile,6,38.1185,59.9817,1.0
819,Volatile,7,77.5136,67.7737,1.0
819,Volatile,8,83.0511,74.5636,1.0
819,Volatile,9,22.951,51.6247,1.0
819,Volatile,10,73.9238,61.5354,1.0
819,Volatile,11,83.8922,71.4718,1.0
819,Volatile,12,81.6176,75.981,1.0
819,Volatile,13,86.049,80.4557,1.0
819,Volatile,14,63.4487,72.897,1.0
819,Volatile,15,49.2019,62.3658,1.0
819,Volatile,16,34.0051,49.7611,1.0
819,Volatile,17,91.8445,68.4648,1.0
819,Volatile,18,84.0613,75.3966,1.0
819,Volatile,19,93.3698,83.3847,1.0
819,Volatile,20,55.4972,70.9902,1.0
820,Volatile,1,86.0767,86.0767,0.2
820,Volatile,2,39.9464,49.1725,0.4
820,Volatile,3,52.6101,51.4642,0.6
820,Volatile,4,72.5195,63.4958,0.8
820,Volatile,5,83.2642,73.38,1.0
820,Volatile,6,100.0,85.2111,1.0
820,Volatile,7,65.1987,76.3167,1.0
820,Volatile,8,52.685,65.8137,1.0
820,Volatile,9,51.657,59.5219,1.0
820,Volatile,10,56.2431,58.0646,1.0
820,Volatile,11,100.0,76.7026,1.0
820,Volatile,12,85.1375,80.4514,1.0
820,Volatile,13,92.2506,85.6955,1.0
820,Volatile,14,65.2203,76.5954,1.0
820,Volatile,15,69.967,73.6495,1.0
820,Volatile,16,83.9853,78.2432,1.0
820,Volatile,17,59.884,70.0835,1.0
820,Volatile,18,64.1738,67.457,1.0
820,Volatile,19,56.5059,62.5899,1.0
820,Volatile,20,61.0501,61.9055,1.0
821,Volatile,1,70.9796,70.9796,0.2
821,Volatile,2,53.5658,57.0486,0.4
821,Volatile,3,75.7196,69.4959,0.6
821,Volatile,4,75.6916,73.0363,0.8
821,Volatile,5,66.415,69.7257,1.0
821,Volatile,6,53.4508,62.4924,1.0
821,Volatile,7,72.0993,66.7621,1.0
821,Volatile,8,59.9019,63.7131,1.0
821,Volatile,9,70.9319,66.9215,1.0
821,Volatile,10,91.9625,78.0508,1.0
821,Volatile,11,44.9412,63.3354,1.0
821,Volatile,12,100.0,79.6308,1.0
821,Volatile,13,68.5495,74.7058,1.0
821,Volatile,14,78.2368,76.2751,1.0
821,Volatile,15,54.945,66.7951,1.0
821,Volatile,16,92.8442,78.3725,1.0
821,Volatile,17,67.4875,73.5347,1.0
821,Volatile,18,62.1176,68.4604,1.0
821,Volatile,19,58.4897,64.029,1.0
821,Volatile,20,64.6302,64.2962,1.0
822,Volatile,1,78.3669,78.3669,0.2
822,Volatile,2,73.4562,74.4384,0.4
822,Volatile,3,69.2028,70.948,0.6
822,Volatile,4,55.7716,62.2758,0.8
822,Volatile,5,54.6165,58.4461,1.0
822,Volatile,6,60.7825,59.4845,1.0
822,Volatile,7,79.2055,68.2494,1.0
822,Volatile,8,83.2452,74.9142,1.0
822,Volatile,9,85.9409,79.815,1.0
822,Volatile,10,69.9707,75.4397,1.0
822,Volatile,11,77.6712,76.4315,1.0
822,Volatile,12,66.631,72.0757,1.0
822,Volatile,13,35.154,55.6661,1.0
822,Volatile,14,65.6815,60.1174,1.0
822,Volatile,15,62.4935,61.1734,1.0
822,Volatile,16,49.2191,55.8604,1.0
822,Volatile,17,58.6521,57.1012,1.0
822,Volatile,18,72.7018,64.0348,1.0
822,Volatile,19,47.3351,56.6127,1.0
822,Volatile,20,55.7843,56.2445,1.0
823,Volatile,1,100.0,100.0,0.2
823,Volatile,2,37.9459,50.3567,0.4
823,Volatile,3,66.3364,61.0098,0.6
823,Volatile,4,46.6738,52.8178,0.8
823,Volatile,5,54.9673,53.8925,1.0
823,Volatile,6,66.0453,59.2937,1.0
823,Volatile,7,50.2485,55.2736,1.0
823,Volatile,8,81.4786,66.9203,1.0
823,Volatile,9,97.023,80.2993,1.0
823,Volatile,10,86.8336,83.2034,1.0
823,Volatile,11,90.4923,86.4429,1.0
823,Volatile,12,42.4053,66.8706,1.0
823,Volatile,13,65.1386,66.1008,1.0
823,Volatile,14,79.3484,71.9886,1.0
823,Volatile,15,87.4238,78.8487,1.0
823,Volatile,16,100.0,88.2493,1.0
823,Volatile,17,91.3808,89.6411,1.0
823,Volatile,18,87.9298,88.8805,1.0
823,Volatile,19,100.0,93.8225,1.0
823,Volatile,20,71.9262,84.0908,1.0
824,Volatile,1,64.2188,64.2188,0.2
824,Volatile,2,73.5472,71.6815,0.4
824,Volatile,3,51.6989,58.3598,0.6
824,Volatile,4,71.3527,65.7843,0.8
824,Volatile,5,35.463,50.6236,1.0
824,Volatile,6,59.4096,54.5285,1.0
824,Volatile,7,67.6933,60.3795,1.0
824,Volatile,8,88.9927,73.0965,1.0
824,Volatile,9,92.2218,81.5966,1.0
824,Volatile,10,50.7277,67.8771,1.0
824,Volatile,11,100.0,82.1539,1.0
824,Volatile,12,72.9675,78.0711,1.0
824,Volatile,13,74.8009,76.6177,1.0
824,Volatile,14,37.6461,59.297,1.0
824,Volatile,15,57.5989,58.5423,1.0
824,Volatile,16,90.9965,72.9664,1.0
824,Volatile,17,73.3956,73.1571,1.0
824,Volatile,18,72.1563,72.7123,1.0
824,Volatile,19,74.5434,73.5261,1.0
824,Volatile,20,41.1359,59.1305,1.0
825,Volatile,1,68.0678,68.0678,0.2
825,Volatile,2,98.1666,92.1469,0.4
825,Volatile,3,91.7342,91.8717,0.6
825,Volatile,4,67.496,77.9427,0.8
825,Volatile,5,100.0,88.9714,1.0
825,Volatile,6,44.818,69.3477,1.0
825,Volatile,7,50.566,61.0003,1.0
825,Volatile,8,100.0,78.3335,1.0
825,Volatile,9,81.5595,79.7673,1.0
825,Volatile,10,64.2223,72.8584,1.0
825,Volatile,11,68.8936,71.0963,1.0
825,Volatile,12,53.8674,63.439,1.0
825,Volatile,13,75.5319,68.8136,1.0
825,Volatile,14,73.9478,71.0954,1.0
825,Volatile,15,70.3977,70.7853,1.0
825,Volatile,16,46.8049,60.1274,1.0
825,Volatile,17,75.2951,66.8686,1.0
825,Volatile,18,59.4098,63.5536,1.0
825,Volatile,19,50.2805,57.6544,1.0
825,Volatile,20,95.3348,74.4013,1.0
826,Volatile,1,100.0,100.0,0.2
826,Volatile,2,100.0,100.0,0.4
826,Volatile,3,83.0025,88.6683,0.6
826,Volatile,4,64.6883,74.9654,0.8
826,Volatile,5,68.5929,71.7792,1.0
826,Volatile,6,78.112,74.5938,1.0
826,Volatile,7,61.595,68.8166,1.0
826,Volatile,8,96.3762,81.0653,1.0
826,Volatile,9,29.2855,58.052,1.0
826,Volatile,10,64.0855,60.7336,1.0
826,Volatile,11,86.0214,71.9726,1.0
826,Volatile,12,53.0968,63.5834,1.0
826,Volatile,13,65.197,64.3005,1.0
826,Volatile,14,81.8729,72.1105,1.0
826,Volatile,15,100.0,84.5058,1.0
826,Volatile,16,44.1212,66.5571,1.0
826,Volatile,17,42.6385,55.9266,1.0
826,Volatile,18,51.0794,53.7723,1.0
826,Volatile,19,39.2493,47.3176,1.0
826,Volatile,20,40.6724,44.3642,1.0
827,Volatile,1,50.5468,50.5468,0.2
827,Volatile,2,94.6699,85.8453,0.4
827,Volatile,3,63.7585,71.1207,0.6
827,Volatile,4,70.6275,70.8389,0.8
827,Volatile,5,50.8907,60.8648,1.0
827,Volatile,6,82.6707,70.5563,1.0
827,Volatile,7,100.0,83.6424,1.0
827,Volatile,8,52.2474,69.6891,1.0
827,Volatile,9,100.0,83.1606,1.0
827,Volatile,10,77.2885,80.5508,1.0
827,Volatile,11,70.3373,76.0114,1.0
827,Volatile,12,78.0025,76.8963,1.0
827,Volatile,13,77.8105,77.3026,1.0
827,Volatile,14,100.0,87.3904,1.0
827,Volatile,15,80.4044,84.2855,1.0
827,Volatile,16,80.8221,82.7462,1.0
827,Volatile,17,61.57,73.3346,1.0
827,Volatile,18,86.7815,79.311,1.0
827,Volatile,19,50.8631,66.6675,1.0
827,Volatile,20,72.1801,69.1175,1.0
828,Volatile,1,100.0,100.0,0.2
828,Volatile,2,19.9162,35.933,0.4
828,Volatile,3,74.6629,61.7529,0.6
828,Volatile,4,75.4325,69.5698,0.8
828,Volatile,5,65.4382,67.504,1.0
828,Volatile,6,65.9096,66.7954,1.0
828,Volatile,7,71.8282,69.0322,1.0
828,Volatile,8,64.9599,67.2223,1.0
828,Volatile,9,74.4396,70.43,1.0
828,Volatile,10,60.2478,65.9046,1.0
828,Volatile,11,100.0,81.0581,1.0
828,Volatile,12,64.9597,73.9033,1.0
828,Volatile,13,81.3922,77.2317,1.0
828,Volatile,14,56.6193,68.0706,1.0
828,Volatile,15,88.6629,77.2227,1.0
828,Volatile,16,84.6694,80.5323,1.0
828,Volatile,17,78.3852,79.5781,1.0
828,Volatile,18,49.4533,66.1893,1.0
828,Volatile,19,54.9519,61.1949,1.0
828,Volatile,20,100.0,78.4416,1.0
829,Volatile,1,54.7305,54.7305,0.2
829,Volatile,2,82.818,77.2005,0.4
829,Volatile,3,51.1066,59.8046,0.6
829,Volatile,4,90.1677,77.1549,0.8
829,Volatile,5,56.2721,66.7135,1.0
829,Volatile,6,50.7362,59.6125,1.0
829,Volatile,7,55.7532,57.8972,1.0
829,Volatile,8,58.9239,58.3535,1.0
829,Volatile,9,78.0935,67.1268,1.0
829,Volatile,10,71.3877,69.0205,1.0
829,Volatile,11,48.0969,59.7211,1.0
829,Volatile,12,69.4411,64.0411,1.0
829,Volatile,13,47.13,56.525,1.0
829,Volatile,14,82.8711,68.2344,1.0
829,Volatile,15,86.5381,76.3694,1.0
829,Volatile,16,69.5211,73.3257,1.0
829,Volatile,17,75.4331,74.2623,1.0
829,Volatile,18,100.0,85.7013,1.0
829,Volatile,19,66.8479,77.322,1.0
829,Volatile,20,51.1148,65.6744,1.0
830,Volatile,1,81.5839,81.5839,0.2
830,Volatile,2,47.3469,54.1943,0.4
830,Volatile,3,65.7886,61.9239,0.6
830,Volatile,4,58.0202,59.6932,0.8
830,Volatile,5,55.9636,57.8284,1.0
830,Volatile,6,64.9982,61.015,1.0
830,Volatile,7,87.9978,73.0074,1.0
830,Volatile,8,92.1134,81.4989,1.0
830,Volatile,9,88.5241,84.6212,1.0
830,Volatile,10,76.7271,81.1127,1.0
830,Volatile,11,64.8457,73.8829,1.0
830,Volatile,12,22.8435,51.1987,1.0
830,Volatile,13,77.3532,62.8229,1.0
830,Volatile,14,24.4134,45.752,1.0
830,Volatile,15,31.5327,39.4323,1.0
830,Volatile,16,66.7666,51.5809,1.0
830,Volatile,17,75.2915,62.119,1.0
830,Volatile,18,60.9783,61.612,1.0
830,Volatile,19,100.0,78.6733,1.0
830,Volatile,20,79.242,78.9261,1.0
831,Volatile,1,65.0118,65.0118,0.2
831,Volatile,2,97.7262,91.1833,0.4
831,Volatile,3,100.0,97.0611,0.6
831,Volatile,4,80.2512,87.4554,0.8
831,Volatile,5,54.4948,70.9751,1.0
831,Volatile,6,58.9946,65.6505,1.0
831,Volatile,7,41.0652,54.7237,1.0
831,Volatile,8,69.1517,61.1361,1.0
831,Volatile,9,48.9992,55.7419,1.0
831,Volatile,10,63.4185,59.1537,1.0
831,Volatile,11,75.212,66.2907,1.0
831,Volatile,12,30.3258,50.3063,1.0
831,Volatile,13,44.7252,47.8258,1.0
831,Volatile,14,59.863,53.1757,1.0
831,Volatile,15,68.9495,60.1863,1.0
831,Volatile,16,60.1222,60.1578,1.0
831,Volatile,17,64.5896,62.1275,1.0
831,Volatile,18,55.8763,59.3492,1.0
831,Volatile,19,41.012,51.1993,1.0
831,Volatile,20,59.305,54.8018,1.0
832,Volatile,1,65.7366,65.7366,0.2
832,Volatile,2,63.7922,64.1811,0.4
832,Volatile,3,72.2359,69.551,0.6
832,Volatile,4,78.3779,74.5949,0.8
832,Volatile,5,83.6345,79.1147,1.0
832,Volatile,6,57.329,69.4322,1.0
832,Volatile,7,38.4841,55.6775,1.0
832,Volatile,8,95.4319,73.3461,1.0
832,Volatile,9,77.7089,75.2851,1.0
832,Volatile,10,50.9068,64.4503,1.0
832,Volatile,11,75.5541,69.3853,1.0
832,Volatile,12,91.3599,79.1518,1.0
832,Volatile,13,100.0,88.4177,1.0
832,Volatile,14,75.0122,82.4597,1.0
832,Volatile,15,91.1934,86.3413,1.0
832,Volatile,16,45.808,68.3265,1.0
832,Volatile,17,69.2819,68.7511,1.0
832,Volatile,18,63.2997,66.3283,1.0
832,Volatile,19,76.8514,71.0052,1.0
832,Volatile,20,100.0,83.8918,1.0
833,Volatile,1,74.9978,74.9978,0.2
833,Volatile,2,51.2462,55.9965,0.4
833,Volatile,3,44.7312,48.4863,0.6
833,Volatile,4,100.0,77.9227,0.8
833,Volatile,5,80.2759,79.0993,1.0
833,Volatile,6,78.9616,79.0381,1.0
833,Volatile,7,63.1254,71.9658,1.0
833,Volatile,8,75.3572,73.4731,1.0
833,Volatile,9,50.2608,63.1565,1.0
833,Volatile,10,77.744,69.6398,1.0
833,Volatile,11,46.5026,59.3566,1.0
833,Volatile,12,62.8142,60.8933,1.0
833,Volatile,13,57.1421,59.2261,1.0
833,Volatile,14,4.8526,35.0601,1.0
833,Volatile,15,63.0646,47.5066,1.0
833,Volatile,16,52.0227,49.5137,1.0
833,Volatile,17,65.7922,56.7486,1.0
833,Volatile,18,70.0345,62.6534,1.0
833,Volatile,19,100.0,79.2519,1.0
833,Volatile,20,76.0942,77.8485,1.0
834,Volatile,1,76.6823,76.6823,0.2
834,Volatile,2,79.9123,79.2663,0.4
834,Volatile,3,87.4362,84.7129,0.6
834,Volatile,4,79.0856,81.4973,0.8
834,Volatile,5,75.6343,78.5658,1.0
834,Volatile,6,84.2249,81.081,1.0
834,Volatile,7,21.4673,54.586,1.0
834,Volatile,8,100.0,74.77,1.0
834,Volatile,9,100.0,85.9833,1.0
834,Volatile,10,74.3427,80.8097,1.0
834,Volatile,11,41.7399,63.4453,1.0
834,Volatile,12,94.207,77.1172,1.0
834,Volatile,13,56.1225,67.7862,1.0
834,Volatile,14,80.6768,73.5154,1.0
834,Volatile,15,44.3419,60.5494,1.0
834,Volatile,16,100.0,78.083,1.0
834,Volatile,17,41.1557,61.6708,1.0
834,Volatile,18,71.3797,65.9859,1.0
834,Volatile,19,27.5563,48.9061,1.0
834,Volatile,20,69.1756,57.9147,1.0
835,Volatile,1,61.4943,61.4943,0.2
835,Volatile,2,92.7437,86.4938,0.4
835,Volatile,3,61.4924,69.8262,0.6
835,Volatile,4,92.7725,82.9384,0.8
835,Volatile,5,49.5176,66.228,1.0
835,Volatile,6,64.3608,65.3981,1.0
835,Volatile,7,64.7618,65.1153,1.0
835,Volatile,8,79.9118,71.6915,1.0
835,Volatile,9,77.3675,74.2142,1.0
835,Volatile,10,84.4445,78.761,1.0
835,Volatile,11,75.3366,77.239,1.0
835,Volatile,12,83.2263,79.9,1.0
835,Volatile,13,52.0427,67.519,1.0
835,Volatile,14,77.776,72.0777,1.0
835,Volatile,15,100.0,84.4876,1.0
835,Volatile,16,36.4001,63.1154,1.0
835,Volatile,17,79.7802,70.522,1.0
835,Volatile,18,83.5356,76.3058,1.0
835,Volatile,19,99.2237,86.4915,1.0
835,Volatile,20,84.5209,85.6157,1.0
836,Volatile,1,72.0063,72.0063,0.2
836,Volatile,2,78.6015,77.2824,0.4
836,Volatile,3,55.2992,62.627,0.6
836,Volatile,4,62.2406,62.4062,0.8
836,Volatile,5,43.2859,52.8461,1.0
836,Volatile,6,99.7406,73.6881,1.0
836,Volatile,7,79.0031,76.0503,1.0
836,Volatile,8,51.6778,65.2181,1.0
836,Volatile,9,75.4271,69.7554,1.0
836,Volatile,10,93.187,80.1694,1.0
836,Volatile,11,89.8558,84.4745,1.0
836,Volatile,12,51.4472,69.7957,1.0
836,Volatile,13,7.3232,42.0302,1.0
836,Volatile,14,77.9077,57.9757,1.0
836,Volatile,15,52.2626,55.4366,1.0
836,Volatile,16,82.4466,67.441,1.0
836,Volatile,17,89.0054,77.0252,1.0
836,Volatile,18,92.2727,83.8018,1.0
836,Volatile,19,100.0,91.001,1.0
836,Volatile,20,94.7271,92.6571,1.0
837,Volatile,1,100.0,100.0,0.2
837,Volatile,2,97.5812,98.065,0.4
837,Volatile,3,99.3244,98.9046,0.6
837,Volatile,4,69.1826,81.9206,0.8
837,Volatile,5,44.2135,63.067,1.0
837,Volatile,6,100.0,79.4817,1.0
837,Volatile,7,71.2591,75.8272,1.0
837,Volatile,8,94.5742,84.1592,1.0
837,Volatile,9,58.9945,72.9749,1.0
837,Volatile,10,89.2784,80.2209,1.0
837,Volatile,11,21.1007,53.9453,1.0
837,Volatile,12,61.7911,57.4323,1.0
837,Volatile,13,68.0318,62.1432,1.0
837,Volatile,14,79.2522,69.7472,1.0
837,Volatile,15,91.4405,79.3887,1.0
837,Volatile,16,48.1171,65.4902,1.0
837,Volatile,17,83.1994,73.3609,1.0
837,Volatile,18,94.5333,82.7709,1.0
837,Volatile,19,100.0,90.4283,1.0
837,Volatile,20,84.1326,87.6302,1.0
838,Volatile,1,60.8099,60.8099,0.2
838,Volatile,2,44.5647,47.8137,0.4
838,Volatile,3,100.0,82.6046,0.6
838,Volatile,4,84.7468,83.8287,0.8
838,Volatile,5,69.5605,76.6946,1.0
838,Volatile,6,37.6036,59.3208,1.0
838,Volatile,7,51.3763,55.7899,1.0
838,Volatile,8,82.6264,67.7173,1.0
838,Volatile,9,77.0767,71.877,1.0
838,Volatile,10,31.0734,53.742,1.0
838,Volatile,11,82.6523,66.591,1.0
838,Volatile,12,38.6313,54.1645,1.0
838,Volatile,13,97.0802,73.2381,1.0
838,Volatile,14,74.1711,73.6528,1.0
838,Volatile,15,60.7316,67.91,1.0
838,Volatile,16,89.8031,77.6403,1.0
838,Volatile,17,77.07,77.3868,1.0
838,Volatile,18,96.4986,85.8809,1.0
838,Volatile,19,71.6095,79.5381,1.0
838,Volatile,20,72.7764,76.5329,1.0
839,Volatile,1,64.295,64.295,0.2
839,Volatile,2,75.2593,73.0665,0.4
839,Volatile,3,100.0,91.0222,0.6
839,Volatile,4,59.9447,73.2636,0.8
839,Volatile,5,82.9591,78.1114,1.0
839,Volatile,6,52.3911,66.6801,1.0
839,Volatile,7,28.6654,49.7847,1.0
839,Volatile,8,74.1492,60.6133,1.0
839,Volatile,9,77.4081,68.0777,1.0
839,Volatile,10,67.799,67.9538,1.0
839,Volatile,11,40.0803,55.5656,1.0
839,Volatile,12,76.086,64.6858,1.0
839,Volatile,13,75.3263,69.4149,1.0
839,Volatile,14,52.2244,61.7747,1.0
839,Volatile,15,42.9302,53.3993,1.0
839,Volatile,16,64.9522,58.534,1.0
839,Volatile,17,83.0586,69.4338,1.0
839,Volatile,18,78.3331,73.389,1.0
839,Volatile,19,52.3833,64.0531,1.0
839,Volatile,20,72.7385,67.9133,1.0
840,Volatile,1,87.7425,87.7425,0.2
840,Volatile,2,46.5467,54.7859,0.4
840,Volatile,3,71.2631,65.7707,0.6
840,Volatile,4,96.7928,83.4976,0.8
840,Volatile,5,44.5014,63.9995,1.0
840,Volatile,6,93.1105,76.9377,1.0
840,Volatile,7,100.0,87.1876,1.0
840,Volatile,8,65.5559,77.5735,1.0
840,Volatile,9,63.1398,71.1585,1.0
840,Volatile,10,90.6619,79.8267,1.0
840,Volatile,11,66.2774,73.8048,1.0
840,Volatile,12,22.9375,51.1971,1.0
840,Volatile,13,68.0241,58.6758,1.0
840,Volatile,14,79.4081,67.8901,1.0
840,Volatile,15,84.8017,75.4064,1.0
840,Volatile,16,52.3874,65.1757,1.0
840,Volatile,17,64.604,64.9216,1.0
840,Volatile,18,89.5381,75.8623,1.0
840,Volatile,19,68.8,72.7235,1.0
840,Volatile,20,39.4252,57.9243,1.0
841,Volatile,1,94.7528,94.7528,0.2
841,Volatile,2,65.7178,71.5248,0.4
841,Volatile,3,91.8244,85.0578,0.6
841,Volatile,4,42.0909,60.5053,0.8
841,Volatile,5,67.5803,64.0428,1.0
841,Volatile,6,80.1947,71.2214,1.0
841,Volatile,7,68.2571,69.9039,1.0
841,Volatile,8,46.3399,59.431,1.0
841,Volatile,9,22.2639,42.9123,1.0
841,Volatile,10,100.0,68.2846,1.0
841,Volatile,11,74.9608,71.2518,1.0
841,Volatile,12,93.336,81.067,1.0
841,Volatile,13,88.5734,84.4032,1.0
841,Volatile,14,81.9369,83.3071,1.0
841,Volatile,15,63.5733,74.5365,1.0
841,Volatile,16,79.7953,76.8738,1.0
841,Volatile,17,98.6507,86.5524,1.0
841,Volatile,18,71.6602,79.9337,1.0
841,Volatile,19,100.0,88.852,1.0
841,Volatile,20,40.0116,67.1452,1.0
842,Volatile,1,37.8618,37.8618,0.2
842,Volatile,2,89.7615,79.3816,0.4
842,Volatile,3,53.6251,62.2106,0.6
842,Volatile,4,100.0,83.8046,0.8
842,Volatile,5,96.7468,90.2757,1.0
842,Volatile,6,100.0,94.5976,1.0
842,Volatile,7,87.6887,91.527,1.0
842,Volatile,8,51.5683,73.7676,1.0
842,Volatile,9,36.8132,57.3434,1.0
842,Volatile,10,99.9059,76.2601,1.0
842,Volatile,11,40.0086,60.1483,1.0
842,Volatile,12,100.0,77.8602,1.0
842,Volatile,13,83.3923,80.3189,1.0
842,Volatile,14,68.4749,75.0549,1.0
842,Volatile,15,78.841,76.7376,1.0
842,Volatile,16,79.3058,77.879,1.0
842,Volatile,17,65.9518,72.578,1.0
842,Volatile,18,98.5137,84.105,1.0
842,Volatile,19,97.828,90.2041,1.0
842,Volatile,20,73.1132,82.6082,1.0
843,Volatile,1,58.0001,58.0001,0.2
843,Volatile,2,96.1191,88.4953,0.4
843,Volatile,3,29.5488,49.1976,0.6
843,Volatile,4,78.8779,66.1578,0.8
843,Volatile,5,84.7915,75.4746,1.0
843,Volatile,6,53.433,65.6783,1.0
843,Volatile,7,89.4757,76.2549,1.0
843,Volatile,8,69.4723,73.2404,1.0
843,Volatile,9,59.086,66.9496,1.0
843,Volatile,10,89.2645,76.8673,1.0
843,Volatile,11,48.2863,64.1646,1.0
843,Volatile,12,87.3839,74.4843,1.0
843,Volatile,13,30.3531,54.8704,1.0
843,Volatile,14,75.7141,64.1343,1.0
843,Volatile,15,70.8769,67.131,1.0
843,Volatile,16,59.2061,63.6088,1.0
843,Volatile,17,77.7925,69.9127,1.0
843,Volatile,18,68.4086,69.2442,1.0
843,Volatile,19,91.0939,78.9552,1.0
843,Volatile,20,81.203,79.9542,1.0
844,Volatile,1,79.0539,79.0539,0.2
844,Volatile,2,75.8372,76.4806,0.4
844,Volatile,3,60.5567,65.8646,0.6
844,Volatile,4,63.9639,64.7785,0.8
844,Volatile,5,74.9643,69.8714,1.0
844,Volatile,6,66.5328,68.3876,1.0
844,Volatile,7,92.2291,78.9838,1.0
844,Volatile,8,71.869,75.8217,1.0
844,Volatile,9,77.5193,76.5762,1.0
844,Volatile,10,41.9463,61.1851,1.0
844,Volatile,11,88.8646,73.4871,1.0
844,Volatile,12,58.3765,66.7713,1.0
844,Volatile,13,49.1469,58.9382,1.0
844,Volatile,14,100.0,77.1879,1.0
844,Volatile,15,83.9524,80.1944,1.0
844,Volatile,16,89.5419,84.3488,1.0
844,Volatile,17,79.0899,82.0115,1.0
844,Volatile,18,68.137,75.8451,1.0
844,Volatile,19,64.4079,70.7619,1.0
844,Volatile,20,85.5822,77.3487,1.0
845,Volatile,1,92.6504,92.6504,0.2
845,Volatile,2,68.6363,73.4391,0.4
845,Volatile,3,100.0,91.1464,0.6
845,Volatile,4,66.0536,76.8077,0.8
845,Volatile,5,42.1198,59.4637,1.0
845,Volatile,6,35.5695,48.8441,1.0
845,Volatile,7,36.2445,43.2443,1.0
845,Volatile,8,61.7238,51.4574,1.0
845,Volatile,9,65.3596,57.6362,1.0
845,Volatile,10,83.652,69.1988,1.0
845,Volatile,11,69.4278,69.3006,1.0
845,Volatile,12,86.8674,77.1081,1.0
845,Volatile,13,70.8979,74.348,1.0
845,Volatile,14,70.2704,72.5357,1.0
845,Volatile,15,58.4497,66.2753,1.0
845,Volatile,16,98.4518,80.5759,1.0
845,Volatile,17,39.3703,62.2623,1.0
845,Volatile,18,76.0262,68.3796,1.0
845,Volatile,19,66.367,67.4851,1.0
845,Volatile,20,85.6351,75.5518,1.0
846,Volatile,1,69.5834,69.5834,0.2
846,Volatile,2,70.1729,70.055,0.4
846,Volatile,3,64.6672,66.4631,0.6
846,Volatile,4,97.8651,84.4071,0.8
846,Volatile,5,70.0481,77.2276,1.0
846,Volatile,6,100.0,87.3487,1.0
846,Volatile,7,75.4449,82.0581,1.0
846,Volatile,8,70.4352,76.8924,1.0
846,Volatile,9,67.0935,72.5373,1.0
846,Volatile,10,81.2849,76.4251,1.0
846,Volatile,11,58.2321,68.3394,1.0
846,Volatile,12,72.9148,70.3729,1.0
846,Volatile,13,70.1627,70.2795,1.0
846,Volatile,14,76.505,73.0464,1.0
846,Volatile,15,77.0006,74.8038,1.0
846,Volatile,16,78.0399,76.2421,1.0
846,Volatile,17,71.8981,74.3114,1.0
846,Volatile,18,100.0,85.7286,1.0
846,Volatile,19,78.4514,82.4943,1.0
846,Volatile,20,100.0,90.2746,1.0
847,Volatile,1,70.997,70.997,0.2
847,Volatile,2,89.1783,85.542,0.4
847,Volatile,3,55.479,65.5,0.6
847,Volatile,4,98.0158,84.0805,0.8
847,Volatile,5,55.9143,69.9974,1.0
847,Volatile,6,79.1176,74.0508,1.0
847,Volatile,7,64.7115,69.9,1.0
847,Volatile,8,79.0402,73.9623,1.0
847,Volatile,9,65.3041,70.1142,1.0
847,Volatile,10,54.2149,63.0479,1.0
847,Volatile,11,64.5682,63.7235,1.0
847,Volatile,12,100.0,79.8464,1.0
847,Volatile,13,79.3455,79.6238,1.0
847,Volatile,14,44.223,63.8901,1.0
847,Volatile,15,91.9077,76.3424,1.0
847,Volatile,16,52.1697,65.599,1.0
847,Volatile,17,84.8672,74.1626,1.0
847,Volatile,18,81.0633,77.2296,1.0
847,Volatile,19,82.3262,79.4948,1.0
847,Volatile,20,100.0,88.6082,1.0
848,Volatile,1,53.4272,53.4272,0.2
848,Volatile,2,82.2159,76.4582,0.4
848,Volatile,3,95.1918,88.9472,0.6
848,Volatile,4,57.1332,70.7678,0.8
848,Volatile,5,55.0849,62.9263,1.0
848,Volatile,6,64.2562,63.5174,1.0
848,Volatile,7,76.4947,69.2851,1.0
848,Volatile,8,41.7905,57.0653,1.0
848,Volatile,9,81.028,67.7154,1.0
848,Volatile,10,41.8323,56.2118,1.0
848,Volatile,11,95.8666,73.8361,1.0
848,Volatile,12,80.2753,76.698,1.0
848,Volatile,13,100.0,87.0544,1.0
848,Volatile,14,83.3757,85.4194,1.0
848,Volatile,15,63.9048,75.8574,1.0
848,Volatile,16,54.0265,66.1547,1.0
848,Volatile,17,74.7778,69.9872,1.0
848,Volatile,18,69.395,69.724,1.0
848,Volatile,19,93.7228,80.3901,1.0
848,Volatile,20,51.4276,67.5179,1.0
849,Volatile,1,100.0,100.0,0.2
849,Volatile,2,95.4955,96.3964,0.4
849,Volatile,3,65.9295,76.0852,0.6
849,Volatile,4,100.0,89.7508,0.8
849,Volatile,5,54.3374,72.0441,1.0
849,Volatile,6,74.1118,72.9631,1.0
849,Volatile,7,44.4706,60.2997,1.0
849,Volatile,8,100.0,77.9443,1.0
849,Volatile,9,37.0523,59.7701,1.0
849,Volatile,10,41.1912,51.5128,1.0
849,Volatile,11,57.3057,54.0874,1.0
849,Volatile,12,96.4465,72.9137,1.0
849,Volatile,13,89.0969,80.1062,1.0
849,Volatile,14,72.441,76.6995,1.0
849,Volatile,15,90.3785,82.779,1.0
849,Volatile,16,67.6917,76.0736,1.0
849,Volatile,17,78.4486,77.1291,1.0
849,Volatile,18,100.0,87.294,1.0
849,Volatile,19,65.0676,77.4156,1.0
849,Volatile,20,54.6725,67.3076,1.0
850,Volatile,1,79.4074,79.4074,0.2
850,Volatile,2,84.8055,83.7259,0.4
850,Volatile,3,72.209,76.0479,0.6
850,Volatile,4,90.0676,84.0592,0.8
850,Volatile,5,65.9748,75.017,1.0
850,Volatile,6,72.5509,73.921,1.0
850,Volatile,7,77.4915,75.5079,1.0
850,Volatile,8,75.7472,75.6142,1.0
850,Volatile,9,100.0,86.4524,1.0
850,Volatile,10,77.3911,82.4251,1.0
850,Volatile,11,63.922,74.2015,1.0
850,Volatile,12,80.5596,77.0273,1.0
850,Volatile,13,90.177,82.8716,1.0
850,Volatile,14,85.4847,84.033,1.0
850,Volatile,15,84.3762,84.1855,1.0
850,Volatile,16,40.039,64.5648,1.0
850,Volatile,17,20.1497,44.8248,1.0
850,Volatile,18,95.5053,67.3495,1.0
850,Volatile,19,78.7771,72.4284,1.0
850,Volatile,20,69.5685,71.1573,1.0
851,Volatile,1,83.8863,83.8863,0.2
851,Volatile,2,100.0,96.7773,0.4
851,Volatile,3,98.2706,97.7728,0.6
851,Volatile,4,89.2444,92.8994,0.8
851,Volatile,5,52.2655,72.5825,1.0
851,Volatile,6,54.8642,64.7077,1.0
851,Volatile,7,22.2719,45.8473,1.0
851,Volatile,8,82.6703,62.2131,1.0
851,Volatile,9,92.1725,75.5284,1.0
851,Volatile,10,93.8036,83.6507,1.0
851,Volatile,11,83.5086,83.5875,1.0
851,Volatile,12,66.9187,76.1792,1.0
851,Volatile,13,58.7145,68.4171,1.0
851,Volatile,14,53.4927,61.784,1.0
851,Volatile,15,66.7315,63.9829,1.0
851,Volatile,16,50.4435,57.9654,1.0
851,Volatile,17,100.0,76.6474,1.0
851,Volatile,18,43.9526,62.1164,1.0
851,Volatile,19,66.0589,63.8686,1.0
851,Volatile,20,31.2756,49.3829,1.0
852,Volatile,1,75.9311,75.9311,0.2
852,Volatile,2,69.9523,71.1481,0.4
852,Volatile,3,62.8642,65.6255,0.6
852,Volatile,4,51.3443,57.4648,0.8
852,Volatile,5,70.0492,63.757,1.0
852,Volatile,6,59.1108,61.692,1.0
852,Volatile,7,67.2626,64.1679,1.0
852,Volatile,8,100.0,80.0933,1.0
852,Volatile,9,73.4435,77.1378,1.0
852,Volatile,10,80.6573,78.7021,1.0
852,Volatile,11,60.7107,70.7059,1.0
852,Volatile,12,54.3113,63.4194,1.0
852,Volatile,13,69.5408,66.14,1.0
852,Volatile,14,100.0,81.1889,1.0
852,Volatile,15,64.2514,73.6612,1.0
852,Volatile,16,77.2288,75.2468,1.0
852,Volatile,17,53.432,65.5513,1.0
852,Volatile,18,14.8946,43.0372,1.0
852,Volatile,19,54.2034,47.9999,1.0
852,Volatile,20,100.0,71.1111,1.0
853,Volatile,1,81.9078,81.9078,0.2
853,Volatile,2,100.0,96.3816,0.4
853,Volatile,3,63.0456,74.1576,0.6
853,Volatile,4,22.8634,44.8466,0.8
853,Volatile,5,47.8258,46.3362,1.0
853,Volatile,6,77.9405,60.3826,1.0
853,Volatile,7,74.7523,66.7691,1.0
853,Volatile,8,69.7915,68.1124,1.0
853,Volatile,9,59.395,64.238,1.0
853,Volatile,10,88.7943,75.1519,1.0
853,Volatile,11,59.9731,68.4058,1.0
853,Volatile,12,76.1563,71.8505,1.0
853,Volatile,13,73.9066,72.7643,1.0
853,Volatile,14,62.63,68.2601,1.0
853,Volatile,15,52.3741,61.1997,1.0
853,Volatile,16,61.4534,61.3124,1.0
853,Volatile,17,100.0,78.5069,1.0
853,Volatile,18,92.249,84.6145,1.0
853,Volatile,19,90.4078,87.1893,1.0
853,Volatile,20,54.2707,72.5588,1.0
854,Volatile,1,41.2462,41.2462,0.2
854,Volatile,2,91.9299,81.7932,0.4
854,Volatile,3,88.0953,85.9946,0.6
854,Volatile,4,72.745,78.4234,0.8
854,Volatile,5,62.5892,70.5063,1.0
854,Volatile,6,40.7211,57.2684,1.0
854,Volatile,7,87.348,70.6371,1.0
854,Volatile,8,93.7227,80.8974,1.0
854,Volatile,9,56.4182,70.0177,1.0
854,Volatile,10,54.748,63.2312,1.0
854,Volatile,11,94.8212,77.2712,1.0
854,Volatile,12,57.1627,68.3341,1.0
854,Volatile,13,100.0,82.4078,1.0
854,Volatile,14,67.819,75.9239,1.0
854,Volatile,15,62.2688,69.8549,1.0
854,Volatile,16,70.9022,70.3204,1.0
854,Volatile,17,62.2674,66.7413,1.0
854,Volatile,18,92.5242,78.2004,1.0
854,Volatile,19,87.7162,82.4296,1.0
854,Volatile,20,91.7621,86.5774,1.0
855,Volatile,1,73.6904,73.6904,0.2
855,Volatile,2,60.8729,63.4364,0.4
855,Volatile,3,69.8187,67.6913,0.6
855,Volatile,4,61.4861,64.1454,0.8
855,Volatile,5,99.3319,81.7387,1.0
855,Volatile,6,90.0455,85.4306,1.0
855,Volatile,7,68.1695,77.759,1.0
855,Volatile,8,51.4705,66.0752,1.0
855,Volatile,9,100.0,81.1529,1.0
855,Volatile,10,72.7337,77.411,1.0
855,Volatile,11,67.3967,72.9602,1.0
855,Volatile,12,100.0,84.9779,1.0
855,Volatile,13,59.801,73.7882,1.0
855,Volatile,14,63.6215,69.2696,1.0
855,Volatile,15,65.3848,67.543,1.0
855,Volatile,16,43.6686,56.9322,1.0
855,Volatile,17,76.3147,65.5466,1.0
855,Volatile,18,54.7531,60.7495,1.0
855,Volatile,19,58.5856,59.7878,1.0
855,Volatile,20,55.9113,58.0649,1.0
856,Volatile,1,58.2586,58.2586,0.2
856,Volatile,2,53.2217,54.2291,0.4
856,Volatile,3,74.9443,68.0392,0.6
856,Volatile,4,66.8881,67.3815,0.8
856,Volatile,5,70.9602,69.1708,1.0
856,Volatile,6,100.0,82.8727,1.0
856,Volatile,7,66.8888,75.7687,1.0
856,Volatile,8,82.099,78.5822,1.0
856,Volatile,9,84.375,81.1567,1.0
856,Volatile,10,68.7429,75.6395,1.0
856,Volatile,11,75.476,75.5668,1.0
856,Volatile,12,70.414,73.2767,1.0
856,Volatile,13,74.0512,73.6209,1.0
856,Volatile,14,58.2697,66.7981,1.0
856,Volatile,15,60.1158,63.8282,1.0
856,Volatile,16,70.3384,66.7216,1.0
856,Volatile,17,30.5619,50.6507,1.0
856,Volatile,18,99.9215,72.5488,1.0
856,Volatile,19,100.0,84.7493,1.0
856,Volatile,20,73.407,79.7083,1.0
857,Volatile,1,83.3094,83.3094,0.2
857,Volatile,2,91.6212,89.9588,0.4
857,Volatile,3,43.5066,58.9907,0.6
857,Volatile,4,88.5656,75.8906,0.8
857,Volatile,5,61.4712,68.6809,1.0
857,Volatile,6,100.0,82.6005,1.0
857,Volatile,7,66.2348,75.3269,1.0
857,Volatile,8,88.1636,81.0321,1.0
857,Volatile,9,66.4317,74.5431,1.0
857,Volatile,10,100.0,85.8573,1.0
857,Volatile,11,59.753,74.2554,1.0
857,Volatile,12,93.3018,82.7204,1.0
857,Volatile,13,82.5336,82.6374,1.0
857,Volatile,14,78.0862,80.6146,1.0
857,Volatile,15,74.5801,77.9326,1.0
857,Volatile,16,56.6597,68.478,1.0
857,Volatile,17,18.2789,46.1673,1.0
857,Volatile,18,91.4878,66.3098,1.0
857,Volatile,19,60.2232,63.6046,1.0
857,Volatile,20,93.392,76.8435,1.0
858,Volatile,1,77.034,77.034,0.2
858,Volatile,2,94.0051,90.6109,0.4
858,Volatile,3,86.0379,87.5622,0.6
858,Volatile,4,20.7061,49.3587,0.8
858,Volatile,5,82.2979,65.8283,1.0
858,Volatile,6,63.1265,64.6275,1.0
858,Volatile,7,93.3002,77.3709,1.0
858,Volatile,8,81.8241,79.3501,1.0
858,Volatile,9,82.0594,80.5542,1.0
858,Volatile,10,64.5551,73.4435,1.0
858,Volatile,11,51.7479,63.801,1.0
858,Volatile,12,61.3423,62.7082,1.0
858,Volatile,13,34.0022,49.95,1.0
858,Volatile,14,58.1931,53.6136,1.0
858,Volatile,15,40.7168,47.8817,1.0
858,Volatile,16,41.2452,44.9321,1.0
858,Volatile,17,72.3296,57.1088,1.0
858,Volatile,18,80.681,67.5853,1.0
858,Volatile,19,69.3641,68.3759,1.0
858,Volatile,20,60.0242,64.664,1.0
859,Volatile,1,51.0518,51.0518,0.2
859,Volatile,2,63.6561,61.1353,0.4
859,Volatile,3,53.5555,56.0821,0.6
859,Volatile,4,68.7434,63.3171,0.8
859,Volatile,5,39.5694,51.4432,1.0
859,Volatile,6,84.0264,65.9246,1.0
859,Volatile,7,58.6594,62.6956,1.0
859,Volatile,8,77.5251,69.2865,1.0
859,Volatile,9,87.7444,77.49,1.0
859,Volatile,10,76.5574,77.0755,1.0
859,Volatile,11,85.9825,81.0342,1.0
859,Volatile,12,28.6672,57.76,1.0
859,Volatile,13,60.1429,58.819,1.0
859,Volatile,14,92.0615,73.5935,1.0
859,Volatile,15,80.1846,76.5229,1.0
859,Volatile,16,100.0,86.9571,1.0
859,Volatile,17,100.0,92.754,1.0
859,Volatile,18,75.9918,85.3041,1.0
859,Volatile,19,64.9604,76.2625,1.0
859,Volatile,20,50.8312,64.9597,1.0
860,Volatile,1,60.4838,60.4838,0.2
860,Volatile,2,61.8351,61.5648,0.4
860,Volatile,3,58.135,59.2783,0.6
860,Volatile,4,51.6332,54.9097,0.8
860,Volatile,5,78.0315,66.4706,1.0
860,Volatile,6,100.0,81.3726,1.0
860,Volatile,7,88.6651,84.6137,1.0
860,Volatile,8,63.5516,75.2528,1.0
860,Volatile,9,90.2806,81.9318,1.0
860,Volatile,10,76.933,79.7101,1.0
860,Volatile,11,69.1859,75.0327,1.0
860,Volatile,12,67.9375,71.8793,1.0
860,Volatile,13,66.0012,69.2668,1.0
860,Volatile,14,83.0213,75.3799,1.0
860,Volatile,15,72.7934,74.2304,1.0
860,Volatile,16,55.4315,65.8753,1.0
860,Volatile,17,54.463,60.8032,1.0
860,Volatile,18,76.1181,67.6098,1.0
860,Volatile,19,78.573,72.4823,1.0
860,Volatile,20,63.7373,68.5957,1.0
861,Volatile,1,47.3599,47.3599,0.2
861,Volatile,2,95.0193,85.4874,0.4
861,Volatile,3,90.7721,89.0105,0.6
861,Volatile,4,30.2525,55.4345,0.8
861,Volatile,5,96.7917,76.1131,1.0
861,Volatile,6,65.8205,71.5386,1.0
861,Volatile,7,73.7997,72.5435,1.0
861,Volatile,8,92.7645,81.5306,1.0
861,Volatile,9,100.0,89.7392,1.0
861,Volatile,10,90.0573,89.8806,1.0
861,Volatile,11,74.8206,83.1873,1.0
861,Volatile,12,42.4872,65.0983,1.0
861,Volatile,13,29.4754,49.2659,1.0
861,Volatile,14,87.5632,66.2869,1.0
861,Volatile,15,96.8406,79.8663,1.0
861,Volatile,16,53.7071,68.24,1.0
861,Volatile,17,64.6044,66.6242,1.0
861,Volatile,18,58.8547,63.1711,1.0
861,Volatile,19,58.322,61.0159,1.0
861,Volatile,20,91.4992,74.5641,1.0
862,Volatile,1,74.3675,74.3675,0.2
862,Volatile,2,65.4164,67.2066,0.4
862,Volatile,3,100.0,89.0689,0.6
862,Volatile,4,41.3116,61.779,0.8
862,Volatile,5,80.9582,71.3686,1.0
862,Volatile,6,49.0204,61.4361,1.0
862,Volatile,7,66.8513,63.8428,1.0
862,Volatile,8,72.9728,67.9006,1.0
862,Volatile,9,86.8919,76.3412,1.0
862,Volatile,10,64.7764,71.2013,1.0
862,Volatile,11,62.661,67.4056,1.0
862,Volatile,12,64.4183,66.0779,1.0
862,Volatile,13,48.4009,58.2215,1.0
862,Volatile,14,82.6462,69.0769,1.0
862,Volatile,15,75.6267,71.9879,1.0
862,Volatile,16,78.7034,74.9726,1.0
862,Volatile,17,68.6091,72.1444,1.0
862,Volatile,18,66.1424,69.4769,1.0
862,Volatile,19,93.512,80.1591,1.0
862,Volatile,20,90.4357,84.7265,1.0
863,Volatile,1,98.296,98.296,0.2
863,Volatile,2,77.4519,81.6207,0.4
863,Volatile,3,97.0533,91.9091,0.6
863,Volatile,4,61.6783,74.6344,0.8
863,Volatile,5,65.983,70.3087,1.0
863,Volatile,6,93.902,80.7946,1.0
863,Volatile,7,86.8684,83.4941,1.0
863,Volatile,8,64.191,74.9149,1.0
863,Volatile,9,49.0748,63.4304,1.0
863,Volatile,10,65.9207,64.5372,1.0
863,Volatile,11,56.3026,60.8774,1.0
863,Volatile,12,100.0,78.2652,1.0
863,Volatile,13,85.2008,81.3477,1.0
863,Volatile,14,54.6815,69.4961,1.0
863,Volatile,15,49.1002,60.4312,1.0
863,Volatile,16,54.4337,57.7657,1.0
863,Volatile,17,58.8235,58.2358,1.0
863,Volatile,18,66.666,61.9826,1.0
863,Volatile,19,92.2909,75.4529,1.0
863,Volatile,20,50.6697,64.4382,1.0
864,Volatile,1,100.0,100.0,0.2
864,Volatile,2,51.134,60.9072,0.4
864,Volatile,3,41.819,48.1818,0.6
864,Volatile,4,100.0,77.7922,0.8
864,Volatile,5,96.4251,87.1086,1.0
864,Volatile,6,66.353,77.8839,1.0
864,Volatile,7,77.6266,77.7696,1.0
864,Volatile,8,78.1314,77.9304,1.0
864,Volatile,9,72.7342,75.621,1.0
864,Volatile,10,44.0704,61.5985,1.0
864,Volatile,11,20.3607,43.2706,1.0
864,Volatile,12,53.1055,47.6416,1.0
864,Volatile,13,100.0,70.912,1.0
864,Volatile,14,100.0,83.84,1.0
864,Volatile,15,64.7633,75.3615,1.0
864,Volatile,16,50.8407,64.4633,1.0
864,Volatile,17,75.5624,69.3963,1.0
864,Volatile,18,78.7796,73.5667,1.0
864,Volatile,19,82.0144,77.3212,1.0
864,Volatile,20,19.4594,51.6049,1.0
865,Volatile,1,100.0,100.0,0.2
865,Volatile,2,92.6495,94.1196,0.4
865,Volatile,3,66.0427,75.4017,0.6
865,Volatile,4,55.6304,64.1038,0.8
865,Volatile,5,89.7461,76.925,1.0
865,Volatile,6,79.9079,78.2507,1.0
865,Volatile,7,71.8429,75.4028,1.0
865,Volatile,8,79.1667,77.0757,1.0
865,Volatile,9,67.7456,72.929,1.0
865,Volatile,10,78.0372,75.1993,1.0
865,Volatile,11,84.5273,79.3451,1.0
865,Volatile,12,76.8663,78.2434,1.0
865,Volatile,13,75.8184,77.1656,1.0
865,Volatile,14,97.8572,86.3619,1.0
865,Volatile,15,38.0579,64.8934,1.0
865,Volatile,16,54.0424,60.0707,1.0
865,Volatile,17,70.5312,64.7198,1.0
865,Volatile,18,55.4026,60.5789,1.0
865,Volatile,19,62.0793,61.2457,1.0
865,Volatile,20,95.7548,76.5831,1.0
866,Volatile,1,67.0206,67.0206,0.2
866,Volatile,2,33.4158,40.1367,0.4
866,Volatile,3,61.5332,54.401,0.6
866,Volatile,4,71.1623,63.9789,0.8
866,Volatile,5,70.7938,67.3863,1.0
866,Volatile,6,81.1207,73.4905,1.0
866,Volatile,7,79.4878,76.156,1.0
866,Volatile,8,67.2235,72.186,1.0
866,Volatile,9,46.1392,60.6096,1.0
866,Volatile,10,61.1772,60.8619,1.0
866,Volatile,11,57.5445,59.3875,1.0
866,Volatile,12,64.2979,61.5699,1.0
866,Volatile,13,83.8234,71.4603,1.0
866,Volatile,14,78.0821,74.4033,1.0
866,Volatile,15,86.4801,79.7708,1.0
866,Volatile,16,62.3183,72.0141,1.0
866,Volatile,17,100.0,84.4523,1.0
866,Volatile,18,83.4568,84.0098,1.0
866,Volatile,19,72.2447,78.7809,1.0
866,Volatile,20,82.0669,80.2414,1.0
867,Volatile,1,56.4848,56.4848,0.2
867,Volatile,2,27.8249,33.5569,0.4
867,Volatile,3,57.8661,49.763,0.6
867,Volatile,4,84.9491,69.8694,0.8
867,Volatile,5,71.6043,70.7368,1.0
867,Volatile,6,67.2633,69.1931,1.0
867,Volatile,7,53.0432,62.0153,1.0
867,Volatile,8,30.8835,48.179,1.0
867,Volatile,9,98.4969,70.5425,1.0
867,Volatile,10,65.8421,68.4534,1.0
867,Volatile,11,61.4092,65.3227,1.0
867,Volatile,12,56.5671,61.4313,1.0
867,Volatile,13,95.0904,76.3909,1.0
867,Volatile,14,87.627,81.3847,1.0
867,Volatile,15,50.6552,67.7272,1.0
867,Volatile,16,93.2909,79.0888,1.0
867,Volatile,17,67.0986,73.7598,1.0
867,Volatile,18,57.7892,66.6617,1.0
867,Volatile,19,64.1278,65.5355,1.0
867,Volatile,20,54.3341,60.5571,1.0
868,Volatile,1,43.5825,43.5825,0.2
868,Volatile,2,85.5226,77.1346,0.4
868,Volatile,3,65.5859,69.4355,0.6
868,Volatile,4,82.3442,76.8119,0.8
868,Volatile,5,75.7443,76.2781,1.0
868,Volatile,6,80.9708,78.3637,1.0
868,Volatile,7,29.0803,56.46,1.0
868,Volatile,8,52.6648,54.7732,1.0
868,Volatile,9,81.3873,66.6017,1.0
868,Volatile,10,44.5034,56.7802,1.0
868,Volatile,11,77.4613,65.9718,1.0
868,Volatile,12,42.1859,55.4003,1.0
868,Volatile,13,70.3289,62.0352,1.0
868,Volatile,14,100.0,78.9085,1.0
868,Volatile,15,85.492,81.8345,1.0
868,Volatile,16,32.9852,60.1237,1.0
868,Volatile,17,86.9674,72.0542,1.0
868,Volatile,18,100.0,84.4746,1.0
868,Volatile,19,100.0,91.3748,1.0
868,Volatile,20,79.5015,86.0978,1.0
869,Volatile,1,42.7116,42.7116,0.2
869,Volatile,2,78.6936,71.4972,0.4
869,Volatile,3,100.0,90.4991,0.6
869,Volatile,4,66.2582,76.6472,0.8
869,Volatile,5,90.8622,83.7547,1.0
869,Volatile,6,53.2079,70.1783,1.0
869,Volatile,7,77.4471,73.4089,1.0
869,Volatile,8,20.2084,49.7642,1.0
869,Volatile,9,50.9933,50.3105,1.0
869,Volatile,10,69.8776,59.007,1.0
869,Volatile,11,62.7329,60.6629,1.0
869,Volatile,12,43.9877,53.2517,1.0
869,Volatile,13,60.0069,56.254,1.0
869,Volatile,14,76.5931,65.2936,1.0
869,Volatile,15,68.2754,66.6189,1.0
869,Volatile,16,71.2188,68.6633,1.0
869,Volatile,17,84.6394,75.7638,1.0
869,Volatile,18,63.1367,70.1518,1.0
869,Volatile,19,97.1836,82.1659,1.0
869,Volatile,20,50.2146,67.9653,1.0
870,Volatile,1,100.0,100.0,0.2
870,Volatile,2,92.2608,93.8086,0.4
870,Volatile,3,62.88,73.1896,0.6
870,Volatile,4,64.2136,68.0605,0.8
870,Volatile,5,74.1347,71.0976,1.0
870,Volatile,6,81.9734,75.9313,1.0
870,Volatile,7,91.891,83.0245,1.0
870,Volatile,8,43.1882,65.3195,1.0
870,Volatile,9,78.7489,71.2881,1.0
870,Volatile,10,27.6697,51.9021,1.0
870,Volatile,11,66.454,58.3696,1.0
870,Volatile,12,99.0783,76.4623,1.0
870,Volatile,13,41.6478,60.9892,1.0
870,Volatile,14,38.0152,50.7786,1.0
870,Volatile,15,74.4159,61.284,1.0
870,Volatile,16,97.7486,77.4905,1.0
870,Volatile,17,76.5079,77.0538,1.0
870,Volatile,18,31.9076,56.9888,1.0
870,Volatile,19,36.3374,47.8104,1.0
870,Volatile,20,71.9549,58.5413,1.0
871,Volatile,1,46.4152,46.4152,0.2
871,Volatile,2,72.7337,67.47,0.4
871,Volatile,3,73.9199,71.7699,0.6
871,Volatile,4,60.2048,65.1613,0.8
871,Volatile,5,100.0,82.5807,1.0
871,Volatile,6,81.8093,82.2379,1.0
871,Volatile,7,94.2318,87.5685,1.0
871,Volatile,8,88.4116,87.9432,1.0
871,Volatile,9,66.9985,78.6345,1.0
871,Volatile,10,66.1111,73.0685,1.0
871,Volatile,11,64.0476,69.0592,1.0
871,Volatile,12,83.622,75.5316,1.0
871,Volatile,13,56.9927,67.2921,1.0
871,Volatile,14,100.0,81.8289,1.0
871,Volatile,15,55.0826,69.9417,1.0
871,Volatile,16,74.2895,71.874,1.0
871,Volatile,17,65.4184,69.0049,1.0
871,Volatile,18,60.9841,65.4401,1.0
871,Volatile,19,100.0,80.8001,1.0
871,Volatile,20,61.2189,72.0973,1.0
872,Volatile,1,63.9056,63.9056,0.2
872,Volatile,2,56.7173,58.155,0.4
872,Volatile,3,70.8208,66.5989,0.6
872,Volatile,4,67.9739,67.3846,0.8
872,Volatile,5,47.6149,57.4998,1.0
872,Volatile,6,61.5126,59.2832,1.0
872,Volatile,7,82.1937,69.4657,1.0
872,Volatile,8,90.5397,78.8319,1.0
872,Volatile,9,70.48,75.12,1.0
872,Volatile,10,71.1799,73.3688,1.0
872,Volatile,11,62.7801,68.6627,1.0
872,Volatile,12,59.9512,64.7909,1.0
872,Volatile,13,51.6085,58.9321,1.0
872,Volatile,14,38.867,50.0143,1.0
872,Volatile,15,55.9511,52.6528,1.0
872,Volatile,16,88.0811,68.3987,1.0
872,Volatile,17,61.5117,65.3378,1.0
872,Volatile,18,63.0796,64.3342,1.0
872,Volatile,19,62.6903,63.6036,1.0
872,Volatile,20,94.8942,77.5105,1.0
873,Volatile,1,51.4323,51.4323,0.2
873,Volatile,2,75.5411,70.7193,0.4
873,Volatile,3,68.6307,69.3269,0.6
873,Volatile,4,71.3585,70.4878,0.8
873,Volatile,5,74.887,72.6874,1.0
873,Volatile,6,71.1433,72.0011,1.0
873,Volatile,7,85.8604,78.1608,1.0
873,Volatile,8,69.4149,74.2737,1.0
873,Volatile,9,100.0,85.7076,1.0
873,Volatile,10,70.8896,79.1218,1.0
873,Volatile,11,35.9307,59.9258,1.0
873,Volatile,12,82.7662,70.0771,1.0
873,Volatile,13,77.8419,73.5281,1.0
873,Volatile,14,70.6509,72.2494,1.0
873,Volatile,15,64.8086,68.9423,1.0
873,Volatile,16,27.7076,50.6158,1.0
873,Volatile,17,31.0631,41.9257,1.0
873,Volatile,18,100.0,67.7365,1.0
873,Volatile,19,58.2899,63.538,1.0
873,Volatile,20,89.3124,74.9933,1.0
874,Volatile,1,37.9393,37.9393,0.2
874,Volatile,2,49.0628,46.8381,0.4
874,Volatile,3,83.5728,71.3279,0.6
874,Volatile,4,67.95,69.3977,0.8
874,Volatile,5,80.7533,75.0755,1.0
874,Volatile,6,69.7273,72.6985,1.0
874,Volatile,7,65.8466,69.6532,1.0
874,Volatile,8,56.3991,63.7625,1.0
874,Volatile,9,46.1199,55.9214,1.0
874,Volatile,10,98.054,74.647,1.0
874,Volatile,11,100.0,85.915,1.0
874,Volatile,12,49.2259,69.6088,1.0
874,Volatile,13,47.9184,59.9686,1.0
874,Volatile,14,63.0445,61.3357,1.0
874,Volatile,15,76.8087,68.2126,1.0
874,Volatile,16,66.3636,67.3908,1.0
874,Volatile,17,79.9904,72.9906,1.0
874,Volatile,18,69.015,71.2237,1.0
874,Volatile,19,67.7074,69.6609,1.0
874,Volatile,20,100.0,83.1449,1.0
875,Volatile,1,59.4959,59.4959,0.2
875,Volatile,2,100.0,91.8992,0.4
875,Volatile,3,98.9373,96.5912,0.6
875,Volatile,4,80.0819,87.1573,0.8
875,Volatile,5,31.4774,59.3173,1.0
875,Volatile,6,70.6211,64.3413,1.0
875,Volatile,7,59.7061,62.2812,1.0
875,Volatile,8,70.4018,65.8904,1.0
875,Volatile,9,48.7407,58.2683,1.0
875,Volatile,10,85.1252,70.2047,1.0
875,Volatile,11,89.6997,78.8691,1.0
875,Volatile,12,93.4005,85.3275,1.0
875,Volatile,13,62.3564,75.1181,1.0
875,Volatile,14,48.8115,63.4263,1.0
875,Volatile,15,77.0336,69.474,1.0
875,Volatile,16,100.0,83.0411,1.0
875,Volatile,17,71.3878,77.8619,1.0
875,Volatile,18,79.0459,78.3881,1.0
875,Volatile,19,65.3015,72.5719,1.0
875,Volatile,20,59.9306,66.9535,1.0
876,Volatile,1,83.1655,83.1655,0.2
876,Volatile,2,67.8787,70.936,0.4
876,Volatile,3,78.0705,75.6923,0.6
876,Volatile,4,80.1501,78.2396,0.8
876,Volatile,5,76.9503,77.595,1.0
876,Volatile,6,81.1571,79.1782,1.0
876,Volatile,7,52.9399,67.5167,1.0
876,Volatile,8,51.7194,60.4957,1.0
876,Volatile,9,69.1476,64.341,1.0
876,Volatile,10,69.6288,66.6911,1.0
876,Volatile,11,59.5535,63.5189,1.0
876,Volatile,12,74.82,68.5416,1.0
876,Volatile,13,88.1643,77.2628,1.0
876,Volatile,14,93.7502,84.5906,1.0
876,Volatile,15,98.2452,90.6593,1.0
876,Volatile,16,43.704,69.7903,1.0
876,Volatile,17,46.74,59.5457,1.0
876,Volatile,18,64.2071,61.6174,1.0
876,Volatile,19,71.6057,66.0567,1.0
876,Volatile,20,65.2316,65.69,1.0
877,Volatile,1,58.9472,58.9472,0.2
877,Volatile,2,63.9116,62.9188,0.4
877,Volatile,3,79.6663,74.0838,0.6
877,Volatile,4,43.4076,56.5545,0.8
877,Volatile,5,100.0,78.2773,1.0
877,Volatile,6,70.4199,74.7851,1.0
877,Volatile,7,91.0169,81.9992,1.0
877,Volatile,8,58.3999,71.5106,1.0
877,Volatile,9,81.487,75.9446,1.0
877,Volatile,10,72.0018,74.1922,1.0
877,Volatile,11,87.1362,79.9451,1.0
877,Volatile,12,66.0271,73.7593,1.0
877,Volatile,13,100.0,85.4218,1.0
877,Volatile,14,40.1589,65.305,1.0
877,Volatile,15,88.9875,75.8305,1.0
877,Volatile,16,72.3744,74.2945,1.0
877,Volatile,17,49.6335,63.334,1.0
877,Volatile,18,100.0,79.63,1.0
877,Volatile,19,100.0,88.6833,1.0
877,Volatile,20,28.5226,61.9452,1.0
878,Volatile,1,73.5357,73.5357,0.2
878,Volatile,2,84.1133,81.9977,0.4
878,Volatile,3,78.8341,79.8886,0.6
878,Volatile,4,100.0,91.3808,0.8
878,Volatile,5,96.1527,93.7668,1.0
878,Volatile,6,75.3037,85.561,1.0
878,Volatile,7,100.0,91.9783,1.0
878,Volatile,8,88.7369,90.5377,1.0
878,Volatile,9,62.9717,78.2861,1.0
878,Volatile,10,58.953,69.6937,1.0
878,Volatile,11,94.8668,80.8817,1.0
878,Volatile,12,54.1409,68.9969,1.0
878,Volatile,13,61.8052,65.8006,1.0
878,Volatile,14,65.2086,65.5375,1.0
878,Volatile,15,77.1131,70.6822,1.0
878,Volatile,16,66.1308,68.6594,1.0
878,Volatile,17,43.6606,57.5488,1.0
878,Volatile,18,93.2416,73.4123,1.0
878,Volatile,19,61.912,68.301,1.0
878,Volatile,20,100.0,82.3895,1.0
879,Volatile,1,76.0798,76.0798,0.2
879,Volatile,2,95.3441,91.4913,0.4
879,Volatile,3,82.6172,85.5752,0.6
879,Volatile,4,96.3011,91.7043,0.8
879,Volatile,5,81.4068,86.5556,1.0
879,Volatile,6,74.7034,81.2879,1.0
879,Volatile,7,91.8647,85.9887,1.0
879,Volatile,8,100.0,92.2159,1.0
879,Volatile,9,64.6041,79.944,1.0
879,Volatile,10,85.8985,82.5905,1.0
879,Volatile,11,69.8951,76.9481,1.0
879,Volatile,12,80.1212,78.3583,1.0
879,Volatile,13,70.8432,75.0183,1.0
879,Volatile,14,26.8451,53.608,1.0
879,Volatile,15,65.9963,59.1139,1.0
879,Volatile,16,89.9911,72.8371,1.0
879,Volatile,17,54.6959,64.7743,1.0
879,Volatile,18,88.4189,75.283,1.0
879,Volatile,19,73.6722,74.5671,1.0
879,Volatile,20,66.1702,70.8351,1.0
880,Volatile,1,88.1163,88.1163,0.2
880,Volatile,2,83.6206,84.5198,0.4
880,Volatile,3,78.4109,80.4472,0.6
880,Volatile,4,90.318,86.0877,0.8
880,Volatile,5,74.062,80.0748,1.0
880,Volatile,6,37.1067,60.9779,1.0
880,Volatile,7,62.4376,61.6266,1.0
880,Volatile,8,33.912,49.309,1.0
880,Volatile,9,83.1473,64.3482,1.0
880,Volatile,10,87.924,74.8264,1.0
880,Volatile,11,88.834,81.052,1.0
880,Volatile,12,79.7819,80.4875,1.0
880,Volatile,13,89.3585,84.4302,1.0
880,Volatile,14,38.4679,64.0025,1.0
880,Volatile,15,67.8487,65.7119,1.0
880,Volatile,16,41.7017,55.0407,1.0
880,Volatile,17,62.8334,58.5041,1.0
880,Volatile,18,100.0,76.9467,1.0
880,Volatile,19,91.8647,83.577,1.0
880,Volatile,20,83.2457,83.4297,1.0
881,Volatile,1,66.3676,66.3676,0.2
881,Volatile,2,50.1281,53.376,0.4
881,Volatile,3,73.7406,66.9524,0.6
881,Volatile,4,92.2135,81.3873,0.8
881,Volatile,5,78.1974,79.7924,1.0
881,Volatile,6,38.2862,61.3452,1.0
881,Volatile,7,72.0922,66.1216,1.0
881,Volatile,8,31.7334,50.838,1.0
881,Volatile,9,86.0837,66.5027,1.0
881,Volatile,10,56.1398,61.897,1.0
881,Volatile,11,45.5376,54.6261,1.0
881,Volatile,12,86.3586,68.7295,1.0
881,Volatile,13,81.1876,74.2664,1.0
881,Volatile,14,74.648,74.436,1.0
881,Volatile,15,100.0,85.7978,1.0
881,Volatile,16,82.7,84.421,1.0
881,Volatile,17,57.1009,72.2787,1.0
881,Volatile,18,80.3841,75.8811,1.0
881,Volatile,19,64.2785,70.7244,1.0
881,Volatile,20,95.3352,81.6625,1.0
882,Volatile,1,75.6195,75.6195,0.2
882,Volatile,2,77.5985,77.2027,0.4
882,Volatile,3,41.1526,53.1693,0.6
882,Volatile,4,71.227,63.488,0.8
882,Volatile,5,68.8747,66.1813,1.0
882,Volatile,6,49.5157,58.7744,1.0
882,Volatile,7,65.57,61.7947,1.0
882,Volatile,8,78.715,69.3148,1.0
882,Volatile,9,69.913,69.5807,1.0
882,Volatile,10,41.758,57.2151,1.0
882,Volatile,11,64.5357,60.4687,1.0
882,Volatile,12,60.6395,60.5446,1.0
882,Volatile,13,73.8703,66.4671,1.0
882,Volatile,14,71.7107,68.7976,1.0
882,Volatile,15,61.7677,65.6732,1.0
882,Volatile,16,60.9867,63.5903,1.0
882,Volatile,17,71.3445,67.0366,1.0
882,Volatile,18,89.2595,76.9135,1.0
882,Volatile,19,75.5728,76.3176,1.0
882,Volatile,20,98.4614,86.1593,1.0
883,Volatile,1,92.6638,92.6638,0.2
883,Volatile,2,99.9336,98.4797,0.4
883,Volatile,3,97.3726,97.7416,0.6
883,Volatile,4,100.0,99.0321,0.8
883,Volatile,5,46.9371,72.9846,1.0
883,Volatile,6,82.9485,77.413,1.0
883,Volatile,7,94.3664,84.9479,1.0
883,Volatile,8,97.9805,90.7402,1.0
883,Volatile,9,54.5856,74.6715,1.0
883,Volatile,10,83.1476,78.4386,1.0
883,Volatile,11,71.5041,75.3566,1.0
883,Volatile,12,100.0,86.3092,1.0
883,Volatile,13,42.2542,66.7292,1.0
883,Volatile,14,54.6142,61.3448,1.0
883,Volatile,15,33.7873,49.097,1.0
883,Volatile,16,72.8923,59.6727,1.0
883,Volatile,17,100.0,77.5959,1.0
883,Volatile,18,69.1132,73.8258,1.0
883,Volatile,19,72.0207,73.0235,1.0
883,Volatile,20,81.0048,76.5708,1.0
884,Volatile,1,67.6742,67.6742,0.2
884,Volatile,2,77.3205,75.3913,0.4
884,Volatile,3,77.8442,77.0266,0.6
884,Volatile,4,53.0889,63.3479,0.8
884,Volatile,5,68.1191,65.7335,1.0
884,Volatile,6,84.8387,74.2247,1.0
884,Volatile,7,88.5715,80.601,1.0
884,Volatile,8,95.97,87.4317,1.0
884,Volatile,9,76.7087,82.6659,1.0
884,Volatile,10,77.1157,80.1992,1.0
884,Volatile,11,85.0037,82.3345,1.0
884,Volatile,12,58.1046,71.5657,1.0
884,Volatile,13,57.2844,65.2184,1.0
884,Volatile,14,67.504,66.2343,1.0
884,Volatile,15,44.4996,56.5744,1.0
884,Volatile,16,78.138,66.1582,1.0
884,Volatile,17,90.9816,77.1909,1.0
884,Volatile,18,55.7991,67.6834,1.0
884,Volatile,19,78.703,72.581,1.0
884,Volatile,20,57.4174,65.8416,1.0
885,Volatile,1,49.6685,49.6685,0.2
885,Volatile,2,100.0,89.9337,0.4
885,Volatile,3,49.9553,63.2815,0.6
885,Volatile,4,44.4136,52.4998,0.8
885,Volatile,5,74.2943,63.3971,1.0
885,Volatile,6,75.3704,68.7186,1.0
885,Volatile,7,83.3446,75.219,1.0
885,Volatile,8,100.0,86.2328,1.0
885,Volatile,9,54.4574,72.1104,1.0
885,Volatile,10,58.4313,66.0308,1.0
885,Volatile,11,100.0,81.1282,1.0
885,Volatile,12,88.7825,84.5301,1.0
885,Volatile,13,86.0016,85.1841,1.0
885,Volatile,14,58.2026,73.1923,1.0
885,Volatile,15,92.5178,81.7814,1.0
885,Volatile,16,86.0637,83.6846,1.0
885,Volatile,17,73.7907,79.2874,1.0
885,Volatile,18,58.3014,69.9603,1.0
885,Volatile,19,72.1339,70.9263,1.0
885,Volatile,20,100.0,83.848,1.0
886,Volatile,1,48.1206,48.1206,0.2
886,Volatile,2,54.004,52.8273,0.4
886,Volatile,3,57.444,55.9051,0.6
886,Volatile,4,61.7836,59.2642,0.8
886,Volatile,5,69.6853,64.4747,1.0
886,Volatile,6,89.1714,75.451,1.0
886,Volatile,7,79.2283,77.1298,1.0
886,Volatile,8,71.2168,74.5018,1.0
886,Volatile,9,75.5399,74.9632,1.0
886,Volatile,10,82.4798,78.3039,1.0
886,Volatile,11,36.3659,59.6648,1.0
886,Volatile,12,91.4317,73.7834,1.0
886,Volatile,13,53.4717,64.756,1.0
886,Volatile,14,61.1298,63.1444,1.0
886,Volatile,15,76.8087,69.2174,1.0
886,Volatile,16,68.4919,68.8949,1.0
886,Volatile,17,79.7386,73.7144,1.0
886,Volatile,18,72.8366,73.3242,1.0
886,Volatile,19,64.2134,69.2749,1.0
886,Volatile,20,100.0,82.9305,1.0
887,Volatile,1,84.1613,84.1613,0.2
887,Volatile,2,76.0423,77.6661,0.4
887,Volatile,3,83.8504,81.789,0.6
887,Volatile,4,55.8934,66.9915,0.8
887,Volatile,5,100.0,83.4958,1.0
887,Volatile,6,48.2473,67.8298,1.0
887,Volatile,7,72.2634,69.8003,1.0
887,Volatile,8,64.2715,67.343,1.0
887,Volatile,9,63.5117,65.6402,1.0
887,Volatile,10,60.9149,63.5401,1.0
887,Volatile,11,54.5658,59.5515,1.0
887,Volatile,12,93.7668,74.7583,1.0
887,Volatile,13,45.9059,61.935,1.0
887,Volatile,14,89.6713,74.2623,1.0
887,Volatile,15,82.9708,78.1327,1.0
887,Volatile,16,62.3822,71.1325,1.0
887,Volatile,17,80.6521,75.3634,1.0
887,Volatile,18,66.842,71.5761,1.0
887,Volatile,19,47.9799,61.0889,1.0
887,Volatile,20,48.1913,55.3567,1.0
888,Volatile,1,83.1088,83.1088,0.2
888,Volatile,2,82.0714,82.2789,0.4
888,Volatile,3,74.8402,77.3198,0.6
888,Volatile,4,62.1697,68.6626,0.8
888,Volatile,5,66.1914,67.427,1.0
888,Volatile,6,63.4889,65.6767,1.0
888,Volatile,7,35.0611,52.0698,1.0
888,Volatile,8,71.2251,60.5832,1.0
888,Volatile,9,80.4491,69.4125,1.0
888,Volatile,10,71.3522,70.2746,1.0
888,Volatile,11,100.0,83.4859,1.0
888,Volatile,12,49.9088,68.5627,1.0
888,Volatile,13,56.7779,63.325,1.0
888,Volatile,14,72.6604,67.4741,1.0
888,Volatile,15,74.8753,70.7635,1.0
888,Volatile,16,31.9758,53.5245,1.0
888,Volatile,17,82.054,66.2043,1.0
888,Volatile,18,74.9663,70.0985,1.0
888,Volatile,19,27.6121,51.2157,1.0
888,Volatile,20,67.6658,58.5269,1.0
889,Volatile,1,53.8292,53.8292,0.2
889,Volatile,2,60.9335,59.5127,0.4
889,Volatile,3,43.238,48.6629,0.6
889,Volatile,4,78.3238,65.612,0.8
889,Volatile,5,100.0,82.806,1.0
889,Volatile,6,75.3005,79.4702,1.0
889,Volatile,7,26.8123,56.0667,1.0
889,Volatile,8,75.7119,64.7979,1.0
889,Volatile,9,66.1072,65.3798,1.0
889,Volatile,10,47.9797,57.6465,1.0
889,Volatile,11,77.0725,66.2802,1.0
889,Volatile,12,87.5953,75.7536,1.0
889,Volatile,13,56.6301,67.2543,1.0
889,Volatile,14,37.1253,53.8636,1.0
889,Volatile,15,29.7666,43.1538,1.0
889,Volatile,16,56.6863,49.1683,1.0
889,Volatile,17,66.8899,57.0446,1.0
889,Volatile,18,59.6799,58.2158,1.0
889,Volatile,19,56.3344,57.3796,1.0
889,Volatile,20,81.358,68.0367,1.0
890,Volatile,1,79.2565,79.2565,0.2
890,Volatile,2,73.9919,75.0448,0.4
890,Volatile,3,86.3298,82.5681,0.6
890,Volatile,4,56.8739,67.8857,0.8
890,Volatile,5,48.1088,57.9972,1.0
890,Volatile,6,59.5533,58.6888,1.0
890,Volatile,7,58.1739,58.46,1.0
890,Volatile,8,28.9742,45.3552,1.0
890,Volatile,9,59.0886,51.4589,1.0
890,Volatile,10,92.097,69.5203,1.0
890,Volatile,11,86.0171,76.8522,1.0
890,Volatile,12,80.5037,78.4751,1.0
890,Volatile,13,72.6324,75.8783,1.0
890,Volatile,14,98.978,86.1448,1.0
890,Volatile,15,48.7966,69.5456,1.0
890,Volatile,16,50.7035,61.1713,1.0
890,Volatile,17,92.4859,75.0889,1.0
890,Volatile,18,70.5521,73.0726,1.0
890,Volatile,19,56.5764,65.7409,1.0
890,Volatile,20,81.0385,72.5399,1.0
891,Volatile,1,61.2307,61.2307,0.2
891,Volatile,2,53.2495,54.8457,0.4
891,Volatile,3,52.693,53.4106,0.6
891,Volatile,4,76.431,66.5651,0.8
891,Volatile,5,74.1163,70.3407,1.0
891,Volatile,6,100.0,83.5226,1.0
891,Volatile,7,64.1982,74.934,1.0
891,Volatile,8,63.857,70.0109,1.0
891,Volatile,9,98.7927,82.8028,1.0
891,Volatile,10,89.7129,85.874,1.0
891,Volatile,11,72.898,80.1069,1.0
891,Volatile,12,38.7797,61.7393,1.0
891,Volatile,13,53.7629,58.1942,1.0
891,Volatile,14,48.9181,54.0715,1.0
891,Volatile,15,70.729,61.4748,1.0
891,Volatile,16,59.8332,60.7452,1.0
891,Volatile,17,100.0,78.1918,1.0
891,Volatile,18,38.5713,60.5827,1.0
891,Volatile,19,46.7732,54.4451,1.0
891,Volatile,20,74.8926,63.5329,1.0
892,Volatile,1,80.4287,80.4287,0.2
892,Volatile,2,18.2573,30.6916,0.4
892,Volatile,3,35.2918,33.7584,0.6
892,Volatile,4,64.7279,51.4553,0.8
892,Volatile,5,97.1209,74.2881,1.0
892,Volatile,6,100.0,85.7156,1.0
892,Volatile,7,61.7101,75.0465,1.0
892,Volatile,8,66.5871,71.2867,1.0
892,Volatile,9,53.2627,63.276,1.0
892,Volatile,10,82.6641,71.893,1.0
892,Volatile,11,100.0,84.385,1.0
892,Volatile,12,95.1204,89.1563,1.0
892,Volatile,13,69.42,80.3846,1.0
892,Volatile,14,53.2294,68.3156,1.0
892,Volatile,15,70.1639,69.1371,1.0
892,Volatile,16,97.6157,81.7943,1.0
892,Volatile,17,61.9897,72.9922,1.0
892,Volatile,18,33.6914,55.5252,1.0
892,Volatile,19,62.7998,58.7584,1.0
892,Volatile,20,64.4195,61.2744,1.0
893,Volatile,1,33.574,33.574,0.2
893,Volatile,2,74.6407,66.4274,0.4
893,Volatile,3,80.1201,75.5559,0.6
893,Volatile,4,100.0,89.5239,0.8
893,Volatile,5,43.3525,66.4382,1.0
893,Volatile,6,84.6104,74.5147,1.0
893,Volatile,7,89.3367,81.1023,1.0
893,Volatile,8,80.3924,80.7868,1.0
893,Volatile,9,49.864,67.0433,1.0
893,Volatile,10,48.7015,58.8914,1.0
893,Volatile,11,71.9439,64.6925,1.0
893,Volatile,12,71.8036,67.853,1.0
893,Volatile,13,58.8113,63.8345,1.0
893,Volatile,14,95.8327,78.0559,1.0
893,Volatile,15,61.985,70.9133,1.0
893,Volatile,16,32.126,53.6745,1.0
893,Volatile,17,65.5189,58.9387,1.0
893,Volatile,18,79.6055,68.1239,1.0
893,Volatile,19,76.8392,71.9974,1.0
893,Volatile,20,76.6845,74.0805,1.0
894,Volatile,1,99.8798,99.8798,0.2
894,Volatile,2,47.7042,58.1393,0.4
894,Volatile,3,61.5258,60.397,0.6
894,Volatile,4,100.0,83.0273,0.8
894,Volatile,5,30.653,56.8401,1.0
894,Volatile,6,68.9261,62.2117,1.0
894,Volatile,7,94.5784,76.5969,1.0
894,Volatile,8,94.2803,84.4562,1.0
894,Volatile,9,83.2023,83.8989,1.0
894,Volatile,10,83.7088,83.8144,1.0
894,Volatile,11,49.1795,68.4211,1.0
894,Volatile,12,97.4635,81.3289,1.0
894,Volatile,13,45.9988,65.6266,1.0
894,Volatile,14,47.1917,57.4333,1.0
894,Volatile,15,77.7575,66.4663,1.0
894,Volatile,16,60.1397,63.6545,1.0
894,Volatile,17,74.1339,68.312,1.0
894,Volatile,18,78.6153,72.8913,1.0
894,Volatile,19,100.0,84.9396,1.0
894,Volatile,20,78.6745,82.1551,1.0
895,Volatile,1,57.6293,57.6293,0.2
895,Volatile,2,83.5298,78.3497,0.4
895,Volatile,3,53.3649,61.6932,0.6
895,Volatile,4,88.2631,76.876,0.8
895,Volatile,5,71.2926,74.0843,1.0
895,Volatile,6,78.0109,75.8294,1.0
895,Volatile,7,34.3869,57.4105,1.0
895,Volatile,8,24.9851,42.9992,1.0
895,Volatile,9,39.9715,41.6536,1.0
895,Volatile,10,100.0,67.5853,1.0
895,Volatile,11,47.0369,58.4527,1.0
895,Volatile,12,84.6462,70.0942,1.0
895,Volatile,13,57.1618,64.3465,1.0
895,Volatile,14,65.1994,64.7256,1.0
895,Volatile,15,69.1056,66.6722,1.0
895,Volatile,16,100.0,81.4846,1.0
895,Volatile,17,81.6901,81.5759,1.0
895,Volatile,18,77.7007,79.8536,1.0
895,Volatile,19,95.934,87.0004,1.0
895,Volatile,20,57.3361,73.8163,1.0
896,Volatile,1,91.3669,91.3669,0.2
896,Volatile,2,88.0261,88.6942,0.4
896,Volatile,3,87.798,88.0967,0.6
896,Volatile,4,66.8997,75.9841,0.8
896,Volatile,5,61.2537,68.6189,1.0
896,Volatile,6,52.6035,61.501,1.0
896,Volatile,7,53.8564,58.1034,1.0
896,Volatile,8,51.6597,55.2395,1.0
896,Volatile,9,77.337,65.0606,1.0
896,Volatile,10,65.4333,65.2262,1.0
896,Volatile,11,78.628,71.1826,1.0
896,Volatile,12,79.7576,74.9937,1.0
896,Volatile,13,48.8049,63.3542,1.0
896,Volatile,14,48.2046,56.6211,1.0
896,Volatile,15,65.4268,60.5347,1.0
896,Volatile,16,54.4976,57.8516,1.0
896,Volatile,17,52.3918,55.425,1.0
896,Volatile,18,100.0,75.2361,1.0
896,Volatile,19,39.3329,59.2791,1.0
896,Volatile,20,100.0,77.3773,1.0
897,Volatile,1,75.7775,75.7775,0.2
897,Volatile,2,89.7248,86.9353,0.4
897,Volatile,3,87.3667,87.2229,0.6
897,Volatile,4,82.3392,84.4322,0.8
897,Volatile,5,100.0,92.2161,1.0
897,Volatile,6,48.3517,72.7208,1.0
897,Volatile,7,66.8724,70.1215,1.0
897,Volatile,8,52.9431,62.4867,1.0
897,Volatile,9,36.0784,50.7497,1.0
897,Volatile,10,56.7752,53.4277,1.0
897,Volatile,11,100.0,74.1265,1.0
897,Volatile,12,66.5307,70.7506,1.0
897,Volatile,13,100.0,83.7503,1.0
897,Volatile,14,100.0,90.9724,1.0
897,Volatile,15,100.0,94.9847,1.0
897,Volatile,16,100.0,97.2137,1.0
897,Volatile,17,100.0,98.4521,1.0
897,Volatile,18,76.5034,88.6971,1.0
897,Volatile,19,74.5666,82.4168,1.0
897,Volatile,20,75.8968,79.519,1.0
898,Volatile,1,70.0012,70.0012,0.2
898,Volatile,2,72.9933,72.3949,0.4
898,Volatile,3,85.0437,80.8274,0.6
898,Volatile,4,60.6836,69.3167,0.8
898,Volatile,5,42.4475,55.8821,1.0
898,Volatile,6,77.2724,65.3889,1.0
898,Volatile,7,56.1439,61.28,1.0
898,Volatile,8,58.2145,59.9176,1.0
898,Volatile,9,67.1449,63.1297,1.0
898,Volatile,10,62.5571,62.8752,1.0
898,Volatile,11,92.2008,75.9088,1.0
898,Volatile,12,66.6652,71.8005,1.0
898,Volatile,13,93.209,81.3154,1.0
898,Volatile,14,74.1203,78.1176,1.0
898,Volatile,15,68.2294,73.7229,1.0
898,Volatile,16,73.1644,73.4747,1.0
898,Volatile,17,44.1674,60.4492,1.0
898,Volatile,18,76.7615,67.6991,1.0
898,Volatile,19,86.9838,76.2701,1.0
898,Volatile,20,89.817,82.2909,1.0
899,Volatile,1,42.9565,42.9565,0.2
899,Volatile,2,39.6204,40.2876,0.4
899,Volatile,3,59.2636,52.9383,0.6
899,Volatile,4,97.6932,78.5126,0.8
899,Volatile,5,74.4195,76.466,1.0
899,Volatile,6,54.5061,66.7061,1.0
899,Volatile,7,40.9412,55.255,1.0
899,Volatile,8,56.3202,55.7284,1.0
899,Volatile,9,54.969,55.3909,1.0
899,Volatile,10,88.7124,70.2004,1.0
899,Volatile,11,90.2509,79.1117,1.0
899,Volatile,12,49.002,65.7296,1.0
899,Volatile,13,85.0633,74.3224,1.0
899,Volatile,14,83.0151,78.1858,1.0
899,Volatile,15,46.4064,64.0616,1.0
899,Volatile,16,68.3236,65.9559,1.0
899,Volatile,17,76.8164,70.7828,1.0
899,Volatile,18,73.2647,71.8858,1.0
899,Volatile,19,35.7892,55.8429,1.0
899,Volatile,20,72.6236,63.301,1.0
900,Volatile,1,82.7253,82.7253,0.2
900,Volatile,2,100.0,96.5451,0.4
900,Volatile,3,56.6242,69.9311,0.6
900,Volatile,4,59.0909,63.7367,0.8
900,Volatile,5,65.8227,64.7797,1.0
900,Volatile,6,75.8243,69.6884,1.0
900,Volatile,7,71.9404,70.6893,1.0
900,Volatile,8,82.0862,75.7546,1.0
900,Volatile,9,47.4963,63.1953,1.0
900,Volatile,10,77.9371,69.7472,1.0
900,Volatile,11,55.1557,63.2621,1.0
900,Volatile,12,67.1333,64.9826,1.0
900,Volatile,13,100.0,80.5459,1.0
900,Volatile,14,42.0351,63.43,1.0
900,Volatile,15,64.4107,63.8659,1.0
900,Volatile,16,44.5071,55.262,1.0
900,Volatile,17,73.0614,63.1728,1.0
900,Volatile,18,90.9647,75.5247,1.0
900,Volatile,19,73.3931,74.5773,1.0
900,Volatile,20,67.6657,71.5055,1.0
901,Volatile,1,96.568,96.568,0.2
901,Volatile,2,76.61,80.6016,0.4
901,Volatile,3,86.3913,84.4614,0.6
901,Volatile,4,84.3051,84.3721,0.8
901,Volatile,5,12.4752,48.4237,1.0
901,Volatile,6,68.4666,57.3316,1.0
901,Volatile,7,48.4385,53.3791,1.0
901,Volatile,8,53.4137,53.3945,1.0
901,Volatile,9,99.4917,73.8821,1.0
901,Volatile,10,62.5039,68.8251,1.0
901,Volatile,11,100.0,82.6806,1.0
901,Volatile,12,41.8462,64.532,1.0
901,Volatile,13,48.3266,57.3296,1.0
901,Volatile,14,85.247,69.7373,1.0
901,Volatile,15,63.1726,66.8197,1.0
901,Volatile,16,76.1465,70.9649,1.0
901,Volatile,17,67.7539,69.5378,1.0
901,Volatile,18,67.1485,68.4759,1.0
901,Volatile,19,63.9153,66.4489,1.0
901,Volatile,20,73.5899,69.6227,1.0
902,Volatile,1,82.8328,82.8328,0.2
902,Volatile,2,100.0,96.5666,0.4
902,Volatile,3,65.9497,76.1554,0.6
902,Volatile,4,62.1272,68.1393,0.8
902,Volatile,5,59.5508,63.845,1.0
902,Volatile,6,99.3957,79.6453,1.0
902,Volatile,7,83.8065,81.4947,1.0
902,Volatile,8,32.0193,59.5057,1.0
902,Volatile,9,31.1376,46.8976,1.0
902,Volatile,10,53.3988,49.7871,1.0
902,Volatile,11,74.6029,60.8163,1.0
902,Volatile,12,69.3306,64.6004,1.0
902,Volatile,13,80.2956,71.5761,1.0
902,Volatile,14,66.4911,69.3161,1.0
902,Volatile,15,97.9484,82.0416,1.0
902,Volatile,16,85.4422,83.553,1.0
902,Volatile,17,71.5515,78.219,1.0
902,Volatile,18,92.9068,84.7469,1.0
902,Volatile,19,37.0219,63.5358,1.0
902,Volatile,20,68.2985,65.6525,1.0
903,Volatile,1,72.7502,72.7502,0.2
903,Volatile,2,82.0407,80.1826,0.4
903,Volatile,3,35.6967,50.5253,0.6
903,Volatile,4,64.7919,58.6776,0.8
903,Volatile,5,78.0092,68.3434,1.0
903,Volatile,6,79.5432,73.3211,1.0
903,Volatile,7,93.7226,82.3884,1.0
903,Volatile,8,85.2301,83.6514,1.0
903,Volatile,9,68.7831,77.0433,1.0
903,Volatile,10,83.4995,79.9127,1.0
903,Volatile,11,65.9727,73.7172,1.0
903,Volatile,12,72.9355,73.3697,1.0
903,Volatile,13,85.896,78.937,1.0
903,Volatile,14,69.094,74.5623,1.0
903,Volatile,15,77.2398,75.7523,1.0
903,Volatile,16,89.2262,81.7407,1.0
903,Volatile,17,84.2433,82.853,1.0
903,Volatile,18,94.6694,88.1047,1.0
903,Volatile,19,100.0,93.3915,1.0
903,Volatile,20,84.0586,89.2435,1.0
904,Volatile,1,60.7741,60.7741,0.2
904,Volatile,2,80.2365,76.344,0.4
904,Volatile,3,79.3764,78.3656,0.6
904,Volatile,4,82.2702,80.5968,0.8
904,Volatile,5,99.9003,90.2486,1.0
904,Volatile,6,36.3178,66.2793,1.0
904,Volatile,7,100.0,81.2663,1.0
904,Volatile,8,100.0,89.5924,1.0
904,Volatile,9,81.3614,85.9342,1.0
904,Volatile,10,81.8427,84.1157,1.0
904,Volatile,11,65.1671,75.6941,1.0
904,Volatile,12,70.1265,73.2196,1.0
904,Volatile,13,83.959,77.9927,1.0
904,Volatile,14,82.671,80.072,1.0
904,Volatile,15,84.4142,82.0018,1.0
904,Volatile,16,82.5334,82.2381,1.0
904,Volatile,17,87.9678,84.7846,1.0
904,Volatile,18,85.733,85.2061,1.0
904,Volatile,19,49.513,69.3425,1.0
904,Volatile,20,86.6454,77.0327,1.0
905,Volatile,1,100.0,100.0,0.2
905,Volatile,2,69.4675,75.574,0.4
905,Volatile,3,99.9896,91.8511,0.6
905,Volatile,4,51.6541,68.8814,0.8
905,Volatile,5,69.4047,69.1431,1.0
905,Volatile,6,57.1768,63.8247,1.0
905,Volatile,7,97.5844,78.829,1.0
905,Volatile,8,100.0,88.2384,1.0
905,Volatile,9,68.0161,79.2507,1.0
905,Volatile,10,93.4212,85.5487,1.0
905,Volatile,11,100.0,91.9715,1.0
905,Volatile,12,69.3416,81.9138,1.0
905,Volatile,13,72.595,77.7721,1.0
905,Volatile,14,84.6723,80.8389,1.0
905,Volatile,15,53.1492,68.5324,1.0
905,Volatile,16,72.202,70.1633,1.0
905,Volatile,17,100.0,83.4241,1.0
905,Volatile,18,59.9997,73.0132,1.0
905,Volatile,19,87.0765,79.2636,1.0
905,Volatile,20,80.4761,79.8025,1.0
906,Volatile,1,66.7247,66.7247,0.2
906,Volatile,2,74.4331,72.8914,0.4
906,Volatile,3,100.0,90.9638,0.6
906,Volatile,4,81.0719,85.3113,0.8
906,Volatile,5,84.1964,84.7538,1.0
906,Volatile,6,100.0,91.5299,1.0
906,Volatile,7,64.2118,79.3885,1.0
906,Volatile,8,49.0617,65.9099,1.0
906,Volatile,9,100.0,81.0611,1.0
906,Volatile,10,72.7304,77.3586,1.0
906,Volatile,11,87.872,82.0312,1.0
906,Volatile,12,54.7534,69.9077,1.0
906,Volatile,13,77.7705,73.4023,1.0
906,Volatile,14,48.0613,62.1397,1.0
906,Volatile,15,71.2748,66.1997,1.0
906,Volatile,16,57.0415,62.1294,1.0
906,Volatile,17,52.4469,57.8261,1.0
906,Volatile,18,63.9375,60.5423,1.0
906,Volatile,19,24.1322,44.36,1.0
906,Volatile,20,46.802,45.4453,1.0
907,Volatile,1,85.6483,85.6483,0.2
907,Volatile,2,76.9533,78.6923,0.4
907,Volatile,3,48.5163,58.5749,0.6
907,Volatile,4,80.9575,71.365,0.8
907,Volatile,5,52.4357,61.9003,1.0
907,Volatile,6,84.4393,71.9177,1.0
907,Volatile,7,67.6872,70.0375,1.0
907,Volatile,8,63.4975,67.1308,1.0
907,Volatile,9,68.1787,67.5966,1.0
907,Volatile,10,100.0,81.9981,1.0
907,Volatile,11,54.824,69.9207,1.0
907,Volatile,12,74.5312,71.9698,1.0
907,Volatile,13,85.6274,78.0398,1.0
907,Volatile,14,50.7517,65.9118,1.0
907,Volatile,15,38.1148,53.5576,1.0
907,Volatile,16,57.978,55.5222,1.0
907,Volatile,17,85.1893,68.7076,1.0
907,Volatile,18,63.1599,66.242,1.0
907,Volatile,19,65.3779,65.8579,1.0
907,Volatile,20,88.2154,75.7946,1.0
908,Volatile,1,53.8731,53.8731,0.2
908,Volatile,2,68.2249,65.3545,0.4
908,Volatile,3,39.7232,48.267,0.6
908,Volatile,4,76.4144,64.3512,0.8
908,Volatile,5,74.5901,69.4707,1.0
908,Volatile,6,85.9107,76.7774,1.0
908,Volatile,7,47.0949,63.5851,1.0
908,Volatile,8,66.1622,64.7305,1.0
908,Volatile,9,44.4306,55.7083,1.0
908,Volatile,10,65.0779,59.8726,1.0
908,Volatile,11,99.6358,77.5451,1.0
908,Volatile,12,63.5849,71.3406,1.0
908,Volatile,13,42.6816,58.6033,1.0
908,Volatile,14,56.4024,57.6251,1.0
908,Volatile,15,37.781,48.8055,1.0
908,Volatile,16,44.0845,46.7073,1.0
908,Volatile,17,83.4197,63.0239,1.0
908,Volatile,18,41.0743,53.2686,1.0
908,Volatile,19,76.2466,63.481,1.0
908,Volatile,20,70.5149,66.6072,1.0
909,Volatile,1,59.3694,59.3694,0.2
909,Volatile,2,74.547,71.5115,0.4
909,Volatile,3,51.2468,58.0017,0.6
909,Volatile,4,86.8169,74.4675,0.8
909,Volatile,5,56.0332,65.2504,1.0
909,Volatile,6,62.2727,63.9269,1.0
909,Volatile,7,59.893,62.1341,1.0
909,Volatile,8,83.7895,71.7587,1.0
909,Volatile,9,80.8889,75.8166,1.0
909,Volatile,10,17.566,49.9274,1.0
909,Volatile,11,75.0849,61.1085,1.0
909,Volatile,12,35.1081,49.5528,1.0
909,Volatile,13,63.1736,55.6065,1.0
909,Volatile,14,67.8365,61.042,1.0
909,Volatile,15,62.9588,61.894,1.0
909,Volatile,16,80.0164,69.9484,1.0
909,Volatile,17,84.4015,76.372,1.0
909,Volatile,18,54.5307,66.6647,1.0
909,Volatile,19,53.8041,60.9489,1.0
909,Volatile,20,69.2806,64.6519,1.0
910,Volatile,1,39.1254,39.1254,0.2
910,Volatile,2,60.4604,56.1934,0.4
910,Volatile,3,96.9616,83.3722,0.6
910,Volatile,4,39.874,58.5161,0.8
910,Volatile,5,63.1977,60.8569,1.0
910,Volatile,6,58.154,59.6556,1.0
910,Volatile,7,100.0,77.5864,1.0
910,Volatile,8,59.2428,69.4337,1.0
910,Volatile,9,60.4038,65.4204,1.0
910,Volatile,10,49.3847,58.2934,1.0
910,Volatile,11,70.1864,63.5792,1.0
910,Volatile,12,75.4033,68.8344,1.0
910,Volatile,13,52.2836,61.4785,1.0
910,Volatile,14,89.7745,74.0545,1.0
910,Volatile,15,75.4213,74.6619,1.0
910,Volatile,16,87.038,80.1624,1.0
910,Volatile,17,63.4373,72.729,1.0
910,Volatile,18,74.8637,73.6778,1.0
910,Volatile,19,65.7381,70.149,1.0
910,Volatile,20,99.1536,83.04,1.0
911,Volatile,1,72.3253,72.3253,0.2
911,Volatile,2,70.1751,70.6051,0.4
911,Volatile,3,60.8352,64.0918,0.6
911,Volatile,4,59.6807,61.5712,0.8
911,Volatile,5,74.7544,68.1628,1.0
911,Volatile,6,86.3917,76.2646,1.0
911,Volatile,7,56.3088,67.3954,1.0
911,Volatile,8,72.5316,69.6781,1.0
911,Volatile,9,73.6834,71.4582,1.0
911,Volatile,10,77.1673,73.9956,1.0
911,Volatile,11,35.8501,57.042,1.0
911,Volatile,12,51.5053,54.5813,1.0
911,Volatile,13,42.6831,49.2932,1.0
911,Volatile,14,70.6577,58.7885,1.0
911,Volatile,15,51.9805,55.7628,1.0
911,Volatile,16,60.0752,57.6794,1.0
911,Volatile,17,46.1144,52.5394,1.0
911,Volatile,18,61.9353,56.7153,1.0
911,Volatile,19,47.5179,52.6276,1.0
911,Volatile,20,85.1582,67.0856,1.0
912,Volatile,1,79.5846,79.5846,0.2
912,Volatile,2,73.0046,74.3206,0.4
912,Volatile,3,63.9612,67.4143,0.6
912,Volatile,4,29.2463,45.604,0.8
912,Volatile,5,60.8359,53.2199,1.0
912,Volatile,6,54.7709,53.9092,1.0
912,Volatile,7,74.9455,63.2587,1.0
912,Volatile,8,82.3941,71.7633,1.0
912,Volatile,9,76.4927,73.8653,1.0
912,Volatile,10,95.2608,83.3744,1.0
912,Volatile,11,58.6337,72.3785,1.0
912,Volatile,12,57.8045,65.9012,1.0
912,Volatile,13,90.7576,76.9485,1.0
912,Volatile,14,73.3243,75.3377,1.0
912,Volatile,15,65.06,70.7699,1.0
912,Volatile,16,100.0,83.761,1.0
912,Volatile,17,81.5546,82.7804,1.0
912,Volatile,18,66.1891,75.4065,1.0
912,Volatile,19,56.2811,66.9063,1.0
912,Volatile,20,96.5303,80.0725,1.0
913,Volatile,1,74.1399,74.1399,0.2
913,Volatile,2,70.4903,71.2203,0.4
913,Volatile,3,83.5255,79.4238,0.6
913,Volatile,4,87.6018,84.0969,0.8
913,Volatile,5,80.9974,82.5472,1.0
913,Volatile,6,87.6795,84.8282,1.0
913,Volatile,7,79.0275,82.2501,1.0
913,Volatile,8,81.0978,81.738,1.0
913,Volatile,9,55.3672,70.0176,1.0
913,Volatile,10,100.0,83.3431,1.0
913,Volatile,11,45.3265,66.4468,1.0
913,Volatile,12,76.1876,70.776,1.0
913,Volatile,13,43.2647,58.5488,1.0
913,Volatile,14,68.0374,62.7659,1.0
913,Volatile,15,58.5741,60.9029,1.0
913,Volatile,16,72.7151,66.1528,1.0
913,Volatile,17,76.8352,70.9005,1.0
913,Volatile,18,50.8733,61.9995,1.0
913,Volatile,19,69.4117,65.2938,1.0
913,Volatile,20,97.8735,79.7737,1.0
914,Volatile,1,43.7547,43.7547,0.2
914,Volatile,2,52.9189,51.0861,0.4
914,Volatile,3,87.2151,75.1721,0.6
914,Volatile,4,71.5511,73.103,0.8
914,Volatile,5,73.0231,73.063,1.0
914,Volatile,6,90.446,80.7888,1.0
914,Volatile,7,54.1186,68.9354,1.0
914,Volatile,8,59.6133,64.7922,1.0
914,Volatile,9,57.1472,61.3944,1.0
914,Volatile,10,63.0359,62.124,1.0
914,Volatile,11,96.7904,77.5313,1.0
914,Volatile,12,35.9784,59.0633,1.0
914,Volatile,13,46.1156,53.3088,1.0
914,Volatile,14,42.6863,48.5877,1.0
914,Volatile,15,98.0339,70.5638,1.0
914,Volatile,16,57.712,64.8519,1.0
914,Volatile,17,63.4665,64.2362,1.0
914,Volatile,18,37.7073,52.4456,1.0
914,Volatile,19,64.7523,57.9152,1.0
914,Volatile,20,87.3304,70.9886,1.0
915,Volatile,1,75.0591,75.0591,0.2
915,Volatile,2,67.8427,69.286,0.4
915,Volatile,3,38.7023,48.8969,0.6
915,Volatile,4,63.441,57.2078,0.8
915,Volatile,5,72.9383,65.073,1.0
915,Volatile,6,50.1635,58.4466,1.0
915,Volatile,7,83.0978,69.4027,1.0
915,Volatile,8,87.7014,77.5354,1.0
915,Volatile,9,59.427,69.4873,1.0
915,Volatile,10,84.5166,76.167,1.0
915,Volatile,11,67.8052,72.4506,1.0
915,Volatile,12,92.9428,81.5582,1.0
915,Volatile,13,100.0,89.7546,1.0
915,Volatile,14,48.1267,71.2533,1.0
915,Volatile,15,85.3897,77.5361,1.0
915,Volatile,16,96.0993,85.7864,1.0
915,Volatile,17,50.5864,70.142,1.0
915,Volatile,18,58.4976,64.9667,1.0
915,Volatile,19,58.2725,61.9915,1.0
915,Volatile,20,67.3444,64.3705,1.0
916,Volatile,1,62.8727,62.8727,0.2
916,Volatile,2,66.0343,65.402,0.4
916,Volatile,3,86.7598,79.6405,0.6
916,Volatile,4,32.0838,52.4652,0.8
916,Volatile,5,50.5221,51.4937,1.0
916,Volatile,6,83.3986,65.6736,1.0
916,Volatile,7,81.0555,72.51,1.0
916,Volatile,8,48.8292,61.9852,1.0
916,Volatile,9,81.194,70.5225,1.0
916,Volatile,10,96.5373,82.0846,1.0
916,Volatile,11,69.0195,76.2779,1.0
916,Volatile,12,49.8408,64.5281,1.0
916,Volatile,13,87.4991,74.7374,1.0
916,Volatile,14,100.0,85.9652,1.0
916,Volatile,15,52.2772,70.9928,1.0
916,Volatile,16,70.785,70.9004,1.0
916,Volatile,17,91.8031,80.1905,1.0
916,Volatile,18,72.3072,76.6868,1.0
916,Volatile,19,35.0541,58.1834,1.0
916,Volatile,20,78.8684,67.3767,1.0
917,Volatile,1,50.4238,50.4238,0.2
917,Volatile,2,44.5855,45.7532,0.4
917,Volatile,3,35.445,38.8811,0.6
917,Volatile,4,93.8081,70.268,0.8
917,Volatile,5,53.3058,61.7869,1.0
917,Volatile,6,76.6667,68.4001,1.0
917,Volatile,7,81.5791,74.2575,1.0
917,Volatile,8,73.2364,73.8036,1.0
917,Volatile,9,75.9314,74.7493,1.0
917,Volatile,10,77.621,76.0256,1.0
917,Volatile,11,72.762,74.5751,1.0
917,Volatile,12,54.7968,65.7847,1.0
917,Volatile,13,53.0133,60.1085,1.0
917,Volatile,14,67.9004,63.5716,1.0
917,Volatile,15,67.4767,65.3072,1.0
917,Volatile,16,78.5864,71.2091,1.0
917,Volatile,17,92.033,80.4641,1.0
917,Volatile,18,76.8781,78.8704,1.0
917,Volatile,19,53.7823,67.7201,1.0
917,Volatile,20,26.3769,49.3453,1.0
918,Volatile,1,54.6213,54.6213,0.2
918,Volatile,2,43.1102,45.4124,0.4
918,Volatile,3,55.3926,52.0658,0.6
918,Volatile,4,74.8455,65.0828,0.8
918,Volatile,5,71.6878,68.3853,1.0
918,Volatile,6,100.0,82.4363,1.0
918,Volatile,7,79.6616,81.2031,1.0
918,Volatile,8,100.0,89.5573,1.0
918,Volatile,9,84.3028,87.222,1.0
918,Volatile,10,91.7141,89.2185,1.0
918,Volatile,11,62.822,77.4867,1.0
918,Volatile,12,48.5098,64.6081,1.0
918,Volatile,13,61.0208,63.0137,1.0
918,Volatile,14,69.7626,66.0132,1.0
918,Volatile,15,57.4368,62.2015,1.0
918,Volatile,16,49.9772,56.7685,1.0
918,Volatile,17,78.3368,66.3544,1.0
918,Volatile,18,49.8921,59.0378,1.0
918,Volatile,19,39.3302,50.2788,1.0
918,Volatile,20,47.5583,49.0697,1.0
919,Volatile,1,65.3129,65.3129,0.2
919,Volatile,2,50.1816,53.2079,0.4
919,Volatile,3,65.4382,61.3614,0.6
919,Volatile,4,82.0089,73.16,0.8
919,Volatile,5,81.4889,77.3244,1.0
919,Volatile,6,56.7835,68.1951,1.0
919,Volatile,7,43.9212,57.4067,1.0
919,Volatile,8,58.4875,57.8871,1.0
919,Volatile,9,83.1129,69.0985,1.0
919,Volatile,10,87.7839,77.4032,1.0
919,Volatile,11,77.0578,77.2497,1.0
919,Volatile,12,94.0287,84.707,1.0
919,Volatile,13,100.0,91.5039,1.0
919,Volatile,14,60.3354,77.6513,1.0
919,Volatile,15,99.7313,87.4646,1.0
919,Volatile,16,64.789,77.3866,1.0
919,Volatile,17,90.397,83.169,1.0
919,Volatile,18,84.1714,83.6145,1.0
919,Volatile,19,30.4588,59.9898,1.0
919,Volatile,20,50.6755,55.8501,1.0
920,Volatile,1,45.5742,45.5742,0.2
920,Volatile,2,34.3591,36.6021,0.4
920,Volatile,3,87.5863,70.5916,0.6
920,Volatile,4,100.0,87.3964,0.8
920,Volatile,5,64.8465,76.1215,1.0
920,Volatile,6,87.0831,80.9933,1.0
920,Volatile,7,99.6925,89.3041,1.0
920,Volatile,8,74.1666,82.5763,1.0
920,Volatile,9,69.4937,76.7618,1.0
920,Volatile,10,65.0862,71.5727,1.0
920,Volatile,11,80.7512,75.652,1.0
920,Volatile,12,87.4939,80.9151,1.0
920,Volatile,13,79.2361,80.1689,1.0
920,Volatile,14,78.5493,79.449,1.0
920,Volatile,15,68.9759,74.7943,1.0
920,Volatile,16,38.1409,58.5039,1.0
920,Volatile,17,87.9543,71.593,1.0
920,Volatile,18,44.3075,59.4661,1.0
920,Volatile,19,82.3877,69.6535,1.0
920,Volatile,20,85.1147,76.5252,1.0
921,Volatile,1,47.1914,47.1914,0.2
921,Volatile,2,57.844,55.7135,0.4
921,Volatile,3,100.0,85.2378,0.6
921,Volatile,4,68.4104,75.6221,0.8
921,Volatile,5,45.5957,60.6089,1.0
921,Volatile,6,86.0176,71.9017,1.0
921,Volatile,7,54.5465,64.1883,1.0
921,Volatile,8,31.5895,49.6999,1.0
921,Volatile,9,80.3954,63.3424,1.0
921,Volatile,10,51.6676,58.1536,1.0
921,Volatile,11,76.4238,66.2737,1.0
921,Volatile,12,53.7462,60.7059,1.0
921,Volatile,13,84.1441,71.1229,1.0
921,Volatile,14,73.67,72.2549,1.0
921,Volatile,15,18.2158,48.2375,1.0
921,Volatile,16,77.6403,61.3054,1.0
921,Volatile,17,64.2054,62.5943,1.0
921,Volatile,18,98.3344,78.4788,1.0
921,Volatile,19,77.9042,78.2234,1.0
921,Volatile,20,85.1232,81.2899,1.0
922,Volatile,1,55.7892,55.7892,0.2
922,Volatile,2,54.1986,54.5168,0.4
922,Volatile,3,69.487,64.4969,0.6
922,Volatile,4,62.7877,63.5202,0.8
922,Volatile,5,96.7602,80.1402,1.0
922,Volatile,6,66.9336,74.2706,1.0
922,Volatile,7,45.5036,61.4853,1.0
922,Volatile,8,53.4484,57.9133,1.0
922,Volatile,9,89.301,71.8634,1.0
922,Volatile,10,66.6549,69.5485,1.0
922,Volatile,11,65.5858,67.7873,1.0
922,Volatile,12,91.2038,78.1946,1.0
922,Volatile,13,51.7047,66.4213,1.0
922,Volatile,14,25.2965,48.1436,1.0
922,Volatile,15,52.9427,50.2765,1.0
922,Volatile,16,74.8418,61.1944,1.0
922,Volatile,17,65.0098,62.8901,1.0
922,Volatile,18,38.7914,52.1796,1.0
922,Volatile,19,90.3212,69.1314,1.0
922,Volatile,20,73.2699,70.9708,1.0
923,Volatile,1,77.7803,77.7803,0.2
923,Volatile,2,78.3922,78.2698,0.4
923,Volatile,3,44.0295,55.443,0.6
923,Volatile,4,76.0576,67.2227,0.8
923,Volatile,5,88.1491,77.6859,1.0
923,Volatile,6,92.8062,84.406,1.0
923,Volatile,7,84.4253,84.4146,1.0
923,Volatile,8,80.2626,82.5693,1.0
923,Volatile,9,35.2516,61.5392,1.0
923,Volatile,10,69.7013,65.1668,1.0
923,Volatile,11,50.8685,58.812,1.0
923,Volatile,12,95.6434,75.1815,1.0
923,Volatile,13,92.6076,82.9264,1.0
923,Volatile,14,50.9894,68.7322,1.0
923,Volatile,15,69.0804,68.887,1.0
923,Volatile,16,74.9702,71.5906,1.0
923,Volatile,17,88.0158,78.8907,1.0
923,Volatile,18,36.4876,60.0449,1.0
923,Volatile,19,25.8076,44.8283,1.0
923,Volatile,20,70.763,56.3548,1.0
924,Volatile,1,19.3717,19.3717,0.2
924,Volatile,2,73.1714,62.4115,0.4
924,Volatile,3,81.8442,75.3666,0.6
924,Volatile,4,94.7216,86.4266,0.8
924,Volatile,5,57.5486,71.9876,1.0
924,Volatile,6,73.2236,72.537,1.0
924,Volatile,7,83.0302,77.2006,1.0
924,Volatile,8,46.4856,63.5495,1.0
924,Volatile,9,88.307,74.5528,1.0
924,Volatile,10,75.4868,74.9679,1.0
924,Volatile,11,57.8911,67.3782,1.0
924,Volatile,12,72.8276,69.8002,1.0
924,Volatile,13,67.2133,68.6505,1.0
924,Volatile,14,85.6015,76.1842,1.0
924,Volatile,15,62.7908,70.2316,1.0
924,Volatile,16,74.5418,72.1472,1.0
924,Volatile,17,57.5814,65.6735,1.0
924,Volatile,18,51.2431,59.26,1.0
924,Volatile,19,73.4307,65.5581,1.0
924,Volatile,20,52.0646,59.561,1.0
925,Volatile,1,86.0116,86.0116,0.2
925,Volatile,2,81.8447,82.678,0.4
925,Volatile,3,54.6977,64.0245,0.6
925,Volatile,4,74.2756,69.8823,0.8
925,Volatile,5,54.606,62.2441,1.0
925,Volatile,6,37.9137,51.4306,1.0
925,Volatile,7,58.0555,54.375,1.0
925,Volatile,8,68.9937,60.8722,1.0
925,Volatile,9,80.4282,69.5637,1.0
925,Volatile,10,72.9896,71.0863,1.0
925,Volatile,11,88.1535,78.6717,1.0
925,Volatile,12,50.3767,66.0962,1.0
925,Volatile,13,62.466,64.4828,1.0
925,Volatile,14,100.0,80.2682,1.0
925,Volatile,15,31.3784,58.5394,1.0
925,Volatile,16,60.9609,59.6156,1.0
925,Volatile,17,48.5701,54.7065,1.0
925,Volatile,18,66.092,59.7667,1.0
925,Volatile,19,61.3111,60.4531,1.0
925,Volatile,20,82.0431,70.0487,1.0
926,Volatile,1,75.1104,75.1104,0.2
926,Volatile,2,43.8876,50.1322,0.4
926,Volatile,3,58.2368,55.5352,0.6
926,Volatile,4,69.9977,63.7995,0.8
926,Volatile,5,84.7876,74.2935,1.0
926,Volatile,6,100.0,85.7186,1.0
926,Volatile,7,84.0559,84.9797,1.0
926,Volatile,8,49.75,69.322,1.0
926,Volatile,9,68.1231,68.7892,1.0
926,Volatile,10,73.6195,70.936,1.0
926,Volatile,11,59.6122,65.9032,1.0
926,Volatile,12,79.4052,71.9041,1.0
926,Volatile,13,24.5725,50.8678,1.0
926,Volatile,14,81.063,64.2879,1.0
926,Volatile,15,60.4723,62.592,1.0
926,Volatile,16,67.8059,64.9093,1.0
926,Volatile,17,99.3145,80.2005,1.0
926,Volatile,18,44.7697,64.4535,1.0
926,Volatile,19,75.4544,69.3428,1.0
926,Volatile,20,85.8784,76.6919,1.0
927,Volatile,1,73.4067,73.4067,0.2
927,Volatile,2,37.7162,44.8543,0.4
927,Volatile,3,97.0079,79.6234,0.6
927,Volatile,4,65.7729,71.7088,0.8
927,Volatile,5,59.4492,65.579,1.0
927,Volatile,6,63.7903,64.784,1.0
927,Volatile,7,62.3571,63.7054,1.0
927,Volatile,8,46.1964,55.9236,1.0
927,Volatile,9,73.299,63.646,1.0
927,Volatile,10,58.0553,61.1613,1.0
927,Volatile,11,83.4178,71.053,1.0
927,Volatile,12,80.3519,75.1859,1.0
927,Volatile,13,100.0,86.2144,1.0
927,Volatile,14,65.7673,77.1268,1.0
927,Volatile,15,53.935,66.8193,1.0
927,Volatile,16,40.6052,55.1686,1.0
927,Volatile,17,100.0,75.0937,1.0
927,Volatile,18,83.2422,78.7152,1.0
927,Volatile,19,56.1516,68.6869,1.0
927,Volatile,20,100.0,82.6039,1.0
928,Volatile,1,97.1232,97.1232,0.2
928,Volatile,2,42.9744,53.8042,0.4
928,Volatile,3,54.9305,54.5551,0.6
928,Volatile,4,67.3535,61.8685,0.8
928,Volatile,5,48.5983,55.2334,1.0
928,Volatile,6,68.0684,60.9378,1.0
928,Volatile,7,84.2392,71.294,1.0
928,Volatile,8,42.5348,58.5121,1.0
928,Volatile,9,75.86,66.2223,1.0
928,Volatile,10,93.37,78.2879,1.0
928,Volatile,11,78.0044,78.1619,1.0
928,Volatile,12,68.4877,73.8623,1.0
928,Volatile,13,56.638,66.207,1.0
928,Volatile,14,86.6168,75.278,1.0
928,Volatile,15,46.4616,62.4707,1.0
928,Volatile,16,74.8558,67.9752,1.0
928,Volatile,17,70.5103,69.1019,1.0
928,Volatile,18,92.5122,79.5065,1.0
928,Volatile,19,58.345,70.1014,1.0
928,Volatile,20,60.0453,65.632,1.0
929,Volatile,1,45.1627,45.1627,0.2
929,Volatile,2,78.7457,72.0291,0.4
929,Volatile,3,61.5237,65.0255,0.6
929,Volatile,4,52.7585,58.0158,0.8
929,Volatile,5,54.6637,56.3397,1.0
929,Volatile,6,80.7421,67.1852,1.0
929,Volatile,7,47.9408,58.6321,1.0
929,Volatile,8,49.7167,54.6697,1.0
929,Volatile,9,87.9272,69.4508,1.0
929,Volatile,10,66.6776,68.2183,1.0
929,Volatile,11,89.1089,77.503,1.0
929,Volatile,12,62.8129,70.9741,1.0
929,Volatile,13,69.9775,70.5311,1.0
929,Volatile,14,73.126,71.6844,1.0
929,Volatile,15,97.7457,83.2672,1.0
929,Volatile,16,96.1175,88.9784,1.0
929,Volatile,17,93.0647,90.7946,1.0
929,Volatile,18,57.4236,75.963,1.0
929,Volatile,19,50.2634,64.541,1.0
929,Volatile,20,85.2158,73.7298,1.0
930,Volatile,1,97.5352,97.5352,0.2
930,Volatile,2,93.2564,94.1121,0.4
930,Volatile,3,70.261,78.2114,0.6
930,Volatile,4,84.5562,81.837,0.8
930,Volatile,5,84.9078,83.3724,1.0
930,Volatile,6,72.9789,78.753,1.0
930,Volatile,7,73.8475,76.5728,1.0
930,Volatile,8,71.9639,74.5244,1.0
930,Volatile,9,54.2381,65.5082,1.0
930,Volatile,10,56.279,61.4063,1.0
930,Volatile,11,55.9702,58.9903,1.0
930,Volatile,12,38.0153,49.668,1.0
930,Volatile,13,72.8572,59.9743,1.0
930,Volatile,14,69.1885,64.0695,1.0
930,Volatile,15,85.2393,73.4783,1.0
930,Volatile,16,95.2143,83.1388,1.0
930,Volatile,17,96.4859,89.0708,1.0
930,Volatile,18,98.3693,93.2035,1.0
930,Volatile,19,54.8584,76.1612,1.0
930,Volatile,20,41.3608,60.6944,1.0
931,Volatile,1,88.6149,88.6149,0.2
931,Volatile,2,97.6427,95.8371,0.4
931,Volatile,3,100.0,98.6124,0.6
931,Volatile,4,79.6999,87.8053,0.8
931,Volatile,5,30.0659,58.9356,1.0
931,Volatile,6,77.3122,67.103,1.0
931,Volatile,7,81.1088,73.3278,1.0
931,Volatile,8,95.0415,82.9783,1.0
931,Volatile,9,98.5926,89.918,1.0
931,Volatile,10,88.1927,89.1512,1.0
931,Volatile,11,58.2544,75.4193,1.0
931,Volatile,12,49.4177,63.863,1.0
931,Volatile,13,80.6792,71.3369,1.0
931,Volatile,14,54.1517,63.699,1.0
931,Volatile,15,99.5027,79.6118,1.0
931,Volatile,16,35.9088,60.1882,1.0
931,Volatile,17,81.3377,69.588,1.0
931,Volatile,18,76.3907,72.6114,1.0
931,Volatile,19,65.8647,69.6129,1.0
931,Volatile,20,51.4977,61.5617,1.0
932,Volatile,1,28.7645,28.7645,0.2
932,Volatile,2,59.3714,53.25,0.4
932,Volatile,3,59.7223,57.5649,0.6
932,Volatile,4,92.2347,77.3762,0.8
932,Volatile,5,54.3429,65.8596,1.0
932,Volatile,6,79.0554,71.7244,1.0
932,Volatile,7,44.1552,59.4714,1.0
932,Volatile,8,79.605,68.4197,1.0
932,Volatile,9,25.246,49.2314,1.0
932,Volatile,10,100.0,71.7952,1.0
932,Volatile,11,67.1786,69.7434,1.0
932,Volatile,12,14.11,45.0174,1.0
932,Volatile,13,55.645,49.7408,1.0
932,Volatile,14,52.4868,50.9612,1.0
932,Volatile,15,56.8836,53.5934,1.0
932,Volatile,16,62.7072,57.644,1.0
932,Volatile,17,56.7477,57.2456,1.0
932,Volatile,18,53.6718,55.6572,1.0
932,Volatile,19,46.8263,51.7324,1.0
932,Volatile,20,86.4358,67.1561,1.0
933,Volatile,1,94.0227,94.0227,0.2
933,Volatile,2,64.9085,70.7314,0.4
933,Volatile,3,69.6473,70.0086,0.6
933,Volatile,4,47.4734,57.1313,0.8
933,Volatile,5,71.4204,64.2759,1.0
933,Volatile,6,74.5993,68.8641,1.0
933,Volatile,7,65.612,67.4187,1.0
933,Volatile,8,77.9215,72.0866,1.0
933,Volatile,9,76.1742,73.9033,1.0
933,Volatile,10,48.9172,62.7984,1.0
933,Volatile,11,93.861,76.604,1.0
933,Volatile,12,65.8471,71.8231,1.0
933,Volatile,13,100.0,84.3462,1.0
933,Volatile,14,78.4084,81.7072,1.0
933,Volatile,15,100.0,89.8373,1.0
933,Volatile,16,93.5054,91.4676,1.0
933,Volatile,17,74.5438,83.9459,1.0
933,Volatile,18,55.5379,71.3201,1.0
933,Volatile,19,55.9687,64.4972,1.0
933,Volatile,20,80.6607,71.681,1.0
934,Volatile,1,72.8625,72.8625,0.2
934,Volatile,2,58.2195,61.1481,0.4
934,Volatile,3,86.6612,78.1568,0.6
934,Volatile,4,70.7754,73.9389,0.8
934,Volatile,5,86.7802,80.3595,1.0
934,Volatile,6,50.4906,67.0845,1.0
934,Volatile,7,89.9894,77.2644,1.0
934,Volatile,8,80.0199,78.4891,1.0
934,Volatile,9,93.9514,85.3612,1.0
934,Volatile,10,89.5486,87.2223,1.0
934,Volatile,11,68.3009,78.8128,1.0
934,Volatile,12,66.6925,73.426,1.0
934,Volatile,13,100.0,85.2367,1.0
934,Volatile,14,64.1886,75.882,1.0
934,Volatile,15,84.9687,79.9205,1.0
934,Volatile,16,62.3723,72.1213,1.0
934,Volatile,17,32.7623,54.6284,1.0
934,Volatile,18,45.4532,50.5506,1.0
934,Volatile,19,78.1184,62.8029,1.0
934,Volatile,20,84.0226,72.2339,1.0
935,Volatile,1,78.1843,78.1843,0.2
935,Volatile,2,92.919,89.972,0.4
935,Volatile,3,77.8252,81.8742,0.6
935,Volatile,4,54.4953,66.2291,0.8
935,Volatile,5,81.886,74.0576,1.0
935,Volatile,6,73.3922,73.7618,1.0
935,Volatile,7,58.4888,66.9738,1.0
935,Volatile,8,79.4504,72.519,1.0
935,Volatile,9,71.5874,72.1049,1.0
935,Volatile,10,57.9,65.7916,1.0
935,Volatile,11,66.4427,66.081,1.0
935,Volatile,12,98.2713,80.3878,1.0
935,Volatile,13,97.6178,88.0456,1.0
935,Volatile,14,73.7629,81.6977,1.0
935,Volatile,15,71.1453,77.0078,1.0
935,Volatile,16,41.3391,61.155,1.0
935,Volatile,17,100.0,78.4195,1.0
935,Volatile,18,90.7268,83.8894,1.0
935,Volatile,19,85.039,84.4003,1.0
935,Volatile,20,24.5054,57.7804,1.0
936,Volatile,1,70.8185,70.8185,0.2
936,Volatile,2,67.4574,68.1296,0.4
936,Volatile,3,83.6563,78.4807,0.6
936,Volatile,4,60.9794,68.48,0.8
936,Volatile,5,65.3658,66.9229,1.0
936,Volatile,6,82.3883,73.7964,1.0
936,Volatile,7,54.5284,65.2328,1.0
936,Volatile,8,58.5191,62.249,1.0
936,Volatile,9,73.8665,67.4123,1.0
936,Volatile,10,96.7697,80.4601,1.0
936,Volatile,11,86.1694,82.9975,1.0
936,Volatile,12,91.5081,86.78,1.0
936,Volatile,13,71.2663,79.885,1.0
936,Volatile,14,99.9016,88.7813,1.0
936,Volatile,15,35.1764,64.9569,1.0
936,Volatile,16,100.0,80.5316,1.0
936,Volatile,17,100.0,89.1842,1.0
936,Volatile,18,79.1323,84.7167,1.0
936,Volatile,19,86.6453,85.5738,1.0
936,Volatile,20,69.24,78.3144,1.0
937,Volatile,1,65.8086,65.8086,0.2
937,Volatile,2,57.7826,59.3878,0.4
937,Volatile,3,69.0198,65.8091,0.6
937,Volatile,4,81.1187,74.5574,0.8
937,Volatile,5,78.3977,76.4776,1.0
937,Volatile,6,100.0,86.932,1.0
937,Volatile,7,72.0055,80.298,1.0
937,Volatile,8,40.2234,62.4871,1.0
937,Volatile,9,100.0,79.1595,1.0
937,Volatile,10,45.5809,64.2357,1.0
937,Volatile,11,58.8122,61.8252,1.0
937,Volatile,12,75.4349,67.874,1.0
937,Volatile,13,78.3435,72.5271,1.0
937,Volatile,14,41.0912,58.5556,1.0
937,Volatile,15,55.0706,57.0067,1.0
937,Volatile,16,40.3844,49.619,1.0
937,Volatile,17,82.4343,64.2036,1.0
937,Volatile,18,93.6676,77.2987,1.0
937,Volatile,19,45.5632,63.194,1.0
937,Volatile,20,89.9132,75.0692,1.0
938,Volatile,1,88.6156,88.6156,0.2
938,Volatile,2,56.8186,63.178,0.4
938,Volatile,3,30.3484,41.2916,0.6
938,Volatile,4,48.5749,45.4535,0.8
938,Volatile,5,58.0948,51.7742,1.0
938,Volatile,6,100.0,73.2079,1.0
938,Volatile,7,67.6339,70.7306,1.0
938,Volatile,8,49.8634,61.4563,1.0
938,Volatile,9,72.957,66.5677,1.0
938,Volatile,10,44.093,56.579,1.0
938,Volatile,11,80.2868,67.1158,1.0
938,Volatile,12,50.4467,59.7073,1.0
938,Volatile,13,53.3495,56.8816,1.0
938,Volatile,14,77.5098,66.0497,1.0
938,Volatile,15,100.0,81.1387,1.0
938,Volatile,16,100.0,89.5215,1.0
938,Volatile,17,49.2027,71.602,1.0
938,Volatile,18,58.0679,65.5869,1.0
938,Volatile,19,80.3106,72.1308,1.0
938,Volatile,20,93.3758,81.573,1.0
939,Volatile,1,26.7183,26.7183,0.2
939,Volatile,2,71.7467,62.7411,0.4
939,Volatile,3,60.2571,61.0851,0.6
939,Volatile,4,31.5196,44.1905,0.8
939,Volatile,5,43.2566,43.7236,1.0
939,Volatile,6,58.6445,50.3551,1.0
939,Volatile,7,71.1763,59.609,1.0
939,Volatile,8,90.1621,73.1881,1.0
939,Volatile,9,77.087,74.9209,1.0
939,Volatile,10,88.9508,81.1564,1.0
939,Volatile,11,70.5345,76.4356,1.0
939,Volatile,12,55.9011,67.3091,1.0
939,Volatile,13,66.325,66.8717,1.0
939,Volatile,14,83.9103,74.4445,1.0
939,Volatile,15,90.6512,81.6475,1.0
939,Volatile,16,67.0425,75.1564,1.0
939,Volatile,17,51.4177,64.6059,1.0
939,Volatile,18,76.7132,69.9869,1.0
939,Volatile,19,79.5596,74.2414,1.0
939,Volatile,20,94.6544,83.3139,1.0
940,Volatile,1,56.4247,56.4247,0.2
940,Volatile,2,56.6441,56.6002,0.4
940,Volatile,3,85.1232,75.6155,0.6
940,Volatile,4,61.8513,67.7503,0.8
940,Volatile,5,61.0063,64.3783,1.0
940,Volatile,6,95.0828,78.0247,1.0
940,Volatile,7,42.5799,62.2715,1.0
940,Volatile,8,100.0,79.0397,1.0
940,Volatile,9,57.7473,69.5764,1.0
940,Volatile,10,87.3346,77.4689,1.0
940,Volatile,11,67.824,73.1823,1.0
940,Volatile,12,75.4272,74.1801,1.0
940,Volatile,13,64.7443,69.9864,1.0
940,Volatile,14,87.1315,77.6064,1.0
940,Volatile,15,63.0535,71.1385,1.0
940,Volatile,16,58.5411,65.5396,1.0
940,Volatile,17,100.0,80.8554,1.0
940,Volatile,18,70.5877,76.2919,1.0
940,Volatile,19,56.4861,67.4893,1.0
940,Volatile,20,40.1943,55.3582,1.0
941,Volatile,1,100.0,100.0,0.2
941,Volatile,2,58.9615,67.1692,0.4
941,Volatile,3,100.0,89.0564,0.6
941,Volatile,4,77.9771,82.7254,0.8
941,Volatile,5,72.8577,77.7915,1.0
941,Volatile,6,73.3969,75.8384,1.0
941,Volatile,7,100.0,86.5769,1.0
941,Volatile,8,26.1556,59.723,1.0
941,Volatile,9,74.2868,66.1958,1.0
941,Volatile,10,64.6959,65.5292,1.0
941,Volatile,11,65.7381,65.6221,1.0
941,Volatile,12,72.9862,68.895,1.0
941,Volatile,13,64.6749,67.0194,1.0
941,Volatile,14,73.7626,70.0164,1.0
941,Volatile,15,69.5285,69.7995,1.0
941,Volatile,16,43.7288,58.2126,1.0
941,Volatile,17,77.6273,66.8413,1.0
941,Volatile,18,84.3211,74.6101,1.0
941,Volatile,19,59.1587,67.7428,1.0
941,Volatile,20,100.0,82.0793,1.0
942,Volatile,1,96.7114,96.7114,0.2
942,Volatile,2,86.879,88.8455,0.4
942,Volatile,3,86.6364,87.3728,0.6
942,Volatile,4,70.6019,77.7894,0.8
942,Volatile,5,92.8274,85.3084,1.0
942,Volatile,6,100.0,91.838,1.0
942,Volatile,7,86.1605,89.3147,1.0
942,Volatile,8,58.5943,75.6612,1.0
942,Volatile,9,69.2064,72.7924,1.0
942,Volatile,10,81.4734,76.6506,1.0
942,Volatile,11,86.7549,81.1414,1.0
942,Volatile,12,68.4505,75.501,1.0
942,Volatile,13,58.6638,68.0178,1.0
942,Volatile,14,100.0,82.2321,1.0
942,Volatile,15,48.5536,67.2639,1.0
942,Volatile,16,51.1734,60.1125,1.0
942,Volatile,17,43.4574,52.7103,1.0
942,Volatile,18,51.129,52.0075,1.0
942,Volatile,19,94.9469,71.0917,1.0
942,Volatile,20,95.6167,81.9917,1.0
943,Volatile,1,68.5191,68.5191,0.2
943,Volatile,2,79.9263,77.6448,0.4
943,Volatile,3,69.7899,72.4082,0.6
943,Volatile,4,46.1605,57.4095,0.8
943,Volatile,5,100.0,78.7048,1.0
943,Volatile,6,97.4948,87.0559,1.0
943,Volatile,7,77.0884,82.6259,1.0
943,Volatile,8,52.8822,69.4065,1.0
943,Volatile,9,65.5013,67.6708,1.0
943,Volatile,10,56.1515,62.5511,1.0
943,Volatile,11,71.9516,66.7291,1.0
943,Volatile,12,76.1985,70.9377,1.0
943,Volatile,13,63.1775,67.4887,1.0
943,Volatile,14,40.9117,55.6767,1.0
943,Volatile,15,100.0,75.376,1.0
943,Volatile,16,74.7505,75.098,1.0
943,Volatile,17,79.1318,76.8908,1.0
943,Volatile,18,61.5518,70.0735,1.0
943,Volatile,19,38.7598,56.1563,1.0
943,Volatile,20,68.334,61.5686,1.0
944,Volatile,1,63.5356,63.5356,0.2
944,Volatile,2,84.1907,80.0597,0.4
944,Volatile,3,88.1216,85.4343,0.6
944,Volatile,4,85.3006,85.3579,0.8
944,Volatile,5,89.7654,87.5617,1.0
944,Volatile,6,100.0,93.0898,1.0
944,Volatile,7,77.797,86.293,1.0
944,Volatile,8,91.9843,88.8225,1.0
944,Volatile,9,79.8772,84.8468,1.0
944,Volatile,10,31.9993,61.359,1.0
944,Volatile,11,66.9096,63.8259,1.0
944,Volatile,12,52.6458,58.857,1.0
944,Volatile,13,74.6287,65.8666,1.0
944,Volatile,14,54.1798,60.6725,1.0
944,Volatile,15,82.1136,70.2019,1.0
944,Volatile,16,89.6206,78.8324,1.0
944,Volatile,17,94.0714,85.6053,1.0
944,Volatile,18,100.0,92.0029,1.0
944,Volatile,19,36.4795,67.3259,1.0
944,Volatile,20,46.02,57.8566,1.0
945,Volatile,1,100.0,100.0,0.2
945,Volatile,2,90.1905,92.1524,0.4
945,Volatile,3,74.489,80.3768,0.6
945,Volatile,4,70.6408,74.8133,0.8
945,Volatile,5,68.8628,71.8381,1.0
945,Volatile,6,31.3251,53.8323,1.0
945,Volatile,7,54.5534,54.1528,1.0
945,Volatile,8,67.763,60.2018,1.0
945,Volatile,9,55.6828,58.1934,1.0
945,Volatile,10,58.2973,58.2395,1.0
945,Volatile,11,100.0,76.7997,1.0
945,Volatile,12,64.9669,71.5407,1.0
945,Volatile,13,75.5624,73.3281,1.0
945,Volatile,14,74.8507,74.0048,1.0
945,Volatile,15,81.7892,77.4646,1.0
945,Volatile,16,60.4543,69.9045,1.0
945,Volatile,17,94.9396,81.0312,1.0
945,Volatile,18,78.8712,80.0712,1.0
945,Volatile,19,44.2567,64.1537,1.0
945,Volatile,20,67.8499,65.7964,1.0
946,Volatile,1,66.557,66.557,0.2
946,Volatile,2,65.6367,65.8208,0.4
946,Volatile,3,80.1859,75.3975,0.6
946,Volatile,4,82.6945,79.5672,0.8
946,Volatile,5,80.3331,79.9501,1.0
946,Volatile,6,76.7783,78.5404,1.0
946,Volatile,7,71.7128,75.5059,1.0
946,Volatile,8,26.9759,53.937,1.0
946,Volatile,9,85.5579,67.9907,1.0
946,Volatile,10,79.7671,73.2247,1.0
946,Volatile,11,50.3048,63.038,1.0
946,Volatile,12,75.6116,68.6263,1.0
946,Volatile,13,82.9588,74.9963,1.0
946,Volatile,14,93.4249,83.1868,1.0
946,Volatile,15,80.206,81.862,1.0
946,Volatile,16,76.432,79.4487,1.0
946,Volatile,17,88.9354,83.665,1.0
946,Volatile,18,63.8692,74.8669,1.0
946,Volatile,19,78.2401,76.3661,1.0
946,Volatile,20,57.5777,68.0157,1.0
947,Volatile,1,92.2059,92.2059,0.2
947,Volatile,2,37.8058,48.6858,0.4
947,Volatile,3,86.3347,73.7851,0.6
947,Volatile,4,70.3542,71.8246,0.8
947,Volatile,5,89.3077,80.5662,1.0
947,Volatile,6,54.3891,68.9319,1.0
947,Volatile,7,71.7997,70.2065,1.0
947,Volatile,8,71.2126,70.6536,1.0
947,Volatile,9,78.6777,74.2199,1.0
947,Volatile,10,49.0488,63.0327,1.0
947,Volatile,11,82.7243,71.7845,1.0
947,Volatile,12,33.0821,54.5835,1.0
947,Volatile,13,56.6432,55.4989,1.0
947,Volatile,14,38.7454,48.0529,1.0
947,Volatile,15,86.5644,65.1691,1.0
947,Volatile,16,78.0026,70.8729,1.0
947,Volatile,17,79.1208,74.5386,1.0
947,Volatile,18,99.4638,85.6165,1.0
947,Volatile,19,63.6812,75.8674,1.0
947,Volatile,20,82.1917,78.6782,1.0
948,Volatile,1,71.3204,71.3204,0.2
948,Volatile,2,68.2753,68.8843,0.4
948,Volatile,3,96.1325,87.0498,0.6
948,Volatile,4,100.0,94.4499,0.8
948,Volatile,5,61.3707,77.9103,1.0
948,Volatile,6,86.6744,81.8054,1.0
948,Volatile,7,76.3823,79.3952,1.0
948,Volatile,8,76.6222,78.1628,1.0
948,Volatile,9,74.9436,76.732,1.0
948,Volatile,10,63.3384,70.7793,1.0
948,Volatile,11,0.0,39.3218,1.0
948,Volatile,12,100.0,66.2899,1.0
948,Volatile,13,56.1053,61.7634,1.0
948,Volatile,14,65.1689,63.277,1.0
948,Volatile,15,65.5941,64.3068,1.0
948,Volatile,16,54.3239,59.87,1.0
948,Volatile,17,74.8048,66.5077,1.0
948,Volatile,18,69.1138,67.6659,1.0
948,Volatile,19,55.6693,62.3341,1.0
948,Volatile,20,72.986,67.0683,1.0
949,Volatile,1,69.3391,69.3391,0.2
949,Volatile,2,88.5568,84.7132,0.4
949,Volatile,3,43.1923,57.0326,0.6
949,Volatile,4,53.8922,55.2381,0.8
949,Volatile,5,84.506,69.872,1.0
949,Volatile,6,57.2051,64.2423,1.0
949,Volatile,7,51.932,58.771,1.0
949,Volatile,8,58.1942,58.5147,1.0
949,Volatile,9,67.9804,62.7217,1.0
949,Volatile,10,68.0564,65.0927,1.0
949,Volatile,11,65.8008,65.4074,1.0
949,Volatile,12,49.4287,58.3058,1.0
949,Volatile,13,85.4632,70.3757,1.0
949,Volatile,14,96.5244,81.9974,1.0
949,Volatile,15,31.7914,59.6836,1.0
949,Volatile,16,38.9292,50.4594,1.0
949,Volatile,17,90.0571,68.0584,1.0
949,Volatile,18,100.0,82.2547,1.0
949,Volatile,19,27.4164,57.8821,1.0
949,Volatile,20,86.3087,70.5162,1.0
950,Volatile,1,100.0,100.0,0.2
950,Volatile,2,52.7518,62.2014,0.4
950,Volatile,3,100.0,87.4005,0.6
950,Volatile,4,66.4401,75.4231,0.8
950,Volatile,5,76.2927,75.8579,1.0
950,Volatile,6,55.6153,66.8612,1.0
950,Volatile,7,90.0206,77.1543,1.0
950,Volatile,8,86.689,81.3919,1.0
950,Volatile,9,100.0,89.6622,1.0
950,Volatile,10,98.8121,93.7288,1.0
950,Volatile,11,69.817,83.1014,1.0
950,Volatile,12,100.0,90.6119,1.0
950,Volatile,13,97.0159,93.4581,1.0
950,Volatile,14,80.8103,87.8369,1.0
950,Volatile,15,50.0569,71.0458,1.0
950,Volatile,16,39.3993,56.9807,1.0
950,Volatile,17,41.0994,49.9224,1.0
950,Volatile,18,51.3267,50.5465,1.0
950,Volatile,19,97.5461,71.4352,1.0
950,Volatile,20,79.7418,75.127,1.0
951,Volatile,1,57.7325,57.7325,0.2
951,Volatile,2,67.2826,65.3726,0.4
951,Volatile,3,64.8451,65.0209,0.6
951,Volatile,4,86.001,77.0095,0.8
951,Volatile,5,52.424,64.7168,1.0
951,Volatile,6,76.9937,70.1732,1.0
951,Volatile,7,76.0017,72.7637,1.0
951,Volatile,8,53.0226,63.9899,1.0
951,Volatile,9,100.0,79.9944,1.0
951,Volatile,10,64.0886,72.9251,1.0
951,Volatile,11,50.145,62.8006,1.0
951,Volatile,12,87.0576,73.5815,1.0
951,Volatile,13,71.0899,72.4741,1.0
951,Volatile,14,78.1686,75.005,1.0
951,Volatile,15,46.3064,62.2501,1.0
951,Volatile,16,86.2483,72.916,1.0
951,Volatile,17,100.0,84.9533,1.0
951,Volatile,18,44.7433,67.0822,1.0
951,Volatile,19,77.0842,71.5275,1.0
951,Volatile,20,54.2938,63.8681,1.0
952,Volatile,1,100.0,100.0,0.2
952,Volatile,2,94.7926,95.8341,0.4
952,Volatile,3,75.6421,82.3728,0.6
952,Volatile,4,45.4427,61.2699,0.8
952,Volatile,5,50.2789,55.7744,1.0
952,Volatile,6,84.9255,68.7304,1.0
952,Volatile,7,42.7502,57.1836,1.0
952,Volatile,8,43.3777,51.0477,1.0
952,Volatile,9,70.1766,59.5494,1.0
952,Volatile,10,72.6683,65.3801,1.0
952,Volatile,11,77.6006,70.8114,1.0
952,Volatile,12,61.2095,66.5439,1.0
952,Volatile,13,88.4029,76.259,1.0
952,Volatile,14,52.7637,65.8167,1.0
952,Volatile,15,82.5329,73.2461,1.0
952,Volatile,16,74.2824,73.7067,1.0
952,Volatile,17,82.013,77.3984,1.0
952,Volatile,18,93.64,84.6169,1.0
952,Volatile,19,60.8934,74.0731,1.0
952,Volatile,20,56.7784,66.3866,1.0
953,Volatile,1,36.2321,36.2321,0.2
953,Volatile,2,29.62,30.9424,0.4
953,Volatile,3,66.4805,54.6345,0.6
953,Volatile,4,67.8495,62.1859,0.8
953,Volatile,5,48.2783,55.2321,1.0
953,Volatile,6,52.578,54.0525,1.0
953,Volatile,7,100.0,74.4736,1.0
953,Volatile,8,87.5168,80.2706,1.0
953,Volatile,9,44.7679,64.4916,1.0
953,Volatile,10,61.153,63.0078,1.0
953,Volatile,11,78.1201,69.7244,1.0
953,Volatile,12,57.471,64.2784,1.0
953,Volatile,13,53.8261,59.6329,1.0
953,Volatile,14,63.2351,61.2339,1.0
953,Volatile,15,91.8132,74.8247,1.0
953,Volatile,16,93.628,83.1817,1.0
953,Volatile,17,55.2911,70.7859,1.0
953,Volatile,18,79.211,74.5304,1.0
953,Volatile,19,69.8718,72.4599,1.0
953,Volatile,20,49.8353,62.4045,1.0
954,Volatile,1,64.0585,64.0585,0.2
954,Volatile,2,44.7153,48.584,0.4
954,Volatile,3,93.2611,78.3687,0.6
954,Volatile,4,100.0,90.7295,0.8
954,Volatile,5,61.7885,76.259,1.0
954,Volatile,6,57.0184,67.7076,1.0
954,Volatile,7,91.0919,78.1006,1.0
954,Volatile,8,94.323,85.3106,1.0
954,Volatile,9,47.7118,68.6,1.0
954,Volatile,10,67.0391,67.9063,1.0
954,Volatile,11,68.8212,68.3129,1.0
954,Volatile,12,54.5845,62.2114,1.0
954,Volatile,13,77.7196,69.1039,1.0
954,Volatile,14,56.0011,63.2805,1.0
954,Volatile,15,59.1948,61.4646,1.0
954,Volatile,16,67.9731,64.3573,1.0
954,Volatile,17,40.2188,53.6291,1.0
954,Volatile,18,28.8709,42.6254,1.0
954,Volatile,19,88.3654,62.9543,1.0
954,Volatile,20,55.1935,59.5051,1.0
955,Volatile,1,100.0,100.0,0.2
955,Volatile,2,100.0,100.0,0.4
955,Volatile,3,59.8704,73.247,0.6
955,Volatile,4,100.0,88.5344,0.8
955,Volatile,5,88.7515,88.6429,1.0
955,Volatile,6,57.0937,74.6211,1.0
955,Volatile,7,18.3632,49.6176,1.0
955,Volatile,8,83.7631,64.7934,1.0
955,Volatile,9,70.6259,67.3856,1.0
955,Volatile,10,78.6272,72.3819,1.0
955,Volatile,11,65.4233,69.2892,1.0
955,Volatile,12,47.1229,59.4375,1.0
955,Volatile,13,61.4595,60.3361,1.0
955,Volatile,14,84.1327,70.9124,1.0
955,Volatile,15,62.9125,67.3569,1.0
955,Volatile,16,62.7916,65.3279,1.0
955,Volatile,17,39.6123,53.8987,1.0
955,Volatile,18,71.824,61.8655,1.0
955,Volatile,19,47.7614,55.597,1.0
955,Volatile,20,88.3705,70.163,1.0
956,Volatile,1,55.318,55.318,0.2
956,Volatile,2,64.0859,62.3323,0.4
956,Volatile,3,100.0,87.4441,0.6
956,Volatile,4,63.8685,73.9723,0.8
956,Volatile,5,61.1885,67.5804,1.0
956,Volatile,6,81.7124,73.8613,1.0
956,Volatile,7,34.2948,56.2762,1.0
956,Volatile,8,95.0162,73.494,1.0
956,Volatile,9,89.8788,80.7761,1.0
956,Volatile,10,80.489,80.6485,1.0
956,Volatile,11,2.4581,45.8972,1.0
956,Volatile,12,64.8118,54.3037,1.0
956,Volatile,13,44.5427,49.9655,1.0
956,Volatile,14,92.4821,68.8618,1.0
956,Volatile,15,91.0512,78.7237,1.0
956,Volatile,16,77.7602,78.2955,1.0
956,Volatile,17,45.9378,63.9143,1.0
956,Volatile,18,99.8859,79.9017,1.0
956,Volatile,19,64.7548,73.1697,1.0
956,Volatile,20,100.0,85.0943,1.0
957,Volatile,1,75.3077,75.3077,0.2
957,Volatile,2,80.1362,79.1705,0.4
957,Volatile,3,60.7939,66.9194,0.6
957,Volatile,4,98.1391,84.7592,0.8
957,Volatile,5,82.1687,83.464,1.0
957,Volatile,6,98.8578,90.3057,1.0
957,Volatile,7,73.5508,82.8591,1.0
957,Volatile,8,69.0592,76.7258,1.0
957,Volatile,9,81.9026,79.0266,1.0
957,Volatile,10,98.8508,87.8374,1.0
957,Volatile,11,90.3347,88.9473,1.0
957,Volatile,12,72.7645,81.7549,1.0
957,Volatile,13,32.8556,60.0219,1.0
957,Volatile,14,86.2077,71.66,1.0
957,Volatile,15,41.2259,58.1338,1.0
957,Volatile,16,70.7001,63.7188,1.0
957,Volatile,17,67.6847,65.4814,1.0
957,Volatile,18,41.6446,54.8873,1.0
957,Volatile,19,77.4501,64.9152,1.0
957,Volatile,20,100.0,80.5084,1.0
958,Volatile,1,63.7479,63.7479,0.2
958,Volatile,2,85.3176,81.0037,0.4
958,Volatile,3,100.0,93.6679,0.6
958,Volatile,4,87.2523,90.0018,0.8
958,Volatile,5,57.1031,73.5525,1.0
958,Volatile,6,74.7403,74.0804,1.0
958,Volatile,7,79.6156,76.5405,1.0
958,Volatile,8,98.6763,86.3786,1.0
958,Volatile,9,94.281,89.8908,1.0
958,Volatile,10,14.6023,56.4292,1.0
958,Volatile,11,52.8759,54.85,1.0
958,Volatile,12,68.5995,60.9609,1.0
958,Volatile,13,49.6943,55.9535,1.0
958,Volatile,14,0.0,31.0853,1.0
958,Volatile,15,55.4876,41.9308,1.0
958,Volatile,16,69.9278,54.3739,1.0
958,Volatile,17,59.4943,56.6496,1.0
958,Volatile,18,50.0611,53.7214,1.0
958,Volatile,19,70.8293,61.3249,1.0
958,Volatile,20,76.8618,68.2302,1.0
959,Volatile,1,60.6281,60.6281,0.2
959,Volatile,2,97.4349,90.0735,0.4
959,Volatile,3,71.1543,77.4607,0.6
959,Volatile,4,52.5697,63.2373,0.8
959,Volatile,5,47.5093,55.3733,1.0
959,Volatile,6,65.7406,59.981,1.0
959,Volatile,7,92.2684,74.3309,1.0
959,Volatile,8,53.5262,65.0844,1.0
959,Volatile,9,81.9176,72.5658,1.0
959,Volatile,10,71.8911,72.266,1.0
959,Volatile,11,100.0,84.5922,1.0
959,Volatile,12,77.805,81.5757,1.0
959,Volatile,13,56.0355,70.2245,1.0
959,Volatile,14,84.7274,76.6702,1.0
959,Volatile,15,85.4004,80.5503,1.0
959,Volatile,16,62.0598,72.3323,1.0
959,Volatile,17,46.7201,60.9491,1.0
959,Volatile,18,80.7207,69.7365,1.0
959,Volatile,19,71.2703,70.4182,1.0
959,Volatile,20,39.669,56.7519,1.0
960,Volatile,1,75.0904,75.0904,0.2
960,Volatile,2,57.2601,60.8262,0.4
960,Volatile,3,39.688,46.734,0.6
960,Volatile,4,62.9577,56.0047,0.8
960,Volatile,5,95.6584,75.8315,1.0
960,Volatile,6,94.1612,83.9781,1.0
960,Volatile,7,88.935,86.1812,1.0
960,Volatile,8,75.3847,81.3827,1.0
960,Volatile,9,81.9159,81.6197,1.0
960,Volatile,10,71.9729,77.3322,1.0
960,Volatile,11,47.899,64.2508,1.0
960,Volatile,12,51.89,58.7571,1.0
960,Volatile,13,57.8564,58.3568,1.0
960,Volatile,14,98.0272,75.9881,1.0
960,Volatile,15,91.5338,82.8973,1.0
960,Volatile,16,48.4024,67.5662,1.0
960,Volatile,17,71.0678,69.1225,1.0
960,Volatile,18,61.9479,65.9338,1.0
960,Volatile,19,66.898,66.3623,1.0
960,Volatile,20,59.2791,63.2142,1.0
961,Volatile,1,98.1138,98.1138,0.2
961,Volatile,2,69.6219,75.3203,0.4
961,Volatile,3,74.3231,74.6555,0.6
961,Volatile,4,74.4852,74.5582,0.8
961,Volatile,5,49.4446,62.0014,1.0
961,Volatile,6,72.1711,66.5212,1.0
961,Volatile,7,91.2463,77.5102,1.0
961,Volatile,8,99.4538,87.2629,1.0
961,Volatile,9,47.0437,69.3877,1.0
961,Volatile,10,39.628,56.1612,1.0
961,Volatile,11,71.2427,62.8641,1.0
961,Volatile,12,92.1838,75.895,1.0
961,Volatile,13,77.1919,76.4714,1.0
961,Volatile,14,83.6059,79.6423,1.0
961,Volatile,15,42.795,63.2657,1.0
961,Volatile,16,58.5603,61.1744,1.0
961,Volatile,17,26.0778,45.5759,1.0
961,Volatile,18,67.1502,55.1645,1.0
961,Volatile,19,26.7156,42.5205,1.0
961,Volatile,20,96.6532,66.5795,1.0
962,Volatile,1,100.0,100.0,0.2
962,Volatile,2,72.8129,78.2503,0.4
962,Volatile,3,39.7485,52.5825,0.6
962,Volatile,4,77.5143,66.8292,0.8
962,Volatile,5,100.0,83.4146,1.0
962,Volatile,6,79.5147,81.6813,1.0
962,Volatile,7,93.6997,87.0228,1.0
962,Volatile,8,60.2967,75.1445,1.0
962,Volatile,9,52.5758,65.114,1.0
962,Volatile,10,68.5828,66.6557,1.0
962,Volatile,11,31.4659,51.0158,1.0
962,Volatile,12,100.0,72.7865,1.0
962,Volatile,13,72.793,72.7894,1.0
962,Volatile,14,87.3355,79.2543,1.0
962,Volatile,15,60.7698,71.039,1.0
962,Volatile,16,39.1383,56.8609,1.0
962,Volatile,17,98.5163,75.3744,1.0
962,Volatile,18,47.518,62.9938,1.0
962,Volatile,19,76.9768,69.2084,1.0
962,Volatile,20,78.8617,73.4988,1.0
963,Volatile,1,71.479,71.479,0.2
963,Volatile,2,54.3083,57.7425,0.4
963,Volatile,3,67.0074,63.9191,0.6
963,Volatile,4,50.999,56.5362,0.8
963,Volatile,5,86.1836,71.3599,1.0
963,Volatile,6,81.4309,75.8359,1.0
963,Volatile,7,69.572,73.0519,1.0
963,Volatile,8,58.633,66.6435,1.0
963,Volatile,9,100.0,81.4686,1.0
963,Volatile,10,43.9587,64.7975,1.0
963,Volatile,11,39.1077,53.3799,1.0
963,Volatile,12,68.3599,60.0376,1.0
963,Volatile,13,64.8391,62.1716,1.0
963,Volatile,14,91.9516,75.4072,1.0
963,Volatile,15,82.9223,78.7472,1.0
963,Volatile,16,70.5905,75.122,1.0
963,Volatile,17,80.0068,77.293,1.0
963,Volatile,18,79.6433,78.3376,1.0
963,Volatile,19,100.0,87.9653,1.0
963,Volatile,20,75.0673,82.2329,1.0
964,Volatile,1,56.3785,56.3785,0.2
964,Volatile,2,73.97,70.4517,0.4
964,Volatile,3,17.6264,35.2348,0.6
964,Volatile,4,69.347,54.7275,0.8
964,Volatile,5,91.8596,73.2936,1.0
964,Volatile,6,82.0437,77.1825,1.0
964,Volatile,7,75.9711,76.6441,1.0
964,Volatile,8,82.9848,79.4622,1.0
964,Volatile,9,92.0651,85.0635,1.0
964,Volatile,10,98.5047,91.0374,1.0
964,Volatile,11,78.9491,85.6648,1.0
964,Volatile,12,63.6778,75.8928,1.0
964,Volatile,13,23.7296,52.7091,1.0
964,Volatile,14,89.5635,69.0888,1.0
964,Volatile,15,80.3041,74.0734,1.0
964,Volatile,16,73.0532,73.62,1.0
964,Volatile,17,56.239,65.8951,1.0
964,Volatile,18,89.303,76.2986,1.0
964,Volatile,19,64.8553,71.2127,1.0
964,Volatile,20,69.3116,70.3677,1.0
965,Volatile,1,68.8802,68.8802,0.2
965,Volatile,2,78.997,76.9737,0.4
965,Volatile,3,47.0274,57.0095,0.6
965,Volatile,4,81.251,70.8618,0.8
965,Volatile,5,55.5822,63.222,1.0
965,Volatile,6,56.2839,60.1384,1.0
965,Volatile,7,87.7048,72.3901,1.0
965,Volatile,8,50.0994,62.4832,1.0
965,Volatile,9,87.6688,73.6768,1.0
965,Volatile,10,72.0273,72.9437,1.0
965,Volatile,11,37.0345,56.984,1.0
965,Volatile,12,97.2895,74.8976,1.0
965,Volatile,13,76.2051,75.4787,1.0
965,Volatile,14,77.8825,76.5471,1.0
965,Volatile,15,90.1448,82.5905,1.0
965,Volatile,16,99.9844,90.3211,1.0
965,Volatile,17,74.0205,83.0764,1.0
965,Volatile,18,82.3457,82.7517,1.0
965,Volatile,19,77.4237,80.3837,1.0
965,Volatile,20,63.1426,72.721,1.0
966,Volatile,1,38.3313,38.3313,0.2
966,Volatile,2,74.2984,67.105,0.4
966,Volatile,3,97.5788,87.4208,0.6
966,Volatile,4,81.6667,84.1327,0.8
966,Volatile,5,48.6515,66.3921,1.0
966,Volatile,6,91.9504,77.7514,1.0
966,Volatile,7,63.8106,71.5555,1.0
966,Volatile,8,28.1595,52.2684,1.0
966,Volatile,9,90.3581,69.1971,1.0
966,Volatile,10,51.0924,61.1506,1.0
966,Volatile,11,100.0,78.417,1.0
966,Volatile,12,92.9555,84.8785,1.0
966,Volatile,13,65.444,76.241,1.0
966,Volatile,14,79.1872,77.5504,1.0
966,Volatile,15,100.0,87.528,1.0
966,Volatile,16,90.0001,88.6267,1.0
966,Volatile,17,74.764,82.4655,1.0
966,Volatile,18,100.0,90.2586,1.0
966,Volatile,19,72.3516,82.3,1.0
966,Volatile,20,81.6363,82.005,1.0
967,Volatile,1,51.2757,51.2757,0.2
967,Volatile,2,36.5056,39.4596,0.4
967,Volatile,3,64.244,55.9825,0.6
967,Volatile,4,70.7682,64.4315,0.8
967,Volatile,5,76.5853,70.5084,1.0
967,Volatile,6,41.6046,57.6622,1.0
967,Volatile,7,83.2135,69.0183,1.0
967,Volatile,8,53.3923,62.0734,1.0
967,Volatile,9,82.1747,71.0073,1.0
967,Volatile,10,88.6985,78.8701,1.0
967,Volatile,11,62.0898,71.4122,1.0
967,Volatile,12,50.7236,62.2173,1.0
967,Volatile,13,100.0,79.0096,1.0
967,Volatile,14,87.4582,82.7645,1.0
967,Volatile,15,73.0395,78.4423,1.0
967,Volatile,16,99.3686,87.7429,1.0
967,Volatile,17,71.6652,80.5973,1.0
967,Volatile,18,57.5899,70.3717,1.0
967,Volatile,19,49.966,61.3025,1.0
967,Volatile,20,67.844,64.2098,1.0
968,Volatile,1,85.4344,85.4344,0.2
968,Volatile,2,97.7952,95.323,0.4
968,Volatile,3,70.4702,78.7545,0.6
968,Volatile,4,94.2625,87.6162,0.8
968,Volatile,5,65.7146,76.6654,1.0
968,Volatile,6,54.368,66.7555,1.0
968,Volatile,7,43.8737,56.5858,1.0
968,Volatile,8,59.8752,58.0478,1.0
968,Volatile,9,44.6269,52.0829,1.0
968,Volatile,10,100.0,73.3794,1.0
968,Volatile,11,78.7859,75.7823,1.0
968,Volatile,12,68.0877,72.3625,1.0
968,Volatile,13,100.0,84.6458,1.0
968,Volatile,14,43.9547,66.5609,1.0
968,Volatile,15,67.2571,66.8703,1.0
968,Volatile,16,100.0,81.5946,1.0
968,Volatile,17,67.1192,75.1611,1.0
968,Volatile,18,100.0,86.2006,1.0
968,Volatile,19,85.7121,85.9835,1.0
968,Volatile,20,96.1185,90.4879,1.0
969,Volatile,1,96.6979,96.6979,0.2
969,Volatile,2,70.032,75.3652,0.4
969,Volatile,3,60.2358,65.2789,0.6
969,Volatile,4,67.6912,66.6574,0.8
969,Volatile,5,50.2613,58.4594,1.0
969,Volatile,6,68.6807,63.0022,1.0
969,Volatile,7,69.9119,66.0732,1.0
969,Volatile,8,100.0,81.1518,1.0
969,Volatile,9,81.8655,81.469,1.0
969,Volatile,10,100.0,89.705,1.0
969,Volatile,11,26.8091,61.7513,1.0
969,Volatile,12,45.6591,54.5992,1.0
969,Volatile,13,62.8931,58.2854,1.0
969,Volatile,14,99.8499,76.7585,1.0
969,Volatile,15,67.8085,72.7807,1.0
969,Volatile,16,40.6435,58.4975,1.0
969,Volatile,17,65.0975,61.4308,1.0
969,Volatile,18,46.048,54.594,1.0
969,Volatile,19,42.1275,49.0533,1.0
969,Volatile,20,100.0,71.6963,1.0
970,Volatile,1,62.9678,62.9678,0.2
970,Volatile,2,73.4631,71.364,0.4
970,Volatile,3,68.1409,69.2153,0.6
970,Volatile,4,64.9701,66.7894,0.8
970,Volatile,5,53.1868,59.9881,1.0
970,Volatile,6,63.7873,61.6766,1.0
970,Volatile,7,76.7447,68.3736,1.0
970,Volatile,8,98.3727,81.7065,1.0
970,Volatile,9,88.9487,84.9253,1.0
970,Volatile,10,45.6187,67.4557,1.0
970,Volatile,11,89.7706,77.3734,1.0
970,Volatile,12,79.5088,78.3225,1.0
970,Volatile,13,57.5056,69.0705,1.0
970,Volatile,14,73.6419,71.1023,1.0
970,Volatile,15,81.4457,75.6994,1.0
970,Volatile,16,70.9411,73.5846,1.0
970,Volatile,17,79.6049,76.2603,1.0
970,Volatile,18,52.741,65.8072,1.0
970,Volatile,19,100.0,81.004,1.0
970,Volatile,20,31.4143,58.9641,1.0
971,Volatile,1,81.557,81.557,0.2
971,Volatile,2,77.3353,78.1796,0.4
971,Volatile,3,82.8589,81.2991,0.6
971,Volatile,4,55.8326,66.7468,0.8
971,Volatile,5,93.3839,80.0654,1.0
971,Volatile,6,67.8404,74.632,1.0
971,Volatile,7,46.2757,62.0292,1.0
971,Volatile,8,48.1038,55.8401,1.0
971,Volatile,9,72.4941,63.2419,1.0
971,Volatile,10,38.0696,52.0542,1.0
971,Volatile,11,100.0,73.3634,1.0
971,Volatile,12,90.9784,81.1923,1.0
971,Volatile,13,100.0,89.5513,1.0
971,Volatile,14,100.0,94.1952,1.0
971,Volatile,15,62.9619,80.3137,1.0
971,Volatile,16,52.6134,68.0025,1.0
971,Volatile,17,16.4445,45.0878,1.0
971,Volatile,18,61.8753,52.5489,1.0
971,Volatile,19,100.0,73.6383,1.0
971,Volatile,20,53.443,64.6626,1.0
972,Volatile,1,65.8016,65.8016,0.2
972,Volatile,2,58.9086,60.2872,0.4
972,Volatile,3,77.4999,71.7623,0.6
972,Volatile,4,95.7217,85.4534,0.8
972,Volatile,5,39.2158,62.3346,1.0
972,Volatile,6,43.0445,53.7612,1.0
972,Volatile,7,99.7324,74.1928,1.0
972,Volatile,8,84.6613,78.8455,1.0
972,Volatile,9,64.8124,72.6086,1.0
972,Volatile,10,100.0,84.7825,1.0
972,Volatile,11,42.6994,66.0789,1.0
972,Volatile,12,88.6243,76.0991,1.0
972,Volatile,13,68.6352,72.7818,1.0
972,Volatile,14,82.1309,76.937,1.0
972,Volatile,15,22.257,52.6347,1.0
972,Volatile,16,64.7859,58.0353,1.0
972,Volatile,17,84.7359,69.9022,1.0
972,Volatile,18,68.7334,69.3827,1.0
972,Volatile,19,95.106,80.8153,1.0
972,Volatile,20,94.4361,86.869,1.0
973,Volatile,1,50.8287,50.8287,0.2
973,Volatile,2,86.4799,79.3496,0.4
973,Volatile,3,50.1467,59.881,0.6
973,Volatile,4,71.0803,66.2806,0.8
973,Volatile,5,83.1226,74.7016,1.0
973,Volatile,6,53.2943,65.1873,1.0
973,Volatile,7,85.7385,74.3212,1.0
973,Volatile,8,59.8929,67.9086,1.0
973,Volatile,9,58.386,63.6763,1.0
973,Volatile,10,84.133,72.7682,1.0
973,Volatile,11,53.2805,64.107,1.0
973,Volatile,12,52.2633,58.8431,1.0
973,Volatile,13,90.8231,73.0565,1.0
973,Volatile,14,72.1711,72.663,1.0
973,Volatile,15,40.9176,58.5539,1.0
973,Volatile,16,87.1128,71.2468,1.0
973,Volatile,17,61.868,67.0784,1.0
973,Volatile,18,41.9397,55.9057,1.0
973,Volatile,19,19.8537,39.8826,1.0
973,Volatile,20,88.0683,61.2984,1.0
974,Volatile,1,52.8016,52.8016,0.2
974,Volatile,2,45.1231,46.6588,0.4
974,Volatile,3,82.7881,70.745,0.6
974,Volatile,4,86.1158,79.5283,0.8
974,Volatile,5,54.2579,66.8931,1.0
974,Volatile,6,88.2528,76.3863,1.0
974,Volatile,7,100.0,86.8813,1.0
974,Volatile,8,96.9333,91.3488,1.0
974,Volatile,9,93.8211,92.4476,1.0
974,Volatile,10,76.2826,85.2632,1.0
974,Volatile,11,61.1256,74.5354,1.0
974,Volatile,12,68.8823,72.0229,1.0
974,Volatile,13,78.8148,75.0415,1.0
974,Volatile,14,44.8498,61.623,1.0
974,Volatile,15,54.6124,58.5071,1.0
974,Volatile,16,41.445,50.924,1.0
974,Volatile,17,74.7037,61.4928,1.0
974,Volatile,18,71.6611,66.012,1.0
974,Volatile,19,56.9458,61.9826,1.0
974,Volatile,20,86.41,72.8392,1.0
975,Volatile,1,49.108,49.108,0.2
975,Volatile,2,56.2033,54.7842,0.4
975,Volatile,3,85.6105,75.3351,0.6
975,Volatile,4,88.5763,82.9015,0.8
975,Volatile,5,54.0855,68.4935,1.0
975,Volatile,6,74.6409,71.2257,1.0
975,Volatile,7,54.4239,63.7582,1.0
975,Volatile,8,66.0532,64.7782,1.0
975,Volatile,9,72.8767,68.3776,1.0
975,Volatile,10,81.2073,74.0797,1.0
975,Volatile,11,76.3512,75.0892,1.0
975,Volatile,12,75.4632,75.2555,1.0
975,Volatile,13,48.43,63.333,1.0
975,Volatile,14,77.7655,69.7475,1.0
975,Volatile,15,81.0213,74.7581,1.0
975,Volatile,16,83.7787,78.7672,1.0
975,Volatile,17,55.6096,68.475,1.0
975,Volatile,18,88.3117,77.2913,1.0
975,Volatile,19,43.6553,62.342,1.0
975,Volatile,20,61.3836,61.916,1.0
976,Volatile,1,64.4896,64.4896,0.2
976,Volatile,2,44.7518,48.6994,0.4
976,Volatile,3,64.1858,59.0236,0.6
976,Volatile,4,74.4296,67.8271,0.8
976,Volatile,5,33.4846,50.6558,1.0
976,Volatile,6,62.1062,55.7449,1.0
976,Volatile,7,35.032,46.5392,1.0
976,Volatile,8,100.0,70.2995,1.0
976,Volatile,9,74.2498,72.0552,1.0
976,Volatile,10,72.5166,72.2603,1.0
976,Volatile,11,74.6415,73.3186,1.0
976,Volatile,12,82.0904,77.2172,1.0
976,Volatile,13,89.5631,82.7042,1.0
976,Volatile,14,38.7289,63.1597,1.0
976,Volatile,15,96.2036,77.8458,1.0
976,Volatile,16,94.9165,85.4328,1.0
976,Volatile,17,68.6731,77.984,1.0
976,Volatile,18,67.6254,73.3802,1.0
976,Volatile,19,7.9448,44.2978,1.0
976,Volatile,20,45.1202,44.6633,1.0
977,Volatile,1,80.377,80.377,0.2
977,Volatile,2,94.0123,91.2853,0.4
977,Volatile,3,84.5767,86.8129,0.6
977,Volatile,4,68.4857,76.3402,0.8
977,Volatile,5,100.0,88.1701,1.0
977,Volatile,6,90.1035,89.0294,1.0
977,Volatile,7,62.1235,77.0712,1.0
977,Volatile,8,100.0,87.2618,1.0
977,Volatile,9,48.0767,69.8462,1.0
977,Volatile,10,40.5632,56.8315,1.0
977,Volatile,11,61.5779,58.941,1.0
977,Volatile,12,54.8272,57.1127,1.0
977,Volatile,13,62.7014,59.5965,1.0
977,Volatile,14,85.9618,71.3144,1.0
977,Volatile,15,69.3204,70.4282,1.0
977,Volatile,16,69.8341,70.1641,1.0
977,Volatile,17,71.1763,70.614,1.0
977,Volatile,18,23.7535,49.7871,1.0
977,Volatile,19,39.6948,45.3016,1.0
977,Volatile,20,62.2938,52.8537,1.0
978,Volatile,1,53.1414,53.1414,0.2
978,Volatile,2,65.3643,62.9197,0.4
978,Volatile,3,98.0826,86.3616,0.6
978,Volatile,4,68.511,76.1613,0.8
978,Volatile,5,43.5566,59.859,1.0
978,Volatile,6,54.138,57.3163,1.0
978,Volatile,7,100.0,76.2868,1.0
978,Volatile,8,100.0,86.826,1.0
978,Volatile,9,81.9175,84.6445,1.0
978,Volatile,10,38.7503,64.2471,1.0
978,Volatile,11,76.1361,69.5311,1.0
978,Volatile,12,77.6739,73.1501,1.0
978,Volatile,13,70.5108,71.9771,1.0
978,Volatile,14,58.5998,66.0316,1.0
978,Volatile,15,62.7474,64.572,1.0
978,Volatile,16,57.2057,61.2981,1.0
978,Volatile,17,47.0985,54.9872,1.0
978,Volatile,18,97.3198,73.8016,1.0
978,Volatile,19,87.6463,79.9548,1.0
978,Volatile,20,64.3014,72.9977,1.0
979,Volatile,1,77.0436,77.0436,0.2
979,Volatile,2,77.794,77.6439,0.4
979,Volatile,3,100.0,92.548,0.6
979,Volatile,4,87.4514,89.6356,0.8
979,Volatile,5,86.6954,88.1655,1.0
979,Volatile,6,70.7596,80.4296,1.0
979,Volatile,7,61.3115,71.9327,1.0
979,Volatile,8,97.6542,83.3645,1.0
979,Volatile,9,83.0454,83.2227,1.0
979,Volatile,10,53.4092,69.9722,1.0
979,Volatile,11,79.0773,74.0189,1.0
979,Volatile,12,86.7477,79.6762,1.0
979,Volatile,13,28.0834,56.746,1.0
979,Volatile,14,51.5523,54.4377,1.0
979,Volatile,15,77.2553,64.5789,1.0
979,Volatile,16,31.5108,49.8819,1.0
979,Volatile,17,34.6774,43.1244,1.0
979,Volatile,18,64.5908,52.665,1.0
979,Volatile,19,79.8309,64.7387,1.0
979,Volatile,20,80.7557,71.8574,1.0
980,Volatile,1,100.0,100.0,0.2
980,Volatile,2,71.6453,77.3162,0.4
980,Volatile,3,62.5469,67.47,0.6
980,Volatile,4,43.8528,53.9745,0.8
980,Volatile,5,62.3074,58.141,1.0
980,Volatile,6,84.1506,69.7008,1.0
980,Volatile,7,85.0544,76.5246,1.0
980,Volatile,8,75.2924,75.977,1.0
980,Volatile,9,80.9423,78.1838,1.0
980,Volatile,10,95.5277,85.8922,1.0
980,Volatile,11,71.5054,79.4981,1.0
980,Volatile,12,97.3464,87.4307,1.0
980,Volatile,13,55.4671,73.2246,1.0
980,Volatile,14,68.5342,71.14,1.0
980,Volatile,15,60.3833,66.3592,1.0
980,Volatile,16,85.8541,75.0236,1.0
980,Volatile,17,49.7103,63.7733,1.0
980,Volatile,18,63.5647,63.6806,1.0
980,Volatile,19,32.8065,49.9587,1.0
980,Volatile,20,81.8875,64.1493,1.0
981,Volatile,1,94.9358,94.9358,0.2
981,Volatile,2,88.2142,89.5585,0.4
981,Volatile,3,86.2526,87.3545,0.6
981,Volatile,4,86.788,87.0308,0.8
981,Volatile,5,83.9939,85.5123,1.0
981,Volatile,6,82.2879,84.0793,1.0
981,Volatile,7,83.5783,83.8566,1.0
981,Volatile,8,56.8864,71.8698,1.0
981,Volatile,9,65.9961,69.2593,1.0
981,Volatile,10,71.4049,70.2129,1.0
981,Volatile,11,63.2859,67.1342,1.0
981,Volatile,12,38.6738,54.4851,1.0
981,Volatile,13,45.2998,50.4028,1.0
981,Volatile,14,74.5995,61.1569,1.0
981,Volatile,15,88.1155,73.1385,1.0
981,Volatile,16,70.1868,71.8267,1.0
981,Volatile,17,100.0,84.3481,1.0
981,Volatile,18,51.6048,69.7955,1.0
981,Volatile,19,78.8988,73.8414,1.0
981,Volatile,20,95.8241,83.6115,1.0
982,Volatile,1,91.3135,91.3135,0.2
982,Volatile,2,83.1013,84.7438,0.4
982,Volatile,3,91.4051,89.1846,0.6
982,Volatile,4,71.1079,78.8551,0.8
982,Volatile,5,100.0,89.4275,1.0
982,Volatile,6,95.6632,92.1989,1.0
982,Volatile,7,52.9554,74.7574,1.0
982,Volatile,8,76.4314,75.5014,1.0
982,Volatile,9,39.0541,59.3026,1.0
982,Volatile,10,100.0,77.3903,1.0
982,Volatile,11,74.4846,76.0989,1.0
982,Volatile,12,96.9755,85.3774,1.0
982,Volatile,13,67.8128,77.5709,1.0
982,Volatile,14,32.8747,57.7059,1.0
982,Volatile,15,100.0,76.5033,1.0
982,Volatile,16,72.6218,74.7782,1.0
982,Volatile,17,49.9958,63.7638,1.0
982,Volatile,18,92.9152,76.72,1.0
982,Volatile,19,100.0,87.0667,1.0
982,Volatile,20,65.9512,77.682,1.0
983,Volatile,1,68.0152,68.0152,0.2
983,Volatile,2,74.7609,73.4118,0.4
983,Volatile,3,47.7806,56.3243,0.6
983,Volatile,4,56.1867,56.2456,0.8
983,Volatile,5,100.0,78.1228,1.0
983,Volatile,6,67.3559,73.3375,1.0
983,Volatile,7,53.2489,64.4092,1.0
983,Volatile,8,60.9592,62.8759,1.0
983,Volatile,9,91.4565,75.5784,1.0
983,Volatile,10,30.4821,55.5356,1.0
983,Volatile,11,75.093,64.2278,1.0
983,Volatile,12,100.0,80.1265,1.0
983,Volatile,13,100.0,88.9592,1.0
983,Volatile,14,81.4641,85.628,1.0
983,Volatile,15,96.3289,90.3839,1.0
983,Volatile,16,96.1365,92.9406,1.0
983,Volatile,17,67.483,81.6261,1.0
983,Volatile,18,88.4959,84.6793,1.0
983,Volatile,19,100.0,91.4885,1.0
983,Volatile,20,44.7248,70.7046,1.0
984,Volatile,1,81.533,81.533,0.2
984,Volatile,2,77.2295,78.0902,0.4
984,Volatile,3,72.0633,74.0723,0.6
984,Volatile,4,70.2927,71.9125,0.8
984,Volatile,5,74.6334,73.2729,1.0
984,Volatile,6,76.3114,74.6234,1.0
984,Volatile,7,92.3723,82.5118,1.0
984,Volatile,8,79.5303,81.1867,1.0
984,Volatile,9,66.4425,74.6337,1.0
984,Volatile,10,53.2016,65.1083,1.0
984,Volatile,11,60.5511,63.0829,1.0
984,Volatile,12,75.2233,68.4786,1.0
984,Volatile,13,55.8786,62.8786,1.0
984,Volatile,14,88.9175,74.4515,1.0
984,Volatile,15,78.6011,76.2958,1.0
984,Volatile,16,92.8705,83.6623,1.0
984,Volatile,17,57.2236,71.9118,1.0
984,Volatile,18,53.3786,63.6748,1.0
984,Volatile,19,92.7211,76.5843,1.0
984,Volatile,20,72.5991,74.8131,1.0
985,Volatile,1,65.9497,65.9497,0.2
985,Volatile,2,83.9732,80.3685,0.4
985,Volatile,3,83.229,82.2755,0.6
985,Volatile,4,44.8847,60.9093,0.8
985,Volatile,5,97.6929,79.3011,1.0
985,Volatile,6,61.7919,71.5192,1.0
985,Volatile,7,100.0,84.1773,1.0
985,Volatile,8,43.329,66.0225,1.0
985,Volatile,9,76.348,70.6116,1.0
985,Volatile,10,66.2876,68.6898,1.0
985,Volatile,11,30.4953,51.7145,1.0
985,Volatile,12,83.1642,65.6921,1.0
985,Volatile,13,31.5213,50.5051,1.0
985,Volatile,14,64.1667,56.5769,1.0
985,Volatile,15,92.0855,72.3585,1.0
985,Volatile,16,59.3993,66.5988,1.0
985,Volatile,17,51.9253,60.0773,1.0
985,Volatile,18,86.0071,71.6017,1.0
985,Volatile,19,65.0096,68.6719,1.0
985,Volatile,20,61.8988,65.6616,1.0
986,Volatile,1,95.4998,95.4998,0.2
986,Volatile,2,46.6544,56.4235,0.4
986,Volatile,3,60.8079,59.3464,0.6
986,Volatile,4,87.3289,75.3364,0.8
986,Volatile,5,45.3611,60.3487,1.0
986,Volatile,6,100.0,77.9715,1.0
986,Volatile,7,65.6631,72.5011,1.0
986,Volatile,8,87.4905,79.1631,1.0
986,Volatile,9,87.4487,82.8456,1.0
986,Volatile,10,66.9542,75.7828,1.0
986,Volatile,11,60.4198,68.9548,1.0
986,Volatile,12,69.1407,69.0374,1.0
986,Volatile,13,84.2537,75.8002,1.0
986,Volatile,14,50.2715,64.4541,1.0
986,Volatile,15,45.9348,56.2233,1.0
986,Volatile,16,99.6841,75.5392,1.0
986,Volatile,17,55.3029,66.5453,1.0
986,Volatile,18,77.0817,71.2281,1.0
986,Volatile,19,65.9559,68.8849,1.0
986,Volatile,20,66.8427,67.9773,1.0
987,Volatile,1,98.6078,98.6078,0.2
987,Volatile,2,68.2966,74.3589,0.4
987,Volatile,3,62.8635,66.6953,0.6
987,Volatile,4,64.6057,65.5012,0.8
987,Volatile,5,59.9308,62.716,1.0
987,Volatile,6,56.5982,59.997,1.0
987,Volatile,7,60.0111,60.0032,1.0
987,Volatile,8,100.0,77.7796,1.0
987,Volatile,9,84.2298,80.6463,1.0
987,Volatile,10,63.0961,72.8462,1.0
987,Volatile,11,89.6331,80.3071,1.0
987,Volatile,12,38.2561,61.6178,1.0
987,Volatile,13,97.5136,77.5714,1.0
987,Volatile,14,95.9031,85.7189,1.0
987,Volatile,15,100.0,92.066,1.0
987,Volatile,16,90.231,91.2505,1.0
987,Volatile,17,78.7447,85.6923,1.0
987,Volatile,18,95.8228,90.1948,1.0
987,Volatile,19,57.4838,75.6566,1.0
987,Volatile,20,62.0917,69.6277,1.0
988,Volatile,1,68.7151,68.7151,0.2
988,Volatile,2,97.3776,91.6451,0.4
988,Volatile,3,52.8824,65.8033,0.6
988,Volatile,4,50.7588,57.2064,0.8
988,Volatile,5,74.7308,65.9686,1.0
988,Volatile,6,84.3506,74.1384,1.0
988,Volatile,7,55.9384,66.0495,1.0
988,Volatile,8,83.4084,73.7645,1.0
988,Volatile,9,97.368,84.255,1.0
988,Volatile,10,94.0092,88.5902,1.0
988,Volatile,11,77.0659,83.4683,1.0
988,Volatile,12,68.188,76.6771,1.0
988,Volatile,13,100.0,87.0428,1.0
988,Volatile,14,70.3081,79.6052,1.0
988,Volatile,15,88.8071,83.6949,1.0
988,Volatile,16,100.0,90.9416,1.0
988,Volatile,17,86.7054,89.0588,1.0
988,Volatile,18,50.0582,71.7252,1.0
988,Volatile,19,45.2195,59.9449,1.0
988,Volatile,20,64.0474,61.7682,1.0
989,Volatile,1,84.19,84.19,0.2
989,Volatile,2,78.8957,79.9546,0.4
989,Volatile,3,100.0,93.3182,0.6
989,Volatile,4,78.7011,84.9656,0.8
989,Volatile,5,63.4512,74.2084,1.0
989,Volatile,6,47.3332,62.2638,1.0
989,Volatile,7,93.6087,76.1949,1.0
989,Volatile,8,69.8788,73.3877,1.0
989,Volatile,9,39.8772,58.4942,1.0
989,Volatile,10,70.4452,63.8057,1.0
989,Volatile,11,50.0852,57.7077,1.0
989,Volatile,12,61.4872,59.3875,1.0
989,Volatile,13,70.1238,64.1592,1.0
989,Volatile,14,51.8964,58.7091,1.0
989,Volatile,15,60.2475,59.3928,1.0
989,Volatile,16,55.1176,57.4927,1.0
989,Volatile,17,55.6542,56.6756,1.0
989,Volatile,18,49.8396,53.6374,1.0
989,Volatile,19,60.3447,56.6184,1.0
989,Volatile,20,52.106,54.6129,1.0
990,Volatile,1,81.7317,81.7317,0.2
990,Volatile,2,74.016,75.5591,0.4
990,Volatile,3,93.8943,87.7826,0.6
990,Volatile,4,100.0,94.764,0.8
990,Volatile,5,83.5465,89.1552,1.0
990,Volatile,6,78.9917,84.6381,1.0
990,Volatile,7,84.8067,84.7131,1.0
990,Volatile,8,79.3318,82.3214,1.0
990,Volatile,9,71.004,77.2914,1.0
990,Volatile,10,69.4135,73.7901,1.0
990,Volatile,11,49.5666,63.0241,1.0
990,Volatile,12,86.7784,73.5816,1.0
990,Volatile,13,69.3741,71.7116,1.0
990,Volatile,14,98.9904,83.8355,1.0
990,Volatile,15,88.3027,85.8209,1.0
990,Volatile,16,57.481,73.2254,1.0
990,Volatile,17,94.9338,82.8736,1.0
990,Volatile,18,18.7852,54.3898,1.0
990,Volatile,19,100.0,74.661,1.0
990,Volatile,20,43.2311,60.6922,1.0
991,Volatile,1,79.9022,79.9022,0.2
991,Volatile,2,78.5483,78.8191,0.4
991,Volatile,3,92.4743,87.9226,0.6
991,Volatile,4,63.4261,73.9246,0.8
991,Volatile,5,27.0896,50.5071,1.0
991,Volatile,6,63.4542,56.2614,1.0
991,Volatile,7,65.6168,60.4193,1.0
991,Volatile,8,29.0162,46.4624,1.0
991,Volatile,9,70.9074,57.3268,1.0
991,Volatile,10,48.483,53.3962,1.0
991,Volatile,11,82.9817,66.5453,1.0
991,Volatile,12,65.0784,65.8934,1.0
991,Volatile,13,100.0,81.0519,1.0
991,Volatile,14,64.8764,73.8628,1.0
991,Volatile,15,78.6078,75.9717,1.0
991,Volatile,16,65.7386,71.4236,1.0
991,Volatile,17,37.5346,56.3619,1.0
991,Volatile,18,65.9057,60.6036,1.0
991,Volatile,19,85.0683,71.4768,1.0
991,Volatile,20,82.0398,76.1715,1.0
992,Volatile,1,64.1346,64.1346,0.2
992,Volatile,2,40.8649,45.5188,0.4
992,Volatile,3,82.8892,70.4324,0.6
992,Volatile,4,78.3897,74.9794,0.8
992,Volatile,5,86.8682,80.9238,1.0
992,Volatile,6,64.5178,73.6322,1.0
992,Volatile,7,36.3125,57.0457,1.0
992,Volatile,8,80.6752,67.5477,1.0
992,Volatile,9,69.8171,68.5563,1.0
992,Volatile,10,97.8337,81.5685,1.0
992,Volatile,11,70.5747,76.6823,1.0
992,Volatile,12,69.0907,73.3083,1.0
992,Volatile,13,78.3451,75.5469,1.0
992,Volatile,14,58.0614,67.7755,1.0
992,Volatile,15,57.0973,63.0296,1.0
992,Volatile,16,68.0421,65.2574,1.0
992,Volatile,17,51.5919,59.1838,1.0
992,Volatile,18,65.4181,61.9546,1.0
992,Volatile,19,100.0,78.8637,1.0
992,Volatile,20,90.8527,84.1921,1.0
993,Volatile,1,76.1608,76.1608,0.2
993,Volatile,2,100.0,95.2322,0.4
993,Volatile,3,53.5021,67.4121,0.6
993,Volatile,4,100.0,86.0338,0.8
993,Volatile,5,60.7899,73.4119,1.0
993,Volatile,6,100.0,85.2288,1.0
993,Volatile,7,100.0,91.7938,1.0
993,Volatile,8,34.9354,66.5234,1.0
993,Volatile,9,99.3418,81.1094,1.0
993,Volatile,10,64.3218,73.6482,1.0
993,Volatile,11,58.6406,66.9782,1.0
993,Volatile,12,80.4928,72.9847,1.0
993,Volatile,13,49.8417,62.6989,1.0
993,Volatile,14,80.0399,70.406,1.0
993,Volatile,15,51.1841,61.863,1.0
993,Volatile,16,73.5416,67.0535,1.0
993,Volatile,17,96.7073,80.2329,1.0
993,Volatile,18,77.7304,79.1207,1.0
993,Volatile,19,62.8042,71.8689,1.0
993,Volatile,20,80.8282,75.8508,1.0
994,Volatile,1,41.8704,41.8704,0.2
994,Volatile,2,53.2228,50.9523,0.4
994,Volatile,3,61.3946,57.9138,0.6
994,Volatile,4,85.737,73.8128,0.8
994,Volatile,5,78.116,75.9644,1.0
994,Volatile,6,80.7033,78.0706,1.0
994,Volatile,7,69.4523,74.2403,1.0
994,Volatile,8,54.238,65.3504,1.0
994,Volatile,9,99.7623,80.6446,1.0
994,Volatile,10,56.0441,69.711,1.0
994,Volatile,11,78.3808,73.5643,1.0
994,Volatile,12,67.7579,70.9837,1.0
994,Volatile,13,81.2599,75.5509,1.0
994,Volatile,14,57.8903,67.7017,1.0
994,Volatile,15,91.0535,78.0803,1.0
994,Volatile,16,97.5656,86.7404,1.0
994,Volatile,17,89.8265,88.112,1.0
994,Volatile,18,73.1525,81.4633,1.0
994,Volatile,19,61.2975,72.5007,1.0
994,Volatile,20,100.0,84.7226,1.0
995,Volatile,1,50.1675,50.1675,0.2
995,Volatile,2,87.6246,80.1332,0.4
995,Volatile,3,76.6557,77.8149,0.6
995,Volatile,4,68.7493,72.6345,0.8
995,Volatile,5,73.7033,73.1689,1.0
995,Volatile,6,59.7957,67.2252,1.0
995,Volatile,7,78.5411,72.2545,1.0
995,Volatile,8,76.3365,74.0687,1.0
995,Volatile,9,100.0,85.5937,1.0
995,Volatile,10,91.4164,88.1816,1.0
995,Volatile,11,80.3177,84.6865,1.0
995,Volatile,12,81.5112,83.2753,1.0
995,Volatile,13,100.0,90.7085,1.0
995,Volatile,14,50.5915,72.8787,1.0
995,Volatile,15,66.3453,69.975,1.0
995,Volatile,16,31.8572,53.0338,1.0
995,Volatile,17,81.1755,65.5412,1.0
995,Volatile,18,86.9635,75.0622,1.0
995,Volatile,19,50.088,63.9626,1.0
995,Volatile,20,98.7016,79.4021,1.0
996,Volatile,1,55.6224,55.6224,0.2
996,Volatile,2,63.1506,61.645,0.4
996,Volatile,3,72.3913,68.8092,0.6
996,Volatile,4,100.0,86.6325,0.8
996,Volatile,5,52.836,69.7343,1.0
996,Volatile,6,75.8249,72.4412,1.0
996,Volatile,7,85.4968,78.2437,1.0
996,Volatile,8,81.3694,79.6329,1.0
996,Volatile,9,82.108,80.733,1.0
996,Volatile,10,85.23,82.7316,1.0
996,Volatile,11,58.9055,72.1423,1.0
996,Volatile,12,100.0,84.5235,1.0
996,Volatile,13,67.777,77.0806,1.0
996,Volatile,14,65.123,71.7661,1.0
996,Volatile,15,96.9525,82.9601,1.0
996,Volatile,16,57.3887,71.595,1.0
996,Volatile,17,76.4056,73.733,1.0
996,Volatile,18,55.5433,65.6487,1.0
996,Volatile,19,100.0,80.9159,1.0
996,Volatile,20,100.0,89.3977,1.0
997,Volatile,1,67.7952,67.7952,0.2
997,Volatile,2,80.3971,77.8768,0.4
997,Volatile,3,70.104,72.6949,0.6
997,Volatile,4,63.028,67.171,0.8
997,Volatile,5,72.3926,69.7818,1.0
997,Volatile,6,69.188,69.5179,1.0
997,Volatile,7,39.5867,56.2151,1.0
997,Volatile,8,75.2605,64.6797,1.0
997,Volatile,9,69.1541,66.6683,1.0
997,Volatile,10,76.244,70.9242,1.0
997,Volatile,11,68.4496,69.8244,1.0
997,Volatile,12,62.7932,66.6994,1.0
997,Volatile,13,87.4982,75.9433,1.0
997,Volatile,14,80.6627,78.0408,1.0
997,Volatile,15,97.9209,86.8764,1.0
997,Volatile,16,79.8946,83.7734,1.0
997,Volatile,17,66.0479,75.8954,1.0
997,Volatile,18,82.3354,78.7576,1.0
997,Volatile,19,30.3877,57.2599,1.0
997,Volatile,20,100.0,76.2555,1.0
998,Volatile,1,75.4876,75.4876,0.2
998,Volatile,2,100.0,95.0975,0.4
998,Volatile,3,52.6131,66.7746,0.6
998,Volatile,4,47.6471,55.8446,0.8
998,Volatile,5,77.3167,66.5806,1.0
998,Volatile,6,77.2507,71.3229,1.0
998,Volatile,7,76.7649,73.7416,1.0
998,Volatile,8,73.7165,73.7304,1.0
998,Volatile,9,57.4377,66.4892,1.0
998,Volatile,10,40.2929,54.8464,1.0
998,Volatile,11,75.663,64.0982,1.0
998,Volatile,12,44.3482,55.3204,1.0
998,Volatile,13,42.4599,49.6046,1.0
998,Volatile,14,62.3874,55.2858,1.0
998,Volatile,15,78.6132,65.6535,1.0
998,Volatile,16,100.0,80.9186,1.0
998,Volatile,17,89.5852,84.7704,1.0
998,Volatile,18,98.6644,90.9455,1.0
998,Volatile,19,83.0732,87.4467,1.0
998,Volatile,20,77.3371,82.9535,1.0
999,Volatile,1,100.0,100.0,0.2
999,Volatile,2,43.5429,54.8343,0.4
999,Volatile,3,61.7354,59.435,0.6
999,Volatile,4,63.2964,61.6415,0.8
999,Volatile,5,87.8711,74.7563,1.0
999,Volatile,6,50.4245,63.9422,1.0
999,Volatile,7,85.2686,73.4206,1.0
999,Volatile,8,81.593,77.0528,1.0
999,Volatile,9,86.2669,81.148,1.0
999,Volatile,10,85.9045,83.262,1.0
999,Volatile,11,100.0,90.7011,1.0
999,Volatile,12,69.0158,81.0632,1.0
999,Volatile,13,80.6032,80.8587,1.0
999,Volatile,14,55.269,69.4855,1.0
999,Volatile,15,50.7041,61.1382,1.0
999,Volatile,16,100.0,78.4101,1.0
999,Volatile,17,53.7576,67.4535,1.0
999,Volatile,18,82.8262,74.2858,1.0
999,Volatile,19,80.6209,77.1014,1.0
999,Volatile,20,93.4996,84.3895,1.0
